"","MEblack","MEfloralwhite","MEorange","MEsienna3","MEdarkturquoise","MElightcyan1","MEpaleturquoise","MEdarkmagenta","MEwhite","MElightcyan","MEplum1","MEcyan","MEroyalblue","MEgreenyellow","MEgrey60","MEdarkolivegreen","MEpurple","MEyellowgreen","MEpink","MEskyblue","MEdarkgreen","MEivory","MElightsteelblue1","MEskyblue3","MEgrey"
"ERR7738945",-0.0139118831971205,-0.0455012994110607,-0.026447727404133,0.00129162021167224,0.0247122714189654,0.0805902158576483,0.028889070671848,-0.0288469382912394,-0.00737794911222056,0.0848319106086497,-0.0229541996852706,0.0167173592867388,-0.00681094898773047,0.0216944826549337,-0.00574425812937788,0.0144547311434625,-0.0187238144343582,0.0182360268543604,-0.0472386149990733,-0.0370374209919899,-0.00239667981178902,-0.00963714603714188,-0.0130930324193142,-0.00877075277508543,0.0813801272969278
"ERR7738946",-0.0133543946517359,-0.0471664577110307,-0.0273085460756397,0.000917809824753826,0.0248167473083614,0.0802851571381482,0.0278962328233052,-0.0283650078664432,-0.00616129061288007,0.0855976476549604,-0.0260848444940398,0.0155358713246014,-0.00976822223580803,0.0202890229677495,-0.00693223372712304,0.0135077885782887,-0.0194617702030551,0.0193394818352612,-0.0468504094745059,-0.0371969416812,-0.00404883191448699,-0.0114526298312762,-0.0113924470523323,-0.0101898949269945,0.071958905475125
"ERR7738947",0.00439004605622895,-0.0278135220438131,-0.0340223733561199,-0.0325387559468808,0.032296600565114,0.0636540521724426,0.0411865959466913,0.00710673774618515,0.00941091887012698,0.0734606771258919,-0.0300306709204559,0.0145650085705392,-0.196320488246582,-0.00846084745326792,0.0548779384187027,0.0126516385050504,-0.0234076913191446,0.0251184693387444,-0.0404692074057074,-0.0380054300193201,0.000801044701056797,-0.00646083798959288,-0.0186347209020811,-0.00765117453808443,0.110142589278737
"ERR7738939",0.0358654376773265,0.0145626926022623,-0.0373181904646801,-0.0152443910182955,0.0185343198856929,0.00944078125622109,0.0795864399541286,0.0578464110649044,0.0127310994269372,0.0707754488163282,-0.0177760721166863,-0.00163637493791477,-0.052843070944913,-0.0329409663138117,-0.0150731101581189,-0.0467316868082452,-0.0263772663587566,0.0143398150194519,0.00234217583476155,-0.0280686656854509,-0.0105601744507955,-0.00935126183535355,-0.0165311479773518,-0.0150082435407779,0.027577315628381
"ERR7738940",0.035840645619178,0.0101386155872836,-0.0352027812056186,-0.0141210439489558,0.0190041916205113,0.0109300616529725,0.0766676501795068,0.0573040690512507,0.0143489963257726,0.0715215953900589,-0.0172242607400074,0.00476073102914915,-0.0567278467442826,-0.0303309288455014,0.0138419225667197,-0.0452217437750203,-0.0262155650443329,0.0138183103592408,0.00274374610957224,-0.0299409241915667,-0.0105524618992915,-0.0109022614409376,-0.0136761777538507,-0.0126323250429301,0.0290606695016115
"ERR7738941",0.0399863508361486,0.00933448076510818,-0.0445700005425953,-0.0106335345689032,0.02770595090752,0.00694204846161412,0.095414263231074,0.0475944507057324,0.0131609057008174,0.0656783202482049,-0.0190511970693516,0.0034766465166139,-0.0515691989887381,-0.0300133948282752,0.00809847888628192,-0.0520634528551862,-0.0257216397778234,0.00925446187390856,0.00341119715811087,-0.0325432271439017,-0.0156480402582828,-0.0126222085561082,-0.0186670902815441,-0.0175571204120948,0.0201646855486669
"SRR8689382",0.0371783128052053,0.07768417293356,-0.0242286908030754,-0.0436856770277462,0.0223208202158093,0.0412284938080928,0.0565955096598299,-0.0437592152466879,-0.0289904114732293,-0.017893776006961,-0.0208271846282887,-0.0204592000111214,-0.0218462451070152,-0.118990294537616,-0.132043188738304,-0.00981249437820141,-0.0209633155524626,-0.122434272867657,-0.0903072163529619,-0.0524734311282403,-0.0200504109812607,-0.0141086609969336,-0.0188821221183587,-0.0201275468565603,0.0350869495397074
"SRR8689383",0.0374411723903635,0.0727872950335525,-0.0225923650034381,-0.0464796451077097,0.0200107934494806,0.0403153667919358,0.0548819007917645,-0.0454836684387857,-0.0315812591178049,-0.0183772739027202,-0.022656767203558,-0.0165649803090617,-0.000317341594045584,-0.117228373830845,-0.140430969835849,-0.0126266651840067,-0.0233905468149554,-0.116680322953027,-0.0883650602899114,-0.0527284842409681,-0.021110708005879,-0.0158893063746578,-0.017407170836396,-0.0187326483285189,0.024837028935488
"SRR8689384",0.0361083019640313,0.0713118979639652,-0.024110829675081,-0.0407678068799645,0.0193017261389118,0.0417770689437637,0.0549662568434169,-0.0447382493991923,-0.0295465406949926,-0.0196144982035734,-0.0201786097138099,-0.0216456288417192,0.0247314702614198,-0.119923103584056,-0.153286555112605,-0.0159580248339168,-0.0243091622877686,-0.121804850182435,-0.0888060293168876,-0.0529664689820227,-0.0201940261499377,-0.0135019413512644,-0.0155659243787166,-0.0203665381537681,0.0243455027140537
"SRR8689389",0.0108753179925977,0.0529228792891896,-0.0318341647995939,-0.0536391183706645,0.0456372153097039,0.0979685194763174,0.0322142911899771,-0.092855433107933,-0.0369705810002585,-0.0145078844731489,-0.0307590080256255,-0.0170584580986255,-0.0825690375018492,-0.0995487234523896,-0.0886786284781533,0.0660751507372886,-0.0144827175688732,-0.1409048256961,-0.122640903509571,-0.0632608741280073,-0.0119966206158683,-0.0142981809669806,-0.0178829002560161,-0.0185526274727366,0.0719582122017284
"SRR8689390",0.0100530859267346,0.0499655282327677,-0.0314358662784244,-0.0436656766984335,0.0398413490542849,0.0969992652040032,0.0338793851775884,-0.0908339667231525,-0.037008844089106,-0.0160274101452545,-0.0313509193077967,-0.0104327326050923,-0.0357778937385725,-0.101068824556544,-0.117452594635917,0.050236583279129,-0.0200699134098643,-0.143733319122629,-0.119623101542145,-0.0625565794025934,-0.0133931342694291,-0.0131735060388724,-0.0189291078632795,-0.0228713571603979,0.0495722880265129
"SRR8689394",0.0239810421368957,0.0600030527684971,-0.0279913950534252,-0.0489530114189073,0.0407650364601694,0.0882089297804064,0.0364186020141257,-0.0896954348391989,-0.0259218649511756,-0.018297947438031,-0.0343396132504085,-0.0182096312517693,-0.0932009091973049,-0.126019626452572,-0.0964495599030089,0.0627194167460094,-0.0149579912399895,-0.170805591506343,-0.119431686434818,-0.0651700318836615,-0.0136253084359734,-0.0124325636713284,-0.0203212456622644,-0.0177032720520369,0.0606447560327912
"SRR8689395",0.0225551051005772,0.0491337805802995,-0.0256044526760904,-0.0348051489574482,0.0309698460363189,0.0856154044136978,0.0363217427634795,-0.0891719470331496,-0.027731744021648,-0.0237034532262184,-0.0335160787072948,-0.016477944958586,0.0177980260645349,-0.128579125572959,-0.149308259819687,0.0466548541389009,-0.0241474965348457,-0.170846075252844,-0.117868182041376,-0.0653439119135152,-0.0168063689476112,-0.0135949723039775,-0.0203212456622644,-0.0237215878876003,0.0342611458544415
"SRR8689396",0.0218316590247904,0.0467102963991885,-0.026732801982511,-0.0352567834979223,0.0307037690990383,0.0855960993187247,0.0331384688560145,-0.0870986999212616,-0.0267675919970757,-0.0248873043479486,-0.030887571074637,-0.013264550094762,0.0294194098998076,-0.133893918477267,-0.160623172149899,0.0470766614151672,-0.0242419260162551,-0.16672413097287,-0.117739512740772,-0.0648854618012893,-0.0147801622444567,-0.0141508676997941,-0.018275862359181,-0.0231037092091031,0.0353949336619729
"SRR8689400",0.0684823932967713,0.101945676094245,-0.00756337734758817,-0.0303102274211887,-0.00921470415189624,-0.0444945079720201,0.0756647570088088,0.0222199314359182,-0.0237001391549141,-0.0357749376787356,-0.0177336019642414,-0.0132696368467862,-0.0441275580655194,-0.113253135245858,-0.129570846903931,-0.0612073039507225,-0.0202023777605066,-0.0660494885141616,-0.0445929667293653,-0.0338538071413206,-0.0155971583261666,-0.0140348950487442,-0.0203212456622644,-0.0152706031453386,0.0364681428449241
"SRR8689402",0.0692022940667983,0.102589734136289,-0.00843018949085607,-0.027887640659688,-0.0101769396728842,-0.0457143181865786,0.0750619583340692,0.0273067820511454,-0.0245103822802782,-0.036777677369871,-0.0200836986651674,-0.0165783826198057,-0.0397048312679436,-0.114873567798993,-0.136858339727962,-0.0598588542314347,-0.0183109201279477,-0.0641398361597258,-0.0444887043180328,-0.0346055363360907,-0.0171162025321385,-0.0144220541245621,-0.0125315812133204,-0.0138473912748808,0.029641986481022
"SRR8689407",0.0604256132721144,0.100574435242213,-0.0262385284598411,-0.0337588035952699,0.00910628697677753,-0.019678463879282,0.0945324383564919,-0.0125257363125854,-0.0151988692522087,0.00955610000144773,-0.0147007872700771,-0.00502024049960684,-0.0321973525376113,-0.155150057395086,-0.162237347003838,-0.0536991114955893,-0.028325013255258,-0.120466006557633,-0.0683240610840145,-0.0457029181804269,-0.0185678078327632,-0.0131957146372667,-0.0203212456622644,-0.014791737954306,0.0115966991469775
"SRR8689408",0.0605689754209387,0.101247234543381,-0.0299602925285285,-0.0331382892452685,0.0102572755154947,-0.0196453988077647,0.0951331611148029,-0.00857885126308576,-0.0156781382347662,0.0091741756659688,-0.0163578650885394,-0.0141693152752389,-0.0514072604775621,-0.153475211735122,-0.159235709763007,-0.051809628155833,-0.0310229199934589,-0.118827120115322,-0.0671934192247158,-0.0450671608824095,-0.0175880269265647,-0.0146126935621954,-0.0147186009332294,-0.0157478921961973,0.0246829085495241
"SRR8689412",0.0785409854871552,0.0978515935590343,0.000172041122404505,-0.0211576860683398,-0.0186026650330416,-0.0490514882010131,0.079723814902715,-0.00330742192955939,-0.0297993176211775,-0.0312184534578579,-0.0201437143908659,-0.0140742888804208,-0.0411514894060843,-0.0946654962369904,-0.109323512421296,-0.0631473040587167,-0.0234752970118938,-0.076586814344813,-0.0677620884340348,-0.042570236849112,-0.0221967548709372,-0.0171997816521787,-0.0169442102045846,-0.0181057693605736,0.0220579723679276
"SRR8689414",0.078647546386045,0.0971921118626558,-0.000995741216456439,-0.0280912710179971,-0.0168395583735412,-0.0492909507080705,0.0791526653470205,-0.00395903328897419,-0.0285676974777914,-0.0307714586245421,-0.0164503873912996,-0.0144610534161232,-0.0571884953351572,-0.0946592622643348,-0.103501206724923,-0.0612624653908441,-0.02130074267489,-0.0782593500335622,-0.0665807920836082,-0.041724673125202,-0.0193469591685103,-0.0144344331159993,-0.0145125233987794,-0.0203006575541505,0.0350249573315811
"SRR8689388",0.00913748526691125,0.0540927419914087,-0.0306933415504799,-0.0469990625889357,0.0369266624369868,0.0958564510084824,0.0323223920908215,-0.0922143095507239,-0.0402653121424246,-0.015997708494395,-0.02915698182507,-0.0173667500558943,-0.0253437221750899,-0.103940742934551,-0.126453432190612,0.049296239911632,-0.0218307859517479,-0.142834526027856,-0.11983000748465,-0.062112451883683,-0.0124132226368,-0.0161067400379792,-0.0190770270870197,-0.0244968874873157,0.0485001466661803
"SRR8689401",0.0700320126038094,0.102577796427066,-0.00745466862622429,-0.0335611300599792,-0.00550782010814441,-0.0440282310907829,0.0759724128517395,0.0280559571166857,-0.0234153960058584,-0.0341251982798876,-0.0185206663776477,-0.00984547768233663,-0.0785199743876645,-0.114477568404294,-0.117151683881845,-0.0529261709959197,-0.0164296076356009,-0.074564976836183,-0.0457590326315317,-0.0347591616751591,-0.0154521352495887,-0.0130386905750407,-0.0166270128895906,-0.01320667242813,0.0381808636873151
"SRR8689406",0.0606521511982705,0.101145192729691,-0.0253775057834271,-0.0297429210000302,0.0105333503586344,-0.0196376634081021,0.0943174076879985,-0.0100296549743897,-0.0137217391296395,0.0100617427196539,-0.0164785989342075,-0.0136498767763955,-0.0725902179679874,-0.152068484327766,-0.151464578140507,-0.0516326138993581,-0.0298503950524439,-0.117814556191467,-0.0672668553683638,-0.04453698693141,-0.0163018404326614,-0.0129906046578842,-0.0143809457824253,-0.0152094271048686,0.027265117023499
"SRR8689413",0.078270566659309,0.0986198481821205,-0.00275562213408922,-0.0235641932456799,-0.0155499395215623,-0.0483183879088744,0.0787418315792626,-0.00146393500960362,-0.0290278487509457,-0.0297893014776501,-0.0188699411631495,-0.013793239515812,-0.0672481836383376,-0.0955955187009521,-0.0986951639695804,-0.0602897708382328,-0.0213810151277031,-0.0771273005283565,-0.0664142499799263,-0.0421420918218466,-0.0179452832844278,-0.01503403081093,-0.0187164015831755,-0.0181733743352459,0.0395635650484587
"SRR8800677",0.106026647865764,0.0649797722570768,0.147119651265752,0.12558358617178,-0.172833440044675,-0.110582841714155,-0.0546741846070032,-0.063110142768169,-0.0692579146609864,-0.0636946827701755,-0.0342654647689857,-0.00698934476566559,0.0290991085870613,0.0592561896769667,-0.00449017658059832,-0.0859437633275908,-0.0262320715295492,-0.00037190440272898,-0.0895004034042021,-0.0470867857090918,-0.0347065738787334,-0.0199843922541396,-0.0203212456622644,-0.0337368381786968,-0.0787510961597422
"SRR8800678",0.108157129034789,0.0664201157012157,0.154111941897211,0.130642178257101,-0.172904255275589,-0.111947162628821,-0.062479662318307,-0.0650553072588097,-0.0704815968416724,-0.0646467030361847,-0.034308924131927,-0.001600227163212,0.0280852990806539,0.0611094265232272,-0.000427572595327918,-0.0842844142212786,-0.0318171557063404,-0.00930683134403808,-0.0959991343783637,-0.0472378403594839,-0.0378831528728934,-0.0190140370686486,-0.0203212456622644,-0.0300552052700468,-0.102639766298813
"SRR8800679",0.103800818887627,0.0639879839855022,0.147783666194281,0.123797929297755,-0.165454876131198,-0.106196693831641,-0.0540573398504037,-0.046887822213803,-0.0683393707879317,-0.0594019254592278,-0.0305332019156199,0.000171084675561174,0.03640491949109,0.0615806388727385,-0.00103168130379985,-0.079154478141002,-0.0277827527492689,0.000252083218691983,-0.0817409682066612,-0.0404732689549736,-0.0328131992758988,-0.0163308671924899,-0.0189873481412905,-0.0253638350085147,-0.0649701581205126
"SRR8800680",0.103424837870186,0.0633465240133296,0.147290716390394,0.125561140126724,-0.166622014532696,-0.107205878650226,-0.0583769651721805,-0.0526517288500778,-0.0684006048535947,-0.0602540107510867,-0.0217199155098253,0.00213445122065762,0.0326608478738398,0.0612923380517472,-0.000275612645184825,-0.0821712543111188,-0.0274164269546618,-0.00228548585587784,-0.0837464094867772,-0.0410404313440517,-0.0317986382473915,-0.0178348457371492,-0.0147126097456125,-0.0272820471405308,-0.0692307109386774
"SRR8800681",0.103027866888225,0.0680591860534093,0.146574101197706,0.124195460552155,-0.166306528605938,-0.106552656238404,-0.055244083245402,-0.0474079209873698,-0.0672526662113465,-0.0606593725505991,-0.0255911304611827,0.00145863476891954,0.0357813504011524,0.0593789586726284,-0.00121768808678615,-0.0850256233942922,-0.0285638762406489,-0.00182127128360472,-0.0833391630462689,-0.0419012180482035,-0.0317330734700643,-0.0159181719930865,-0.0203212456622644,-0.0294894051825681,-0.0656263815456771
"SRR8800682",0.0982206234670974,0.068909570569335,0.133427970482655,0.116005979905301,-0.156555896370254,-0.0967382430222974,-0.0497520238949154,-0.0528135473067747,-0.0557280188447284,-0.0581318048595698,-0.0232736924115002,-0.00780914728240727,0.0324766841577991,0.0592489290114722,-0.00684223256616646,-0.0780156776689253,-0.0345646142861794,-0.0189888395421849,-0.0895467719280102,-0.0461936313687378,-0.035634853880848,-0.0187568600405832,-0.0203212456622644,-0.0340018961533819,-0.0802116237966477
"SRR8800683",0.0986592310099478,0.0745669479383193,0.131828247919418,0.113732624065233,-0.158664136488578,-0.0976477397946456,-0.0542850507032712,-0.0650887650310352,-0.06102602415969,-0.0600255664605325,-0.0310033930380848,-0.00657645620907758,0.0280695380782848,0.0588980919132682,-0.0068345093516826,-0.073606509315155,-0.0331843472990476,-0.0173081202585717,-0.0901172344776157,-0.0474080853786768,-0.0369235098527366,-0.0192356403676056,-0.0203212456622644,-0.0390622311798046,-0.085111955559625
"SRR8800684",0.095321066751247,0.0686673770085583,0.130005166424339,0.112075145972469,-0.15065016785817,-0.0930069081136942,-0.0461892155347181,-0.0516442682542231,-0.0626220138868429,-0.0505794592032029,-0.0276492111659993,0.000674251522724865,0.0342558907005164,0.059171117026782,-0.00630730393504916,-0.0773064858684918,-0.0285939173547834,-0.0201793579840007,-0.0844683289455692,-0.0420950971800123,-0.0304476492563099,-0.0181418913532915,-0.0181837952113817,-0.0318282800455086,-0.0620517490010338
"SRR8800685",0.0960449017397054,0.0679680819178819,0.132147072228383,0.108737252395541,-0.151747276463589,-0.0933380265810659,-0.0473523507174665,-0.0533511465063763,-0.060210832123555,-0.0519178414365642,-0.0276195768461994,0.000947555291491115,0.0354623455386963,0.0583942423452462,-0.00705306155707026,-0.0783605597172943,-0.0329313970660376,-0.0162462472259421,-0.084246948600333,-0.0436391069831222,-0.0321516416134113,-0.0190171158209115,-0.0203212456622644,-0.0284594067775019,-0.0659372186255637
"SRR8800686",0.095986195030561,0.0715189383755926,0.13516189423029,0.115403515464203,-0.151434536587143,-0.0929597579909356,-0.0458317928237472,-0.05820686382365,-0.0611738402130856,-0.052253470443125,-0.0267099448561926,0.00140910009499759,0.0345350142674657,0.0598943280101136,-0.00627880158364628,-0.0726392517676539,-0.0307569859006386,-0.00999384033906626,-0.0850488306743698,-0.0427242798225959,-0.0316345864083207,-0.0162590126019336,-0.0203212456622644,-0.0316552561623521,-0.0538725741290494
"SRR8800687",0.0942503136909619,0.0770723671920152,0.135332034678643,0.121871405791715,-0.149323172170721,-0.079114308109955,-0.0474626434643017,-0.0683953353732691,-0.0607165463594787,-0.0487536418391245,-0.0271586014923513,-0.00107835712078595,0.0363330563596348,0.0440608962546043,-0.0234529687059817,-0.0736599241276027,-0.0354692493325817,-0.0485967998145027,-0.0999399352500528,-0.0502346832246043,-0.0362949150613346,-0.0195792311675443,-0.0203212456622644,-0.0345101124302454,-0.0823525229438164
"SRR8800688",0.0948023846550997,0.0793121454486724,0.124871362241935,0.128170924391073,-0.151144031232292,-0.0812434138154512,-0.0516830576173316,-0.0732685411921927,-0.0606046852650993,-0.0500021101605823,-0.0286141555093837,-0.0015284076906017,0.0428682141645669,0.0461014855862465,-0.029256500982768,-0.0699662079260616,-0.0325908003669481,-0.0652053696060371,-0.104679413191917,-0.0527632403712184,-0.0368029973604665,-0.0196680239946717,-0.0203212456622644,-0.0377627877201242,-0.0878005008925945
"SRR8800689",0.091467380434427,0.0743628623882933,0.126897658984049,0.115233905195448,-0.143873900778584,-0.0762220055097018,-0.0423939783260195,-0.0601897558239445,-0.0557156945623941,-0.0441631665206649,-0.0239550755364362,0.00386501555207989,0.0394603106064181,0.0475406884321189,-0.0220511949983568,-0.067362715749355,-0.034155533854147,-0.0453868430296368,-0.0929329441963136,-0.0457401929063351,-0.030673720947475,-0.0185359135070666,-0.0203212456622644,-0.0287735151166247,-0.0628226542756551
"SRR8800690",0.0908693957055577,0.0725231049787236,0.12504242703634,0.1124838628905,-0.144528981676469,-0.0747272656619318,-0.0435077558073888,-0.0588332152954521,-0.058003785100706,-0.0434384641922182,-0.0270310768264918,0.00149129788270631,0.0379798533468912,0.0466216862187173,-0.0245267602686852,-0.0670521150758402,-0.0333819432258882,-0.0434613272090765,-0.0939422888515999,-0.0450139958481358,-0.0303258543661896,-0.0165818332623526,-0.0168970366575068,-0.0297101327926093,-0.0482028052240287
"SRR8800691",0.0911937773376632,0.0712230573201968,0.126078305009227,0.121516752582197,-0.143695721776627,-0.0767956900223602,-0.0426666349090339,-0.0614583047857112,-0.053413724606006,-0.0446314447416843,-0.0244348459969128,0.00348126475726621,0.0365543208143149,0.0470696254630742,-0.023093429182993,-0.0706749947126941,-0.0335774662794854,-0.0405066286988437,-0.0949695259192858,-0.0465297248007383,-0.0309474408780728,-0.0154925485506653,-0.0180341988542569,-0.0334280857420168,-0.0591290610958306
"SRR8800692",0.0881097407359123,0.0443962856526218,0.11876333058852,0.104424960406701,-0.140246713933239,-0.0708862188639599,-0.0475165012031018,-0.0401345447142965,-0.0612765405335441,-0.0395484902765346,-0.0215274462279749,0.00991145759140237,0.0144102450215308,0.0610402151229104,0.0072030044390812,-0.0699257731193193,-0.0314767292869234,-0.0176797348523296,-0.0801815140816526,-0.0404284059568441,-0.0257738793560953,-0.0155662703377479,-0.0157768947562543,-0.0242757786183109,-0.0307923222217078
"SRR8800693",0.0748585428624919,0.0405471665336313,0.111818571514576,0.100641221605309,-0.123703448933878,-0.0372438276138869,-0.0514624438270249,-0.0513195589031821,-0.0539544601792687,-0.02538734559945,-0.0287963063738182,0.0104242247397453,0.012940598645988,0.0642381919934669,0.021877901741568,-0.0498481280031512,-0.0281067475867996,-0.0184706019265588,-0.082589066236877,-0.0430546988308579,-0.0251034558334014,-0.0163847339612999,-0.0194392445560709,-0.0265836337206241,-0.0261608348008361
"SRR8800694",0.0754124278655329,0.03439271943921,0.110374442565237,0.098436247104372,-0.124409621671329,-0.0371810494163424,-0.0507040940090129,-0.0499857313370683,-0.0529867905968991,-0.0272952866194828,-0.0281273225708714,0.00946015179492792,0.0145083581456447,0.0645172774581726,0.023981562295064,-0.0483773499419115,-0.0302016502097993,-0.0232193712547513,-0.0838725441351028,-0.0431917430183482,-0.0260635905637251,-0.0172781960064789,-0.014069732507989,-0.0275451305212037,-0.0297102648112224
"SRR8800695",0.0939458157060078,0.06515975714826,0.12815857973599,0.110207347744813,-0.150803619830834,-0.0880332091543805,-0.0520117758817562,-0.052936004312291,-0.0641438636084268,-0.0507318990384481,-0.0255936025386247,0.00940022572367029,0.0149043260821646,0.0619939119532032,-0.000767497525829527,-0.071586892166626,-0.0307295415350656,-0.0062929385167823,-0.0866319365709575,-0.0424348194616367,-0.0266641946786135,-0.0163376534041276,-0.0203212456622644,-0.0260037035123938,-0.0361145555767357
"SRR8800696",0.0952560242267647,0.0633113322918664,0.127871421025657,0.110835481356701,-0.151833310238417,-0.0883917839414398,-0.0492075105375298,-0.0603712438297427,-0.0657111599376666,-0.0522880353237122,-0.0202156039178991,0.010146216082834,0.0135890217253225,0.0628298442274806,-0.00248620087316801,-0.0747860829392899,-0.0320944104802109,-0.0106658541142634,-0.0883763932364366,-0.0429091783212411,-0.0293811942889814,-0.0155683859770923,-0.0203212456622644,-0.0281576929956445,-0.0451592345778752
"SRR8800697",0.0989838238431837,0.0594628848097552,0.135669407560342,0.116397231672686,-0.155636273140239,-0.0950895359196963,-0.0488547334610709,-0.0536845948460376,-0.0684181420737293,-0.0706143271263292,-0.0287560279858051,-0.00971393838947104,0.0328012915755447,0.062628622223942,-0.00840859334709703,-0.0756521212427724,-0.0312320492665374,-0.0185647841662816,-0.086679613858259,-0.0463375661536377,-0.0369614287759767,-0.0194797214491427,-0.0203212456622644,-0.0345202691483157,-0.0873919058329237
"SRR8800698",0.0987429596715155,0.0612454874758981,0.132646375349252,0.114751504092668,-0.15733186755797,-0.0946309142978998,-0.0518845535044711,-0.0602167126887283,-0.0668106724081009,-0.0689623304441638,-0.0306625848197277,-0.00614098736065298,0.0333986603607125,0.0646927140883454,-0.013910834663873,-0.0832724641172228,-0.0284412184170976,-0.0154293464052016,-0.0917948293049279,-0.046783302147129,-0.0394318325156915,-0.0191559422267675,-0.0203212456622644,-0.0382748855457872,-0.0814162017271511
"SRR8800699",0.0949172233414617,0.0657455678097396,0.127635694525473,0.108533731305183,-0.148883872547813,-0.0897440876769892,-0.0489596423661024,-0.0425782911285806,-0.0665821874028862,-0.0629932605288065,-0.025221112928513,0.000497261256276684,0.0353496922360128,0.0646017704119983,-0.00820533341262981,-0.0809270671890544,-0.0285299590420741,-0.00487668655666857,-0.0789720882204756,-0.0414024721312567,-0.0318999667060312,-0.0188796187885553,-0.0138537882519391,-0.0292372810190635,-0.0579728537418509
"SRR8800700",0.0947401458665486,0.0637011140392571,0.128600834796082,0.116255848229878,-0.149998291013987,-0.0886539387303879,-0.0481107576417305,-0.046480682908047,-0.065870191478723,-0.0646355258727508,-0.0280378474042298,0.000120831865690986,0.035852503981667,0.0634531813497833,-0.00952438171256329,-0.0818328912803056,-0.0299258849570501,-0.00740993815980558,-0.0801482794105855,-0.0413911516366217,-0.031850629319833,-0.0173242401213475,-0.0190424658237562,-0.0289503855754593,-0.0644739410053007
"SRR8800701",0.095412392492448,0.0614266749380074,0.129685180679888,0.112491696009646,-0.1500525147033,-0.0898418818215625,-0.0481328031193845,-0.0466136617408764,-0.066298578668545,-0.0655079805333202,-0.0253949695074114,0.000311792052756637,0.0372960292290506,0.0625593245897935,-0.0108029766108117,-0.0814377668098468,-0.0305446265743432,-0.00967874744509013,-0.0780558922984909,-0.0408160657554974,-0.032995885057275,-0.0184247034850351,-0.0190462604211927,-0.0295925718947113,-0.0597035721144508
"SRR8800702",0.0940102539093544,0.0827247418463466,0.123997491072267,0.112601707968667,-0.147548385124507,-0.0858415378850138,-0.046978907253961,-0.0551240525821214,-0.0609298300189428,-0.0690855032875514,-0.031082369325285,-0.00281584230152442,0.0272118441866626,0.0650004941403656,-0.0134519131215677,-0.0837908777331458,-0.0310808167314401,-0.00517379810770737,-0.0827578830544394,-0.0436370275387302,-0.0368634591627847,-0.0186109332661314,-0.0133279758868435,-0.0370046750318816,-0.0921692655489634
"SRR8800703",0.0942872291678453,0.0695352606452812,0.122796444449353,0.121397617098664,-0.149756853518131,-0.088040241668664,-0.0477394897914772,-0.0610024860580486,-0.0623385830054627,-0.0731884875918835,-0.0300957304127576,-0.00744778275960362,0.0306486043235879,0.0641435388887488,-0.0124106285994037,-0.0806619068958895,-0.0310124406999199,-0.0115868687027634,-0.0883095026363797,-0.0471648037162225,-0.0381625568558456,-0.0191004067988766,-0.0203212456622644,-0.040404503123154,-0.101203362245885
"SRR8800704",0.0903827028460052,0.075033791789087,0.122382207988553,0.111100098815983,-0.142112388535507,-0.0836939315056439,-0.044138438480294,-0.044237280237838,-0.0619768239133309,-0.0620753097455512,-0.026358573857328,0.000447745160252494,0.0301198212775197,0.0644855926327,-0.00928762627573699,-0.0784941964785055,-0.0281906838604842,-0.00552494148125542,-0.0779115859929708,-0.0404848844942144,-0.0313803179905853,-0.0183860665105717,-0.0203212456622644,-0.0310089285142483,-0.0649898541473931
"SRR8800705",0.0904112479936752,0.0759506745631073,0.117365890462502,0.107995646591335,-0.142405496899089,-0.0827328144648111,-0.0428942637856238,-0.0475351283263112,-0.0596965592657412,-0.0618081762685786,-0.0256433042592248,0.000749400405313668,0.0308081763427164,0.0646181827298739,-0.0121917160786915,-0.0757291627242596,-0.0294071927496498,-0.00206100149617863,-0.0745064345897471,-0.0397951985483881,-0.0311905994817965,-0.0179641073702542,-0.0160749167301964,-0.0307516887237449,-0.0609285798665874
"SRR8800706",0.0922056496005751,0.0730251669736664,0.118472184347542,0.110502906018289,-0.144303886170776,-0.0853224928233075,-0.0431799191431273,-0.0525222292498736,-0.0613214852330909,-0.0652443707188478,-0.0289697668532861,-0.00110385113929769,0.0332814228841282,0.0623363866173827,-0.0157516123980833,-0.0743102233669016,-0.0312290269980007,-0.00826728910885177,-0.0811431996422789,-0.0432463174341114,-0.0349193378010944,-0.0180543862477067,-0.0203212456622644,-0.0307132794377643,-0.0663050326823727
"ERR9604272",-0.0890402370315437,0.0131310765035035,0.112147874432,0.0388809782852798,-0.0113708396245393,-0.0793848183513783,-0.115628314529964,-0.060209045083676,-0.0637807858408257,-0.0616207699979568,-0.0210227750118335,-0.0234708327776133,0.0645890662110494,0.102396507611875,-0.0278183886493218,0.0905933694740106,0.155501235425887,0.104161104132527,0.0817536781064963,0.13748774885988,-0.0186228727531081,-0.00767572395280109,-0.00601291625428143,-0.0186345826790877,-0.0192913571319816
"ERR9604276",-0.084983407533647,0.0096791199504511,0.105564368655428,0.00651614973659706,-0.000635829439237802,-0.0871726329737156,-0.109912448786059,-0.0572808825968113,-0.0639178573767333,-0.0657048446315618,-0.0230007336653343,-0.0255544927865129,-0.0745110718771971,0.142278364620786,0.0745922887517485,0.0961694207441537,0.177535350393079,0.116087401191595,0.0828375892221139,0.140015762126002,-0.0136905685302501,-0.00426877572075027,-0.00717310544757944,-0.00865151452659825,0.0245243450773627
"ERR9604277",-0.0832642422779442,0.0189003146055795,0.104871410146009,0.0214702663213864,-0.00244864328264345,-0.085011759885458,-0.106133036233321,-0.0555480998971052,-0.0605200127480098,-0.0652687184111378,-0.0219286882318124,-0.024364897799212,-0.0242980752947059,0.130382729605512,0.0396902138813544,0.0948000622124936,0.173833417868424,0.110804698636948,0.0813549747530764,0.138556304903982,-0.0143660511216692,-0.00507261113177272,-0.00285471832290197,-0.00764007053086267,0.0168697295149071
"ERR9604278",-0.0853702356646275,0.0126076515034364,0.104627261436179,0.028431332730284,-0.00330243181171164,-0.083672169798346,-0.108587925604584,-0.0583506489576243,-0.0614613585107321,-0.0649114743027398,-0.0218885502685246,-0.0240683594462875,0.0163793579262819,0.126161686739341,0.0214967367439243,0.0945450384208621,0.178561549313979,0.110106869883062,0.0826547420299102,0.139882045263795,-0.0157134873307599,-0.00481285368458133,-0.00588796472361202,-0.000888462536211853,0.00148341024427577
"ERR9604282",-0.0868737192171712,0.0137564809183551,0.0762598713480152,0.014112291459421,0.000917012891125951,-0.0734580274933375,-0.0961805532311929,-0.0511293867465225,-0.0516394842707409,-0.0541372979368184,-0.0111769891426736,-0.0205466865707687,-0.00992669766079827,0.130816090455393,0.0428059661459796,0.087538904010466,0.139260757109568,0.122138294656113,0.0941752623536588,0.12654470832101,-0.00859183988281258,-0.00323170544338896,-0.0123727425343664,-0.00141423396799626,0.0270173628672275
"ERR9604283",-0.0842608740392264,0.0217184611848829,0.104265558927839,0.0319303656023976,-0.00868989722530908,-0.0745709917661963,-0.110817405322038,-0.0601592367999102,-0.0595247604678226,-0.0597964019634554,-0.0206680730897343,-0.020220630495047,0.0330505730611777,0.0960888347158286,-0.000139674165086177,0.0925205831726577,0.144965540794323,0.0942211771730875,0.0750583724761477,0.131994633515576,-0.0159485947336927,-0.00477608511040574,-0.00687799527316137,-0.0196912015513631,-0.0058594369844375
"ERR9604284",-0.0876888402024276,0.0140841624620282,0.0771277443249186,0.016023169630505,0.00111014269051403,-0.0715098836213382,-0.0953547422706038,-0.0508143594310912,-0.0508649907399695,-0.0528770460134749,-0.0128523464646712,-0.0218031742528193,0.0066770163928887,0.132023130956473,0.0401142698900969,0.0893506007439707,0.141331119769947,0.123851041551698,0.094312286835765,0.127236748094585,-0.010080544511618,-0.000772014824528041,-0.00425953104939357,-0.00620605121190616,0.0287340001128769
"ERR9604285",-0.0882943345047476,0.0167337323093661,0.0781152533549428,0.0187485255429829,0.000691840028364169,-0.0713267004646081,-0.0957006044869513,-0.0501643715586865,-0.0498104370796314,-0.053348870223022,-0.0106703155183886,-0.0203383927942079,0.0171691273893975,0.1307481263492,0.0319707985727308,0.0903620967479438,0.141449863609524,0.124198364540713,0.0937775213116424,0.128162767523869,-0.00926356151866563,-0.00288005230697933,-0.00198325503788691,-0.00372784080034684,0.0239006929095099
"ERR9604289",-0.0785172261616994,0.0403738708346898,0.0709426979837066,0.0321117770415628,-0.00132124031822639,-0.0514473816948624,-0.0972805149535527,-0.0280446252266072,-0.04317685043803,-0.0401120095550897,-0.0146810220098186,-0.01684427335806,0.0305412628741553,0.107612832018343,0.00530247101647949,0.1053454143229,0.132976083826025,0.11366073903584,0.0821453239073509,0.117821692543163,-0.0104874351194513,-0.00303949328638735,-0.0094680798392122,-0.00768221269187853,0.0181709754423434
"ERR9604290",-0.0650983972530646,0.0243490832448258,0.0624551825522155,0.0378901083967445,-0.00179938442343657,-0.0439833134901444,-0.0839072457522771,0.000796110523326491,-0.0338741565685302,-0.0373506414984309,-0.016728178990052,-0.00808261018760556,0.0343605110449127,0.102721691117103,0.00558460662525945,0.101733510335562,0.125985986395456,0.108010255440693,0.0781692791255299,0.107033966596746,-0.00756133214848039,-0.00471232474161937,-0.00955880936676954,0.00155918830051763,0.0246391432997662
"ERR9604291",-0.0709553014149555,0.0279800109370101,0.0647336164490204,0.0379233458419308,-0.00320760916128742,-0.0491014996740781,-0.0856775431210137,-0.0164220636010891,-0.0359176793523141,-0.040707304307076,-0.0138748519304516,-0.0175982233209112,0.0643991878436332,0.0990742430686994,-0.0278606978651259,0.0999786898172767,0.121082078787439,0.110046844528199,0.0809920318517609,0.111559797048316,-0.00922875479615157,-0.00684886759728761,-0.0122183715560811,-0.0035869137243747,0.00721077998710538
"ERR9604294",-0.0886984114474802,0.011006352860248,0.113703783945484,0.0395834651268352,-0.0125497538321278,-0.0812971971513271,-0.112198397009373,-0.0580761919115716,-0.0647953287234206,-0.0616588304976179,-0.0187183644552856,-0.0254757377680543,0.0678892584679644,0.109250852578299,-0.0259046438407016,0.0873349106881464,0.161627433553898,0.111737556461444,0.0842633726537243,0.139395000460039,-0.0163886526041041,-0.00589972929725592,-0.00325517314883514,-0.0127300087675975,-0.0150232467527391
"ERR9604296",-0.0962606116982537,0.0252891449534269,0.0713893936497536,0.0325528551008748,0.00871555004413499,-0.0359553113970121,-0.105212629652666,-0.0654960293280219,-0.0423763205202594,-0.0358440212232796,-0.019936338198627,-0.0200071176785588,0.0390648469590269,0.0904940467287948,-0.016701387258243,0.124908030827878,0.151070210353176,0.085314763308886,0.0712911312365812,0.124552856815497,-0.014965308813365,-0.00441024527118096,-0.00706192626937829,-0.0129425928733667,0.00348998201168611
"ERR9604297",-0.0999719541363638,0.0216618122598701,0.0622564295200175,0.0237362258082002,0.016169577305954,-0.0240354569702075,-0.107494826639923,-0.0689829902736702,-0.0371441372656173,-0.0273746535450488,-0.019213222936211,-0.01569848513394,0.00114429774102653,0.0912069112823071,0.0188197880865065,0.132994597435921,0.146626865111562,0.0850483813059499,0.0671801932858003,0.119907463414798,-0.0144322966620109,-0.00258738795239627,-0.0130062534608886,-0.00743452313143344,0.0153098118043216
"ERR9604298",-0.0988263703202673,0.0273184824760006,0.0691965257279084,0.0297190727439681,0.010962369018541,-0.0273387720060425,-0.1087954149599,-0.06557348097865,-0.0398136301770814,-0.0294634239012605,-0.021011373519484,-0.0171155293984336,0.0392398849548376,0.0882428582050606,-0.0192105961243815,0.130029645498107,0.146221743594105,0.0833958219619085,0.06792655338934,0.122632428699435,-0.0160873589276838,-0.0028781206812754,-0.0113114259647997,-0.00869223687136645,0.00348924289851663
"ERR9604338",-0.0860368705855462,0.0218356373928932,0.100863797870441,0.0258903838290466,-0.00351732988375966,-0.076679011624704,-0.10923702350845,-0.0620834227439766,-0.0592057643036726,-0.0643169576263777,-0.0242727486773125,-0.0253902707788823,0.0208999746228759,0.0972944068791967,-0.0038142659556982,0.0938707845935698,0.15028416920388,0.0994981688504769,0.075375077519119,0.13457293896925,-0.0174061245419344,-0.00513522642858291,-0.00430348417524233,-0.0211795940607548,-0.00439493001250176
"ERR9604342",-0.071974301971571,0.0180942789891358,0.10083172399714,0.0358467558885186,-0.00366472554636212,-0.0802628378674926,-0.103644763575497,-0.0318181042602705,-0.0471554202863945,-0.0623739674397397,-0.0202568718694927,-0.0206873606239304,-0.00219281986617312,0.11106697291697,0.0260314018906537,0.0894393556001417,0.157193219513554,0.105259306659126,0.0780524575849078,0.132243619221371,-0.0158417980912806,-0.00650514572903604,-0.0101577836409702,-0.00223039343957215,0.00331626677151195
"ERR9604343",-0.0625612371605166,0.025686773190586,0.0974436909781838,0.0384774624915286,-0.00732168602363773,-0.0774829362951373,-0.0980358903779345,-0.0225783851592102,-0.0430291612463061,-0.0626571447306147,-0.0214856009007467,-0.0223074784421649,0.02791871464466,0.0998087939984421,-0.00698715971969541,0.0874263675489083,0.146589045171264,0.0985131774942127,0.0759200283687018,0.128447555208744,-0.0149856433128227,-0.00453728431674951,-0.00977894846632929,-0.00832169812362497,-0.00144185196480924
"SRR10030449",0.0164922666706758,-0.0627936684154571,-0.0560675034917368,-0.0399874398872093,0.0473159477362219,0.0352643282771221,0.0690463106873156,0.0685177867751486,0.100564035257875,-0.0312727674846357,-0.0283723024937122,-0.036596251632894,0.023174233255812,-0.041424674882369,0.000874507677416308,-0.0218267591973502,-0.0379678188925028,0.0309691988388408,0.0439115562224066,-0.0325873392843061,-0.0286821572053308,-0.0167648573010171,-0.0203212456622644,-0.0196143142798965,-0.0754394012461826
"SRR10030450",0.0173086265465876,-0.0640885211220978,-0.0558925959511121,-0.0419326750914327,0.048622843598947,0.0352991064809742,0.0693097523257908,0.071617820268773,0.0980364577017104,-0.0293430658743264,-0.0291312829027301,-0.0345753184340203,0.0245488118422914,-0.0402422787586423,0.00262982444087362,-0.0216491532109552,-0.0403630885785957,0.0271115336950982,0.0420305321117834,-0.0331192966232506,-0.0267590951242462,-0.0160567688125197,-0.0203212456622644,-0.022034577675457,-0.0662506970184928
"SRR10030451",0.0167534578941812,-0.056089645513614,-0.0597608801157839,-0.0507430537869509,0.0474611783646189,0.0354944004217932,0.0689876681865828,0.0679156907964809,0.0980713608850316,-0.0297751213364386,-0.0287941436509383,-0.0359414293666923,0.0215508554450058,-0.0413749470897372,0.00275582822926386,-0.0190697048141776,-0.0396318298097395,0.0335566512742415,0.0430379760760792,-0.03421905595665,-0.027802510865079,-0.0157150816317759,-0.0203212456622644,-0.0261146600201415,-0.0756881724368591
"SRR10030452",0.0174515392996781,-0.0594927923839411,-0.0566526752275958,-0.0423814983426358,0.0470344059936225,0.0346437374674294,0.0705107393109829,0.068769136135801,0.0975766697482124,-0.0294417961228949,-0.0248647721738348,-0.0380650369719063,0.0239985457812695,-0.0402924023582815,0.00157501991053673,-0.0220580762436435,-0.0389906779934037,0.0331919311535716,0.043922921460554,-0.033593726903354,-0.0261991964988114,-0.0162060623466199,-0.0141820991394119,-0.0240302725581302,-0.0675603287900933
"SRR10030453",0.0172278960040167,-0.0627998757801896,-0.0556758092465874,-0.0413656554089354,0.0469431475870775,0.0346782997383892,0.0680766682479696,0.0653918316140589,0.101234252156712,-0.029277684905715,-0.0279095334426526,-0.0365018234265737,0.0227917892218401,-0.0412724368455905,0.00196941290466866,-0.0187022101499492,-0.0409150121910622,0.0294670053368838,0.0426025693090054,-0.0334771575474889,-0.0284238305280538,-0.0156211643865747,-0.0203212456622644,-0.0222744860032842,-0.0743474144902003
"SRR10030454",0.0164407263338822,-0.0632849743558528,-0.0598605731673254,-0.0433748610050944,0.0464175693812506,0.0362023400124231,0.0696980575359964,0.0688355793595279,0.100898629490152,-0.0291738628889872,-0.0280087805808433,-0.0376754099900868,0.0254529536330717,-0.0412089805181922,0.00159304690145396,-0.0198968730353263,-0.0383095303591842,0.0310679296621794,0.0429190817989445,-0.0331811314830286,-0.0283224089314871,-0.0137377291743797,-0.0203212456622644,-0.0230462852855405,-0.0674537693097846
"SRR10030455",0.0169159659650971,-0.0523778615909918,-0.0569253498359055,-0.0460747956402383,0.04620267505524,0.0340283289549885,0.0682507580539908,0.0678494867793029,0.100532471565133,-0.0303774786033406,-0.0286802642034849,-0.0371271300516497,0.0255594737038165,-0.041033309722451,0.00260536913669675,-0.0195593206376905,-0.040196912082443,0.0338102758603346,0.0427501574717549,-0.033551396497103,-0.0274718829561379,-0.0151937742273176,-0.0203212456622644,-0.0249131975360915,-0.067981170156931
"SRR10030456",0.0166591736415423,-0.0639070897775512,-0.0540530858394592,-0.0480438942756433,0.0471834865213602,0.0355797860944768,0.0689636260409029,0.0626296278806031,0.0993606544996244,-0.0295110751496553,-0.0280628633756232,-0.0347219826750167,0.0220968206236178,-0.0403715871000521,-0.00144160504571532,-0.0200642292142158,-0.0371277307667973,0.0275572961735213,0.0438765809383851,-0.0330685305208264,-0.0263501897962526,-0.0171052304142656,-0.0203212456622644,-0.0231738926693927,-0.0684320285105443
"SRR10030457",0.0171266472762732,-0.0574071824369616,-0.0560976785111228,-0.0433153171318812,0.047206779130567,0.0353416282964256,0.0684098781394373,0.0629257149485473,0.0967279725350351,-0.030005428564006,-0.0249521013373254,-0.0350945451984315,0.0236938027519917,-0.0399988105017804,0.00230976271012349,-0.0226392059212078,-0.0357213409047732,0.029245464555933,0.0437171904752784,-0.0326775548706614,-0.0288263177148806,-0.01646328880829,-0.0179880451197526,-0.0242280722837421,-0.0666234646819814
"SRR10030458",0.01703636537086,-0.0632182839389363,-0.0594855859815397,-0.04102470081912,0.0474405621116519,0.0345026761561834,0.0692963325948521,0.0715371869166356,0.102744130903707,-0.0299534351963814,-0.0293377616308542,-0.0360607004824332,0.025161565082968,-0.0399646151825825,0.00283575428983107,-0.0224915127314543,-0.0400318331941836,0.0266276321458484,0.0428868992200625,-0.0327169820896172,-0.0277894033675044,-0.0166602994727219,-0.0180849365086986,-0.0199139119338911,-0.0799278576844601
"SRR10030459",0.0172775682138629,-0.0558523472164873,-0.0582478648195734,-0.0419079167413336,0.0474913114056785,0.0360314353922921,0.0665728252990236,0.0690875245407148,0.0963959126706577,-0.0297561252421038,-0.0271956087787652,-0.0352603363059524,0.0215622609847936,-0.0401206505278889,0.0021348279723723,-0.0220637818673179,-0.0380944582462979,0.0290527244594176,0.0436146166265702,-0.032939134122295,-0.0284488297978929,-0.0149732781423185,-0.0203212456622644,-0.0237493191092836,-0.0646519467072161
"SRR10030460",0.0172170198426449,-0.0649188324694228,-0.0588669307351569,-0.0453556286573008,0.0476587220642987,0.0361745038914688,0.0704037353951014,0.0701473374039798,0.100228442258692,-0.0304009152880686,-0.0281013928527378,-0.0365062931779516,0.023744944645824,-0.0403543653082896,0.00191136887873948,-0.0242908238582974,-0.0378218715337353,0.0283854417770421,0.043601511137997,-0.0327717531599156,-0.0279750232773018,-0.0167821503464064,-0.0203212456622644,-0.0234573607736654,-0.0749032142715324
"SRR10030461",0.0172017609672335,-0.0664719717192484,-0.0570681456040284,-0.0388796637112035,0.0475052422473453,0.0357963201184091,0.0686967396523862,0.0706495320578857,0.0995722945049361,-0.0303961422949613,-0.0288039762099799,-0.0358190919473522,0.0220105739394135,-0.0390972881002264,0.00197692903631472,-0.0203392151074997,-0.0385572625436344,0.032095320101419,0.0434006178042742,-0.0323050621422412,-0.0253535350244638,-0.0166408819772079,-0.0203212456622644,-0.0252687120564165,-0.0747250474337288
"SRR10030462",0.0169612834853101,-0.0588898875207955,-0.0565258124910064,-0.0501320495887483,0.0472956274285127,0.0360471172771604,0.0691744114204314,0.0689573795224786,0.10055877925705,-0.0312424039410127,-0.0276220698617698,-0.0373018748843583,0.0251767920784664,-0.039870403201418,0.00563474231120431,-0.020516293425531,-0.0374702966193478,0.0335896959290767,0.0434753362244436,-0.0330327878298724,-0.0275417835447999,-0.0169317377080067,-0.0172289393130773,-0.0251821677674835,-0.0740688456936135
"SRR10030463",0.0169012257173025,-0.0649440154976744,-0.058783091110546,-0.0420793629606892,0.048153696282414,0.0353821821256765,0.0671067476708909,0.0678700072776564,0.10220093252933,-0.0306640290858843,-0.0313854424674775,-0.0324324806381211,0.0237654459421533,-0.0394092833824842,0.00290421771073336,-0.0201947333113922,-0.0383517917199546,0.0282843091600481,0.0414229323351979,-0.0337329811926017,-0.028760896381582,-0.0153584618452191,-0.0167963079364375,-0.0272851806179391,-0.0625112446244822
"SRR10030464",0.016633260809498,-0.0602471008505057,-0.0578781990516651,-0.0423432399545407,0.0477730820308751,0.0359575633942493,0.0692234715308318,0.0716284099689521,0.101878533325204,-0.0306684649026528,-0.0277675376044901,-0.0373988898780272,0.026738371620291,-0.0388562594277579,0.00309827580043126,-0.0219149933074752,-0.0362478785207098,0.0356244584869648,0.0426971096920324,-0.0334699411664965,-0.0289566037909096,-0.0174390818859173,-0.0127809494431276,-0.0272224321175614,-0.0637761280243704
"SRR10030465",0.0169517160365443,-0.063635019896095,-0.0553881664854821,-0.0431117962880202,0.0469210611441223,0.036558235464533,0.068072027795119,0.0689925980296503,0.100583429254617,-0.0314842030906944,-0.0218942673888467,-0.0347980847548244,0.0249038560317988,-0.0413807773787692,0.00269220055126866,-0.0210512585058597,-0.0396379772614662,0.0319724708604274,0.0430395000360934,-0.032908303033519,-0.0285895736592018,-0.0177880597848298,-0.0203212456622644,-0.0267568169700382,-0.0696990019847445
"SRR10030466",0.0177452278845575,-0.060718921107108,-0.0574264871912844,-0.0492349039675307,0.047326381721081,0.0358365297447311,0.0705024069794595,0.0696319211297224,0.103067598934521,-0.030614957006355,-0.0254268726899347,-0.0359492747469755,0.0241101769869685,-0.0378889914437783,-7.86217273011049e-05,-0.0191938976341652,-0.0373280461974137,0.0267565568573559,0.0430876659763105,-0.0330325696458737,-0.0278283065114965,-0.0166530765979736,-0.0203212456622644,-0.0263872342035728,-0.0669143096131022
"SRR10030467",0.0168804241907414,-0.0542260037467072,-0.0561622028092398,-0.0465591773551529,0.0465664602359578,0.0363638629260947,0.0696606615266428,0.0704758333872496,0.101413592480071,-0.0312977273737342,-0.0258723723909791,-0.0342252861117216,0.0224248572647246,-0.0419080967092452,0.00468855526357213,-0.0165217974415805,-0.0365248488040339,0.0323582090516938,0.0434121058918828,-0.0334090374469859,-0.0280717496627072,-0.0166812607935231,-0.0203212456622644,-0.0243883299764216,-0.0631111847148912
"SRR10030468",0.0173669039173248,-0.0591229803072304,-0.0563079915746184,-0.0483843606473716,0.0475628330233443,0.035572312222389,0.0676614944226016,0.0640564950612616,0.103481610976936,-0.0305354253897465,-0.0298469278497714,-0.0334527173925729,0.023601847513816,-0.0394444176138268,0.00350299364014047,-0.020086425776931,-0.039198023655633,0.027793852333664,0.0425785348862905,-0.033326284866415,-0.0281332104994875,-0.0155651798262706,-0.0172030935888685,-0.0229969422615408,-0.0733845377661735
"SRR10030469",0.0169658658635542,-0.0662112520064668,-0.0555046373627504,-0.039919934912796,0.0467568876858144,0.0357254549394321,0.06861889719119,0.0682145097556886,0.103273218723651,-0.0315063250875174,-0.0239411852341198,-0.0367573917440101,0.0225909171810243,-0.0396213468031381,7.71274953345817e-05,-0.0195700277956932,-0.0392389364148396,0.0291408891205031,0.0426957594027846,-0.0333116706488315,-0.0270632519613131,-0.0150827127237613,-0.0203212456622644,-0.0253822615604414,-0.0738228280700796
"SRR10030470",0.0170222455446492,-0.0621931256469525,-0.0552095321758606,-0.0426706153059602,0.0467464776422833,0.0345334698842272,0.0680983804891269,0.0664214850647618,0.101327883906112,-0.0294273017932292,-0.0269245294843713,-0.035237420848073,0.0236602944432776,-0.040328047728911,0.00126774995281942,-0.0194973485848211,-0.0365329403193012,0.0334557750839864,0.0430070942096279,-0.0326450987234678,-0.0284278577457433,-0.0153109489621761,-0.0203212456622644,-0.026314746000728,-0.0681661608097527
"SRR10030471",0.0170850256729597,-0.0642691925210915,-0.0581481837077216,-0.0383731791842535,0.0469886869669944,0.0362131950342132,0.0687071580400496,0.0705513995321074,0.0963263570663876,-0.0305916496901133,-0.0271089812116783,-0.0372157947026653,0.023840395010553,-0.0423110624768825,5.66114753049822e-05,-0.0203585869438571,-0.0402007625945568,0.03033563264348,0.0435363549762749,-0.0324991846352821,-0.0285266348847533,-0.0149499314682228,-0.0203212456622644,-0.0235016875117254,-0.0722429789040433
"SRR10030472",0.0172302687082074,-0.0650960177514804,-0.0537561132466088,-0.0459163165298426,0.0462908177887984,0.0346729498067286,0.0669579721036052,0.0701414536382017,0.102142069753674,-0.0292602318953409,-0.0276537551460299,-0.0349006943177754,0.0240769008904347,-0.0396146595316804,0.0016696597842607,-0.0200682276282121,-0.0375420232325258,0.0287753388222248,0.0435660834929575,-0.033366056887558,-0.0279306914800527,-0.0137371471428177,-0.0203212456622644,-0.0259066559354295,-0.0682928676256567
"SRR10030473",0.0170517040446584,-0.0643744736091408,-0.0566920224428035,-0.0411004595622374,0.0458945219113478,0.035348134072507,0.0712240866893045,0.0667982642068517,0.0977747853001619,-0.0294865888422009,-0.0243700181538963,-0.0344401770830982,0.0234259093756479,-0.0389313949146563,0.00158344136875774,-0.0218609291870314,-0.040883896417063,0.0298150047703678,0.0420081310918691,-0.0333686409720126,-0.0285032301775271,-0.0161171468014176,-0.0169032130959721,-0.0243537820335509,-0.0745631231789072
"SRR10030474",0.0168414839660964,-0.056837126705945,-0.0600789289834791,-0.0381641014633378,0.0467647281767119,0.0362046758851494,0.0699412055932254,0.0634711393923828,0.100165162321634,-0.0316827164738161,-0.0270627565119229,-0.0377412543215023,0.0263611103305463,-0.0398963181617397,0.00296812597920833,-0.0215796570000211,-0.036659315906992,0.0316867283565677,0.0434562323217779,-0.0329418229674514,-0.0263388294440992,-0.0144778114132554,-0.0180365081779132,-0.024338822014151,-0.0696861211048018
"SRR10030475",0.0173916791101142,-0.0574461973765669,-0.0560064121754144,-0.0441430793219748,0.0467401768494457,0.0348749013527406,0.0684367827735984,0.0670663990030926,0.0966405262836414,-0.0317715284821645,-0.0260670844817735,-0.0339048275362515,0.023536250347786,-0.0396852076322044,0.00107897204098539,-0.0203075331280603,-0.0371611480138894,0.0336102620719419,0.0436067938939211,-0.0346513207264869,-0.0270584925173015,-0.0165060046352511,-0.0203212456622644,-0.0259279529995503,-0.0708787293355856
"SRR10030476",0.0179667411684177,-0.0554497193988485,-0.0579032659766437,-0.0427898241526938,0.0487291658164958,0.0353030602012091,0.0694953513269213,0.0684876491068663,0.097897401375084,-0.0340442457533038,-0.0317506638091996,-0.0389537998915292,0.0230522640559218,-0.0429127653165545,0.00575127737706319,-0.0203053506251172,-0.0428000590252957,0.0317035506906769,0.0426594261007953,-0.0384677181333373,-0.0335243535673398,-0.0180944817661881,-0.0203212456622644,-0.0285803186698251,-0.0812893764874247
"SRR10030477",0.016924923593786,-0.060930086588984,-0.0596132302339787,-0.0425367023703681,0.0464749888512409,0.0352059927210447,0.0674449831267491,0.0732895621656832,0.10137038233515,-0.0304404616260704,-0.0304738456509641,-0.0367181275403006,0.022952808690516,-0.0389724661317733,0.00281024270547908,-0.0225093165675083,-0.0381306647979502,0.0314178087850843,0.044511408720078,-0.0332534109268025,-0.0282833679626958,-0.0161765114123981,-0.0203212456622644,-0.0201448722355075,-0.0706974346296626
"SRR10030478",0.016864241800807,-0.0615455153737616,-0.0552315601102581,-0.0380602639356769,0.0475617114908917,0.0356349163008717,0.0696609731549519,0.0633146356687482,0.0991692381870419,-0.0305715888052918,-0.0277739501118331,-0.037730502188194,0.0237156288667788,-0.0390412106139058,0.00303191687382818,-0.0211823751862415,-0.0387018224644031,0.0309246848617589,0.0430222109898655,-0.0340942253221139,-0.0262492138397554,-0.0162131408939893,-0.0120299898662451,-0.0217665991360025,-0.0859801199042797
"SRR10030479",0.0168134836911639,-0.0605403809619916,-0.0601541353700969,-0.0437008795702907,0.0482882336184161,0.035862930734222,0.069488957818627,0.0689514924854342,0.0993954555911568,-0.0307454869013179,-0.0292322853258828,-0.0340941239464541,0.0259189346050356,-0.0398417895378603,0.00183479252080732,-0.0163752313033977,-0.0390024166795954,0.033464561678773,0.0449922487214667,-0.0332615114077185,-0.0274741142453283,-0.015049842257642,-0.016800713562491,-0.0252442849054221,-0.0734237098377647
"SRR10030480",0.0172831092487013,-0.0582385205357755,-0.059107973847579,-0.0412802554550799,0.047001758191847,0.0348638597521191,0.0661527506753128,0.0672895595024661,0.101673265227792,-0.0297983595807423,-0.0298916331198844,-0.0356728756303293,0.0276197433427487,-0.0399044704573568,0.00151078342451996,-0.0239499636325615,-0.038603499680251,0.028118061297705,0.0424623997124694,-0.0332857900666157,-0.0274516548701486,-0.0149329456781284,-0.0203212456622644,-0.0257109219868288,-0.065437585611837
"SRR10030481",0.0173332169120471,-0.0616978733050593,-0.0590211541906671,-0.0417612813051667,0.0461111365307862,0.035754431227984,0.0703704549863163,0.0673480441328704,0.101288640508976,-0.0310732304331689,-0.0276456522405185,-0.0368210924534359,0.0238239260175762,-0.0429289911285742,-0.000569379918354935,-0.0177314466633544,-0.0363751185697282,0.0338071015452347,0.0435887607041748,-0.033363013852604,-0.0264701353773614,-0.016335891068813,-0.0203212456622644,-0.0261054584158091,-0.0737763980337643
"SRR10030482",0.0163959414176677,-0.0611540203886595,-0.0570044218677121,-0.0399895684341241,0.0483616007113732,0.035533103383152,0.0682997614135305,0.071590957560855,0.100163068078254,-0.0299086073670085,-0.0267492844307084,-0.0366925555525857,0.0248894714933595,-0.0395459442408299,0.000832536688933807,-0.0221735428444033,-0.0393747105029678,0.0220366376239237,0.0433453380238548,-0.0332623565907881,-0.0275749746075238,-0.0157712916247328,-0.0181055430130163,-0.0233928807690586,-0.0683834061154842
"SRR10030483",-0.00694123843030219,-0.0866242379915277,-0.0666869059903753,-0.0479756355681066,0.0704545611775101,0.0929845806410376,0.0476208488125688,0.0318476072330798,0.110335730624559,-0.0149806957383715,-0.0305452581218598,-0.0374169341841602,0.0496820063399369,-0.0691508105199612,-0.0114095556135696,0.0416811585709548,-0.0352056454306567,-0.0226628941439818,0.0213917977211668,-0.0450143300373072,-0.0285051687535336,-0.0144601095246706,-0.0203212456622644,-0.0282286304283986,-0.0740918082078046
"SRR10030484",-0.00677841143032459,-0.0871629062762073,-0.0667652782970266,-0.0476671725004765,0.0721359633818344,0.0929088572970121,0.0475084189817541,0.0301282304481293,0.113847789683723,-0.0147807548930719,-0.0317348373041761,-0.0335939492340264,0.0469700206357631,-0.0683009179414486,-0.00998736149785081,0.0417598067414823,-0.0414463951518535,-0.0292588239870665,0.0197667078100756,-0.0454388838795475,-0.0313457079318279,-0.0138927401656725,-0.0169499599948036,-0.0236204807844979,-0.0724014683778717
"SRR10030485",-0.00748262079381392,-0.0841875623815102,-0.066336424425385,-0.0454704232135177,0.0720563544171334,0.0934886454821115,0.0496194698689917,0.0381467903887257,0.11120911221307,-0.015053525498345,-0.0364814007058651,-0.0337762964051838,0.048340647819032,-0.0684493911613227,-0.00927144470744073,0.0414462050979971,-0.0376307459914975,-0.0288597819534562,0.0209452680922155,-0.0457708190149923,-0.0295715682845307,-0.0160855950668115,-0.0177579336282107,-0.0294033754459885,-0.0709242104261115
"SRR10030486",-0.00788486005472664,-0.0797206404172474,-0.0671877815951334,-0.0436107753240243,0.0722201825927583,0.0926593455184334,0.0500339969713349,0.0384388771437376,0.112206131528746,-0.0138027920898159,-0.0361016856867196,-0.0366182996982427,0.0481608398949998,-0.0659859949310107,-0.0106642550984559,0.0454948313800287,-0.0355438923685633,-0.0312374095093183,0.0203286736392709,-0.0452341950255057,-0.0288448536480089,-0.0136096958825929,-0.0203212456622644,-0.0251238093537433,-0.0664672530766182
"SRR10030487",-0.00732862516260306,-0.0846483332055975,-0.0645714859599127,-0.0449506591143362,0.0712628557726064,0.0918820307234191,0.0502323974543622,0.0333370837993891,0.113028780969055,-0.013725955746226,-0.035927476712653,-0.0373960043098153,0.0472970101737513,-0.0667506071728768,-0.0125304472282689,0.0458078242044843,-0.0383411458369167,-0.0184144507656408,0.0205364375186822,-0.0452647163046703,-0.0311216947901261,-0.0157095493648606,-0.0203212456622644,-0.0276528084867031,-0.0677217622825652
"SRR10030488",-0.00755666589480668,-0.0885988327496773,-0.0679049566176266,-0.0445040476937655,0.0707312366388896,0.0927865688089488,0.0500617386608563,0.0260960947837705,0.110237342084741,-0.0150946019827265,-0.0353345964308523,-0.0336101554549192,0.0473774975005513,-0.0685725666168982,-0.00741208313522115,0.037471403838437,-0.037659368768145,-0.0231359027637086,0.0196164918905347,-0.0454886171442098,-0.0319107540954266,-0.0179594362500384,-0.012711533608296,-0.0272952697965619,-0.0691025276389678
"SRR10030489",-0.0066735610551459,-0.0842164146256527,-0.0683354199069663,-0.0459981667945575,0.0728832552699811,0.0931748378693704,0.0476877189061923,0.0364489595305435,0.111361949463505,-0.0155194791484794,-0.0320969763927375,-0.0378501291347098,0.0443615292337172,-0.0659755716993324,-0.0119095059446425,0.0393340113978896,-0.0352940316139406,-0.0249928478988123,0.0196315080408058,-0.045920501800217,-0.0301432730327434,-0.0151864342083166,-0.0203212456622644,-0.0308586866790904,-0.0684725379887634
"SRR10030490",-0.00781498636389152,-0.0885451496364694,-0.0695102415447144,-0.0467504795095696,0.0706934058046062,0.0927169625200124,0.0481831343129102,0.0359733792026838,0.110699350569324,-0.0146116512726331,-0.0338450363319051,-0.0374973310819302,0.0451125118185927,-0.0675477044462414,-0.0134214985495473,0.0407989335114264,-0.0359395191787669,-0.026564755041398,0.018822979756666,-0.0458266969675167,-0.0288665022777036,-0.0170908292818011,-0.0203212456622644,-0.0298937392307472,-0.0711643945899977
"SRR10030491",-0.00749689766339689,-0.083103088926814,-0.0655780189030836,-0.047621723078222,0.0710728276361255,0.0927060852455825,0.0498404828386185,0.0420725806909243,0.113149889681102,-0.014174659176494,-0.0348441696915353,-0.0362045170921387,0.0422132385552565,-0.066469931699221,-0.0120344921004893,0.0412380179688284,-0.0380659197543747,-0.0297904196486377,0.0192286641430237,-0.0454132353622959,-0.0310837125972791,-0.0162685555188493,-0.0166654648651992,-0.0313191821332225,-0.0663237237026401
"SRR10030492",-0.00784573223394741,-0.0834806754303219,-0.0651586199854363,-0.0439672084035709,0.0705737784245624,0.0918472470891356,0.0525238845630487,0.0317879200347495,0.109883028168089,-0.0132742100160374,-0.0342820063877965,-0.0358750146838691,0.0482213075978926,-0.065412764798387,-0.0112632212520973,0.0453210328952403,-0.035503259616856,-0.0267541357446736,0.0177313779566026,-0.0451082012995225,-0.0295404377898697,-0.0172673459551313,-0.0203212456622644,-0.029719836676472,-0.0783176676564061
"SRR10030493",-0.00795229420523343,-0.092185051781934,-0.0656553198648519,-0.0454276137367598,0.0724033866849054,0.0937234164394106,0.0464728453299957,0.0323545529110126,0.106177494174461,-0.0148483297854848,-0.035759407756623,-0.0358269486110294,0.0498346909645671,-0.0682289871880288,-0.0132760149331639,0.0423872956769635,-0.0374539891401504,-0.0227140887594031,0.0203626888988257,-0.0451456503994796,-0.0296707260747039,-0.0139145279012838,-0.0203212456622644,-0.0269958608853269,-0.0811826829651707
"SRR10030494",-0.00731488622287755,-0.0855737781989859,-0.065803597395385,-0.0444982093866211,0.0711882232210559,0.0932197166272132,0.0531571443197944,0.0327279207203566,0.113581629258339,-0.0135307010991372,-0.0333752845767463,-0.0372374327686724,0.0461856676625696,-0.0684004060392285,-0.00897385775853393,0.0442066784878593,-0.0366682133146423,-0.0293204171228355,0.0187426482441726,-0.0446089447362668,-0.0303279084639566,-0.0148968942332123,-0.016937881221492,-0.0246248184229306,-0.0750648078064927
"SRR10030495",-0.00783393398965993,-0.0935401107026048,-0.0692724200959099,-0.0442251182966932,0.0715992493526392,0.0925482716155558,0.0477104857910686,0.0330522627031301,0.108559578663154,-0.0140668033617769,-0.0369266374262286,-0.0365904926431456,0.0494490819812699,-0.0665275903356964,-0.012008671754858,0.0414014940886477,-0.0354605924830539,-0.0293525920251436,0.0192964751940196,-0.0456906964022355,-0.0308849594801631,-0.0153818828910826,-0.0203212456622644,-0.0293998950643297,-0.0671924466287052
"SRR10030496",-0.00715091559984129,-0.0790749672770793,-0.0661049943796757,-0.042501818038697,0.0691728504931552,0.0921621955199233,0.0482617069668572,0.0333133236481905,0.110503538966922,-0.0139690741325901,-0.0299206824360312,-0.0353027712029181,0.0471785968822591,-0.0661160867249718,-0.0128164122903878,0.0478795979416333,-0.03618746145302,-0.029206658624256,0.0178211235549619,-0.0452985677500169,-0.0287699797275108,-0.0149640091790027,-0.0142655649022406,-0.0281968158275884,-0.0795127543820145
"SRR10030497",-0.00801725952717377,-0.080317754363656,-0.0659725481807468,-0.0375634666833395,0.0713464458791604,0.0926824152383237,0.0520834188512543,0.0373814593927663,0.108355829167149,-0.0149388719747298,-0.037199575630458,-0.0384507852264877,0.0472305255379509,-0.0630997800659534,-0.0102903623800515,0.0447698338168851,-0.0369487856527136,-0.0293071637551343,0.0194969002803983,-0.0453085673598197,-0.029010744194188,-0.016859033169747,-0.0203212456622644,-0.0277736078651941,-0.0756939755327791
"SRR10030498",-0.00727459088237587,-0.0791920381222488,-0.0683341055658706,-0.0404329831308749,0.0706273136404061,0.0940197654564764,0.0433562144938767,0.0259592716688255,0.110819871104316,-0.0164798602016896,-0.0337422370701693,-0.0360459890540538,0.0452969675186432,-0.0679049742401411,-0.0122165091432161,0.0408358313971479,-0.039323139708571,-0.0308743851314497,0.0188213069795844,-0.0483739869688962,-0.0316142818821931,-0.0160887194103866,-0.0203212456622644,-0.0287079945268115,-0.0803166393186812
"SRR10030499",-0.00758337961341671,-0.0905107719853764,-0.0643747537210449,-0.0448142470872564,0.0714583030451273,0.0945620363163358,0.0506344948509305,0.0342793749276948,0.109715181423294,-0.0136515338233059,-0.0360449411015894,-0.0348710789706348,0.0467579769652987,-0.0669105716557843,-0.0107797058429784,0.0440731943881247,-0.03445097565235,-0.0239135202105447,0.0202293096439647,-0.0455909297771106,-0.0312909695412052,-0.0169155299955033,-0.0165103397299214,-0.0258261108040471,-0.0771587324704887
"SRR10030500",-0.00746272012515915,-0.0836411926796362,-0.0638775569656144,-0.0520331752359579,0.0714621399812449,0.0932615285586723,0.0490532183499881,0.0278783621695613,0.114150760761239,-0.011890028739007,-0.0334327176334479,-0.0371400471274453,0.0523926861997638,-0.0657363812872885,-0.0120798221298306,0.0423823603504059,-0.0345444765993945,-0.0166405773446443,0.0192423998159728,-0.046045691751389,-0.029559607637629,-0.0160714752011805,-0.0143021163275695,-0.0289418293140388,-0.0756298752374912
"SRR10030501",-0.00727320166252713,-0.0796860721749677,-0.066205108880742,-0.048799682231476,0.0704166895533049,0.0918319234754388,0.0485369519046988,0.0326826879903619,0.109331379324548,-0.0140176074147962,-0.0371254123731517,-0.0347165033599263,0.0462301853053135,-0.0655483940639805,-0.0108181350298363,0.0419989912247237,-0.0380156162124997,-0.0242787294276947,0.0205227938080739,-0.0453662921382077,-0.0297723330715513,-0.0163535231348273,-0.0203212456622644,-0.0275635084542811,-0.071689582779861
"SRR10030502",-0.00705028996439625,-0.0811077577405362,-0.0668878485685364,-0.0426482429026987,0.0703148503178579,0.0919683400963089,0.0498038909650522,0.0356829482590879,0.11245035674087,-0.0132300739769939,-0.0333020139755472,-0.0371581161117541,0.0476566116356156,-0.0680103781009077,-0.010862346348397,0.0449883716283898,-0.0336714935241163,-0.0308903416947069,0.0186544234815885,-0.045435769414498,-0.0324907617568578,-0.0169388465345067,-0.0203212456622644,-0.0294433353289953,-0.068010858904006
"SRR10030503",-0.0074955220421907,-0.0813785248478869,-0.0688660183347179,-0.0418690680886662,0.0713573442074688,0.0937688367778937,0.0473113780703658,0.0293087501793275,0.110334772236684,-0.0130918583888139,-0.034042335877445,-0.0357805990577183,0.0498706353432649,-0.0673395794656904,-0.00957445463566751,0.0454575773995112,-0.0362302084539796,-0.0295236502369262,0.0193499102375713,-0.0458131078704835,-0.0289983147281139,-0.0160618406026085,-0.0203212456622644,-0.0222835367211154,-0.0710021959604553
"SRR10030504",-0.00812840452912739,-0.0907946264347666,-0.0664083941427052,-0.0434923011025721,0.0706983044654295,0.0916783595066552,0.0508360200114716,0.0297389988142467,0.112504995272996,-0.0147425443430991,-0.0299253618317656,-0.0358991980606128,0.0493238845422178,-0.0691036488947989,-0.0097615441101758,0.0457676969763831,-0.0347153926839371,-0.0252625539082699,0.0208926234098997,-0.0462680416498204,-0.0288093327379757,-0.0166176885956061,-0.0203212456622644,-0.0316981659645179,-0.0707687899711203
"SRR10030505",-0.0075658380600452,-0.0838067116568718,-0.0678324292136799,-0.0436573060091168,0.0715372616008214,0.0925802903705049,0.0513256768646248,0.0332913636225014,0.112838211767505,-0.0150081860917492,-0.0320289580687734,-0.0348999483664646,0.0454510129854177,-0.0666739783882223,-0.0111093472799097,0.0462878973122542,-0.0351429521843677,-0.0259420146141246,0.0206396706068492,-0.0455657591460442,-0.0286815584295509,-0.0148868355986593,-0.0179176246128868,-0.0268672431662237,-0.067562416173672
"SRR12330763",-0.0814153352778261,0.127810798184809,0.0136863871589105,-0.0851608144391034,0.0265992158831081,-0.0505963293178178,-0.0719193101749388,-0.0836972779382831,-0.0406180938532955,-0.0455886762225449,0.00331746933317168,-0.0327979126075843,-0.247225737779802,0.0805073466855822,0.183999863133242,0.0850052957165502,0.0412205290266293,0.110959289510849,0.0859913740423213,0.101166636611219,-0.0171206250989414,-0.00439828796154583,-0.0172323563472559,-0.0192057659173442,0.0633521554521013
"SRR12330764",-0.0849747054836481,0.120754175007455,0.0105211982387906,-0.093974669158885,0.0319924020084836,-0.0519331301612217,-0.0745326275054644,-0.0869375545708281,-0.0427652430390943,-0.0469533433490179,0.00537275990476587,-0.0372384895685952,-0.271852203179173,0.0787568601616118,0.187949550637948,0.0881417364656546,0.0453872618791572,0.107292365981721,0.0872358469316136,0.102269462419375,-0.0183866643748758,-0.00801338608356616,-0.00951561967491379,-0.0242328162203991,0.0542826882381747
"SRR12330765",-0.0782624008641688,0.127889216737481,0.0158515352144126,-0.0817838996123147,0.0282358398577125,-0.0565266512009928,-0.0652134279995405,-0.0766211205744193,-0.0336844846696236,-0.050399915719676,-0.00235792127260872,-0.0335799125965255,-0.229719527494316,0.0799014143344772,0.175947028438437,0.0789803815015011,0.0408927572232529,0.114009851016557,0.0901346713092313,0.102783376436337,-0.0179236493732839,-0.00623607086781166,-0.0158935407128799,-0.0161607646819193,0.0557106537679732
"SRR12330766",-0.0709818253912542,0.0871221554676075,-0.0046838992585852,-0.0847216198146132,0.0550536858767382,-0.0375660854826427,-0.0452673088758783,-0.0871527331054841,0.00822842028844403,-0.0589399118904914,-0.0123755764766007,-0.0373211780199687,-0.196462704927508,0.0305415544272135,0.124803826478736,0.101539488609905,0.0140850974836305,0.00894199797485408,0.0491216099580596,0.0864660006802488,-0.024096336442061,-0.00978763296024176,-0.0203212456622644,-0.0225630935699416,0.0180269260185393
"SRR12330767",-0.0757067231494711,0.100793914037312,-0.0127290465395702,-0.0933610868095073,0.0664518288996157,-0.0335239953104378,-0.0434329857532714,-0.08999588466595,0.00895279866982099,-0.0618140729603056,-0.010585121824834,-0.0397144105677147,-0.21250498462608,0.0270268502872586,0.14797049079022,0.106530010398011,0.0116995888551545,0.0171853046323662,0.0484559255529659,0.0836595329463202,-0.0250932165354608,-0.0135402187171501,-0.0144873532735148,-0.0242849475444946,0.021595249101446
"SRR12330768",-0.0771830432652913,0.0925075111566063,-0.0158705955232645,-0.092629882436371,0.0667746450455249,-0.0339287957627453,-0.0416845211740733,-0.0882281283621839,0.0155988982868988,-0.0622451887955402,-0.0116842838328723,-0.0434020123122947,-0.200259664975771,0.0306454076064965,0.131416720137323,0.100295148737374,0.012762381095681,0.0310958481740775,0.0558953574588343,0.0852854390281019,-0.0265522026890089,-0.0117842691205762,-0.0179521005181333,-0.0257364081286592,0.0119333145631827
"SRR7811358",-0.111207908650373,-0.0343395724174218,-0.0377462239963497,-0.0384004685480768,-0.00608382749236749,-0.024099741555069,-0.0779932442192999,-0.069225827902561,-0.0663891498326356,0.154452472113516,0.190058559675365,0.00312129053933315,0.0183053921538771,0.0355100483607446,0.00772949919428557,-0.0410736320096075,-0.0293353963629233,0.0449084839562308,0.0753611647235415,0.0898623840207674,-0.0045619018612442,-0.00604423786164144,-0.00333173044541679,-0.00798871723996468,0.00041966433424641
"SRR7811359",-0.113524769516677,-0.001002451668753,-0.0380683567838004,-0.0505725233443977,0.00568670081295578,-0.0258590476014298,-0.0754152276016022,-0.0785707868625549,-0.0563797390641262,0.124730510755765,0.20447305896473,-0.00817655029790833,0.0260259572154872,0.0311726139670913,0.00867864692725948,-0.0252408583367365,-0.0222623114205513,0.0131902484366316,0.0612711879267552,0.0992419708521554,-0.00981042123769832,-0.00959505771305363,-0.0135896657047681,-0.0133953947796625,-0.0101530888656041
"SRR7811360",-0.12318291052262,-0.0126087368603277,-0.0232610839139916,-0.0415144684578338,0.00878780046244288,0.00232195734858007,-0.0982176779936643,-0.0779760181990268,-0.0440098765131529,0.117111042927908,0.0927086397002728,-0.0096833019771504,-0.00744419505633182,0.0532689713075446,0.0480850805740758,0.0140561781854586,0.0161689290369148,0.0516019691023598,0.0702088490566561,0.093946740657496,-0.0152260506883412,-0.00927237676959767,-0.0128268977200779,-0.0164924509478309,-0.00967163744500728
"SRR7811361",-0.119280300170625,-0.0498006234864695,-0.0439622733367693,-0.0362283583048209,-0.00618259923494828,-0.0135080266730871,-0.0871961119158896,-0.0744181508328647,-0.0657941565759547,0.155516237769071,0.184221259656152,0.00462526651083555,0.0506006344910832,0.021596513318896,-0.0122186600451598,-0.0476223177449762,-0.0437778395411906,0.00960208225419579,0.0541099499727245,0.0827642719282803,-0.00563467094245356,-0.00687453994650975,-0.00732341641312192,-0.00759370029502227,-0.0128539753049199
"SRR7811362",-0.123154766274176,-0.0284433162356661,-0.0402404220167399,-0.0270792451410416,-0.00265979394375052,-0.00704756888591764,-0.0942649670307294,-0.0728539106262089,-0.0580332675767395,0.166095868179293,0.197709132817966,0.0173464466983828,0.0313827738744274,0.0376651812577322,0.00801433680564948,-0.0285551731168382,-0.0259136571057356,0.0318529333672617,0.0601906763395304,0.0919987302375185,0.0030442768693141,0.00128195490036982,-0.003061362888586,-0.00713709807992636,0.0131851439392396
"SRR7811363",-0.101824800568236,0.033463864395966,-0.0285610017819052,-0.0468897158266307,0.00638993575077317,-0.0613533147622317,-0.0598104545776384,-0.0554213060211325,-0.0593567593577301,0.0951662114045422,0.199690571272038,-0.0218374245717921,-0.00407903344840281,0.0295765213552096,-0.0620931793275789,-0.0330135119902646,0.0152503825908436,0.0629236406559212,0.0921150955503923,0.118172381355334,-0.00839953271226642,-0.00500890425918972,-0.00892908366477361,-0.00623404952300898,0.00576109570936648
"SRR7811364",0.0646681830633308,0.0527749862739623,-0.00800975520156302,-0.0273980038072966,-0.00654452322723978,-0.0280704931320833,0.0746176188763844,-0.00847251915026517,-0.0228064317219724,-0.029812480435241,-0.0241441752602161,-0.0176312550233395,-0.026584411890917,-0.0329647095688232,0.000161354519536096,-0.0741187044057792,-0.0311322576158934,0.044119143693469,-0.0257872800569058,-0.0374255456198589,-0.0255552267295511,-0.0150294938252138,-0.0203212456622644,-0.0258137084022801,0.00499734740770909
"SRR7811365",-0.105806718467696,0.0719090731860295,-0.0273505721362059,-0.0389669173036616,0.00836378825694345,-0.0554941072954753,-0.0651090299613385,-0.0666778722572268,-0.0540893536525647,0.0844649909446424,0.167370569729506,-0.020613524017741,0.00585617805366292,0.0377616147116353,-0.0594915321731811,-0.0235971789083037,0.0126222976461597,0.0624631606226416,0.0859643192081943,0.118980178674479,-0.0182946416212064,-0.00997387264416317,-0.0190368779659432,-0.0102325410729405,-0.0256884453266449
"SRR7811366",-0.115282792451196,0.000537350460852822,-0.0371772422665183,-0.048304538993221,0.00117451671583647,-0.0273674865236931,-0.0784217973531281,-0.0803457823828493,-0.0577185716316663,0.140169283952859,0.223151587742919,-0.00355487246640167,0.0200696030387399,0.0320866930429924,0.0151883565875061,-0.0355274561262189,-0.0277896106293239,0.0301742461247719,0.0694514583369021,0.0997193790695393,-0.00758067050063604,-0.00248684897609996,-0.0108116686694406,-0.0121725114153452,-0.0183569635169308
"SRR3124722",0.062296210267863,0.0688235170595106,-0.00932670682200097,-0.0339997142378313,-0.0149867610323694,-0.0563063898212689,0.0802380769693452,0.01000443783448,-0.0492499071484706,-0.0531782279203585,-0.0145391529723135,-0.0298795074078324,-0.0393672998923886,-0.0513062448953841,-0.121452044544484,-0.089926968783946,-0.0188273539676506,0.0171452005078098,-0.0330489310084841,-0.0287528848662177,-0.0257669757712578,-0.015771734174473,-0.0203212456622644,-0.0231122217168047,0.0132891621335934
"SRR3124724",0.0113585794666381,0.00904429022264119,-0.0327679523463532,-0.0393181176431479,0.00764068908589719,0.0479446770094627,0.0285953566798798,-0.0833197663068851,-0.0565653708711235,-0.00482695709993143,-0.0131497041820127,-0.0109199153908684,0.019697131894682,-0.0178193280534013,-0.0286435358432617,-0.0459673514732717,-0.0479730358592369,-0.136694552103533,-0.0903248870876692,-0.050297043883052,-0.0228724921558992,-0.0147866363997339,-0.018967371894556,-0.0258698540572322,0.0173866546487468
"SRR3124726",0.0631098400966296,0.0799201621165298,0.00198554244975601,-0.0254872876453966,-0.0235717197100351,-0.0594712477276053,0.0675408405969241,0.00166492659807459,-0.0481385100825422,-0.0512687846675723,-0.014876789041189,-0.0149599953035391,-0.0225246874659462,-0.0252695061810584,-0.0429687494283163,-0.0933723823200349,-0.0285739244885456,0.0583676686111992,-0.0244412942517429,-0.0296148165072143,-0.0252183525733049,-0.0168287064119413,-0.014679269556758,-0.0251277097782081,0.0155950866138323
"SRR3124729",0.0318659509957063,0.0374316343002214,0.00558066733173483,-0.0344475935285706,-0.0243602780058315,-0.00466402329554491,0.0199416657611742,-0.0636873147890678,-0.0718314187945968,-0.0419391156761317,-0.0177603001052262,-0.0099565135626796,0.00667859798370454,0.0315172360388752,-0.0102379682982487,-0.0675543570723298,-0.0376412220899313,-0.0885520470234953,-0.0807666864807501,-0.0429199120142776,-0.0228028868902078,-0.0159602835792708,-0.0177793918566693,-0.0244642193580368,0.0288815389786693
"SRR3124731",0.0150549615578177,0.000787554163948352,-0.0244107782327848,-0.039229111029856,-0.00435381350917264,0.0375985861080766,0.0193202675581388,-0.0826616455380276,-0.0693967969359259,-0.00833729456598677,-0.0117769652052314,-0.00685174547563588,0.0233820048666497,-0.0252344415976126,-0.0401713401296582,-0.0463148300547587,-0.0465971950237301,-0.17165903846098,-0.099529351513369,-0.0505051063097477,-0.0176242091189887,-0.0138607056473765,-0.0175509918097181,-0.024799445028038,0.0458529982477397
"SRR3124735",-0.101824800568236,0.033463864395966,-0.0285610017819052,-0.0468897158266307,0.00638993575077317,-0.0613533147622317,-0.0598104545776384,-0.0554213060211325,-0.0593567593577301,0.0951662114045422,0.199690571272038,-0.0218374245717921,-0.00407903344840281,0.0295765213552096,-0.0620931793275789,-0.0330135119902646,0.0152503825908436,0.0629236406559212,0.0921150955503923,0.118172381355334,-0.00839953271226642,-0.00500890425918972,-0.00892908366477361,-0.00623404952300898,0.00576109570936649
"SRR3124737",-0.115282792451196,0.000537350460852822,-0.0371772422665183,-0.048304538993221,0.00117451671583647,-0.0273674865236931,-0.0784217973531281,-0.0803457823828493,-0.0577185716316663,0.140169283952859,0.223151587742919,-0.00355487246640167,0.0200696030387399,0.0320866930429924,0.0151883565875061,-0.0355274561262189,-0.0277896106293239,0.0301742461247719,0.0694514583369021,0.0997193790695393,-0.00758067050063604,-0.00248684897609996,-0.0108116686694406,-0.0121725114153452,-0.0183569635169308
"SRR3124740",-0.119280300170625,-0.0498006234864695,-0.0439622733367693,-0.0362283583048209,-0.00618259923494828,-0.0135080266730871,-0.0871961119158896,-0.0744181508328647,-0.0657941565759547,0.155516237769071,0.184221259656152,0.00462526651083556,0.0506006344910832,0.021596513318896,-0.0122186600451598,-0.0476223177449762,-0.0437778395411906,0.00960208225419579,0.0541099499727245,0.0827642719282803,-0.00563467094245356,-0.00687453994650975,-0.00732341641312192,-0.00759370029502227,-0.0128539753049199
"SRR3124742",0.0646681830633308,0.0527749862739623,-0.00800975520156302,-0.0273980038072966,-0.00654452322723978,-0.0280704931320833,0.0746176188763844,-0.00847251915026517,-0.0228064317219724,-0.029812480435241,-0.0241441752602161,-0.0176312550233395,-0.026584411890917,-0.0329647095688232,0.000161354519536096,-0.0741187044057792,-0.0311322576158934,0.044119143693469,-0.0257872800569058,-0.0374255456198589,-0.0255552267295511,-0.0150294938252138,-0.0203212456622644,-0.0258137084022801,0.00499734740770908
"SRR3124743",-0.113524769516677,-0.001002451668753,-0.0380683567838004,-0.0505725233443977,0.00568670081295578,-0.0258590476014298,-0.0754152276016022,-0.0785707868625549,-0.0563797390641262,0.124730510755765,0.20447305896473,-0.00817655029790833,0.0260259572154872,0.0311726139670913,0.00867864692725948,-0.0252408583367365,-0.0222623114205513,0.0131902484366316,0.0612711879267552,0.0992419708521554,-0.00981042123769832,-0.00959505771305363,-0.0135896657047681,-0.0133953947796625,-0.0101530888656041
"SRR3124745",-0.123154766274176,-0.0284433162356661,-0.0402404220167399,-0.0270792451410416,-0.00265979394375052,-0.00704756888591764,-0.0942649670307294,-0.0728539106262089,-0.0580332675767395,0.166095868179293,0.197709132817966,0.0173464466983828,0.0313827738744274,0.0376651812577322,0.00801433680564948,-0.0285551731168382,-0.0259136571057356,0.0318529333672617,0.0601906763395304,0.0919987302375185,0.00304427686931411,0.00128195490036982,-0.003061362888586,-0.00713709807992636,0.0131851439392396
"SRR3124747",0.0174592165501172,0.0162467013858464,-0.0103569449702788,-0.0363326534445639,-0.00905028143452913,0.0369817268031058,0.0140368802600157,-0.0731819498967509,-0.0619249936775167,-0.0354621765940889,-0.0177021462020257,-0.00577718921320428,0.0335124056815621,0.0239052550413622,-0.0189412593104121,-0.0418309206002934,-0.0420021176216174,-0.124484083943874,-0.0897560501413636,-0.0493343974230723,-0.0211905007920603,-0.0161143488291177,-0.0203212456622644,-0.0272835484605741,0.0246796931855596
"SRR3124748",-0.105806718467696,0.0719090731860295,-0.0273505721362059,-0.0389669173036616,0.00836378825694345,-0.0554941072954753,-0.0651090299613385,-0.0666778722572268,-0.0540893536525647,0.0844649909446424,0.167370569729506,-0.020613524017741,0.00585617805366292,0.0377616147116353,-0.0594915321731811,-0.0235971789083037,0.0126222976461597,0.0624631606226416,0.0859643192081943,0.118980178674479,-0.0182946416212064,-0.00997387264416317,-0.0190368779659432,-0.0102325410729405,-0.0256884453266449
"SRR3124750",-0.12318291052262,-0.0126087368603277,-0.0232610839139916,-0.0415144684578338,0.00878780046244288,0.00232195734858007,-0.0982176779936643,-0.0779760181990268,-0.0440098765131529,0.117111042927908,0.0927086397002728,-0.0096833019771504,-0.00744419505633182,0.0532689713075446,0.0480850805740758,0.0140561781854586,0.0161689290369148,0.0516019691023598,0.0702088490566561,0.093946740657496,-0.0152260506883412,-0.00927237676959767,-0.0128268977200779,-0.0164924509478309,-0.00967163744500727
"SRR3124752",-0.111207908650373,-0.0343395724174218,-0.0377462239963497,-0.0384004685480768,-0.00608382749236749,-0.024099741555069,-0.0779932442192999,-0.069225827902561,-0.0663891498326356,0.154452472113516,0.190058559675365,0.00312129053933315,0.0183053921538771,0.0355100483607446,0.00772949919428557,-0.0410736320096075,-0.0293353963629233,0.0449084839562308,0.0753611647235415,0.0898623840207674,-0.0045619018612442,-0.00604423786164144,-0.00333173044541679,-0.00798871723996468,0.000419664334246411
"SRR3124754",0.0665663307511625,0.0686169395617459,-0.000310269163485284,-0.0237238974108035,-0.0159893231577531,-0.0545254857681369,0.0770586393083121,0.00974283379004529,-0.0306332295256152,-0.0513873464030045,-0.0164422273712522,-0.0178006744133997,-0.00998014525883829,-0.0204507035594876,-0.0186565210421108,-0.0858680853936381,-0.0274307917077788,0.0464531678256985,-0.015747031259676,-0.0300106105507499,-0.0240399679322291,-0.0152705414144094,-0.0185542292159506,-0.0231062217597297,0.00291384999550151
"SRR3124756",0.0312814480650744,0.0144494813832435,-0.0425837523469428,-0.0405378275665201,0.0299808958238527,0.0150594695411659,0.0741257214789051,-0.0107168165288309,-0.0200301889560315,-0.0343097134919518,-0.0108514889572274,-0.0257524483353918,-0.0105377627480722,-0.0869945215133886,-0.128446166147802,-0.0502448192501986,-0.0212487487274978,0.0268780674005499,-0.0351408620424152,-0.0343740629610632,-0.0253915341297524,-0.0138576988818576,-0.0108109034077825,-0.0213249006338665,0.0077949795935653
"SRR3124759",0.0533922682565311,0.0466686211013983,-0.0363877989327345,-0.0334935140907812,0.013961444849085,-0.019315571526016,0.105340281278016,-0.00793160813643546,-0.0301570930429151,-0.0125955181917258,-0.0138062834995037,-0.0264839766993344,-0.0207127786068139,-0.0652073579534272,-0.11919440377762,-0.0769866197208694,-0.0200016517137976,-0.00241870977171563,-0.0316129544054169,-0.0342036680846076,-0.0283625050489223,-0.014047756541305,-0.0189261555200382,-0.0237436483610082,0.0107429683663251
"SRR3124761",0.06638449153595,0.0545422588198996,-0.0071703624937213,-0.0302671235976585,-0.0114629049056083,-0.0558345715267151,0.0812935021921652,0.0150342327680939,-0.0267044474480761,-0.0555548550649901,-0.020137439059072,-0.0227065369543657,-0.0204380552066651,-0.0193010479579631,-0.00910656750789258,-0.0955057225926493,-0.0278701629622029,0.0606723255837821,-0.0108803698383872,-0.0296679958513995,-0.0269582564754504,-0.0163060656767164,-0.0189875956661927,-0.0245920685988111,-0.0069970931626639
"SRR3124764",0.0450111979148683,0.0335984728348257,-0.0390464965453422,-0.0418419380570098,0.0250777633127632,-0.00964545134275065,0.0904396953813266,-0.0218001475928844,-0.0154422252180884,-0.039220103772648,-0.0166482038810506,-0.0272012074247032,-0.0273013149751695,-0.115394765199181,-0.150592662339142,-0.0503408066959284,-0.0237370550503303,-0.0179964427556938,-0.0495964796214103,-0.0397410724184293,-0.0249695539869942,-0.0162618734572674,-0.0203212456622644,-0.0167757747452847,0.00969565642702598
"SRR3124766",0.0527647985949348,0.0790757049595655,-0.0366892927990202,-0.0328859459565054,0.0173241051732235,-0.0191909840533062,0.104841203488914,-0.0264501047460481,-0.0329736401606851,-0.0242173952909383,-0.0164487905718971,-0.0275547781092311,-0.00461692035713756,-0.0939141812408948,-0.165389639850812,-0.058790588885367,-0.0228187410742079,-0.0934709370053212,-0.0620333086966873,-0.0395923046590097,-0.0214522952054802,-0.0134914538158565,-0.0189099310894836,-0.0205331515918927,0.018938410212035
"SRR3124767",0.0671302361382715,0.0600376297022063,-0.0116987851808591,-0.0300126605154067,-0.0105118940190671,-0.0585922580883259,0.0795525270956769,0.0156061387780738,-0.0280280888700812,-0.0529660902685988,-0.0215493895087671,-0.0257724243453089,-0.0182042888862316,-0.0240588401534841,-0.0145521534864044,-0.0947940276575756,-0.0285194876741689,0.0567016764188496,-0.0119669229178741,-0.0314110467967079,-0.0291995287005795,-0.0179724938278584,-0.0184078642929384,-0.0230922252222243,-0.00913483834969382
"SRR3124769",-6.67912112318208e-06,-0.00520793078597597,-0.0353316709542887,-0.0366331998868315,0.00994528771239456,0.0671991605747213,0.0198227062558454,-0.0785390558335061,-0.0739455648779692,0.0475458301593556,-0.00334992054017449,-0.0143368363255584,0.00407075664356621,-0.0353966415303221,-0.112143097118906,-0.0458896061981114,-0.0341985265364482,-0.118923707835198,-0.0872628509729543,-0.0412256570526112,-0.0209409797276693,-0.0145182973024412,-0.0184548571344558,-0.0222124932383833,0.0397405822463711
"SRR3124770",0.0396472243912617,0.0365222976107316,-0.0361641943458269,-0.0380933670245018,0.0188253919617943,-0.00911751255157139,0.0797983262055159,-0.0100047291882056,-0.0318592051895939,-0.0354867854952271,-0.00975741413966031,-0.0302895494898908,-0.0213643527907076,-0.0867803576593739,-0.140460489606812,-0.0621759598625644,-0.0216497792247926,0.0122728411397543,-0.0378049419211004,-0.0341597823793355,-0.0255585443356767,-0.0159483226828568,-0.0203212456622644,-0.0227631081252905,0.00581620151601807
"SRR3124772",0.0548617587800197,0.0499089199240958,-0.0359093381224472,-0.0329570415277615,0.0143670404830829,-0.0250958537778129,0.104890837537289,-0.00495281276419769,-0.0278366674969506,-0.0286033360570743,-0.0192673966921491,-0.0263746304467733,-0.0145144705370601,-0.0578984738350616,-0.126576803484666,-0.0743375520395898,-0.0190669704116334,0.0126293689570581,-0.0308713256021281,-0.0334370647864298,-0.0276868956909112,-0.0157474480633791,-0.0156247681154936,-0.0220755908723562,0.0118011962813914
"SRR3124775",-0.101006128004198,0.0162456868393179,-0.0394329950151479,-0.0438999552415159,0.0159355881064784,-0.0477855044417152,-0.0552446298909956,-0.0677140784759541,-0.0302192562899022,0.0893439235465387,0.196557163010073,-0.0218051111742126,0.024488466386795,0.0224079994724121,-0.0700820209245763,-0.0130428716163022,-0.00645527057683599,0.0326870625978587,0.0782595155929038,0.109325942831069,-0.0118157093257659,-0.00832666574795895,-0.0170667943750349,-0.00803783956406066,-0.0238675836622155
"SRR3124986",-0.117770350017928,0.0066544762645719,-0.0403506150227119,-0.0511495075465383,0.0104554167733584,0.00198801252393069,-0.0795754321711261,-0.0833935797044678,-0.0357362569846971,0.147736393217599,0.113583295868803,-0.00633528099025772,-0.0274447499880246,0.0433235849156686,0.0509632402885284,0.0012042026274972,-0.01911890887801,0.0428678664604721,0.070309297294773,0.0865026149954212,-0.0131357666464998,-0.00762658275632828,-0.0126874858866616,-0.0124653697912613,0.000263317762261835
"SRR3124987",-0.101468077253655,0.0307368008385056,-0.0402813836990676,-0.0501942541244701,0.0228733677499909,-0.0423863024697382,-0.0605049293100905,-0.069987336221369,-0.0171148836570749,0.0726402202154665,0.209729078896211,-0.0152112000347068,-0.00341848711838018,0.0344919853993849,0.0223710924969648,-0.0128930018076674,-0.00944567802675934,0.0513801170768773,0.0861093507951597,0.10595317925103,-0.0125551727404261,-0.00591778259970802,-0.0141498343472214,-0.015030351629675,-0.0193367388329821
"SRR3124990",-0.10396969973742,0.0346876857021513,-0.0393017857371107,-0.0569237286312714,0.0111722464438538,-0.0557554953471631,-0.0599518429741152,-0.0590426198198009,-0.037273200246704,0.11804303121983,0.22131923989026,-0.00965477962151145,-0.0385478522629304,0.047068826951472,-0.0251047241280033,-0.0280263360571521,-0.0120208588731647,0.056309920813504,0.0896019425177207,0.108823460843728,-0.0101730780947968,-0.00549358036871054,-0.0119325078015075,-0.00137932514099634,0.00013908289738577
"SRR3124992",-0.121887020304349,-0.00891609278046219,-0.0448373325283207,-0.045391211230611,0.0186683876982323,0.00878728633912022,-0.0745139276088696,-0.0851602021256781,-0.0307160133024149,0.14914467012078,0.133533842967282,-0.0195592110589785,0.0102203349265264,0.0199291434570308,-0.0535347350583088,0.0157498983539864,-0.00389494389863285,0.0252393275157152,0.0624213382848725,0.0924123751167392,-0.0120701247861442,-0.0083855981697313,-0.0137905407878911,-0.0111315676744519,-0.0199440595100536
"SRR3124994",-0.105301284310305,0.0263145577011175,-0.0511639988702767,-0.0520849761247842,0.0124094562678415,-0.0330151268025824,-0.0628292388760237,-0.0732952809839338,-0.0258066944651557,0.128360175965141,0.227545116115561,-0.00644735952469204,0.000548441938387613,0.0305096111627872,0.0311274689943139,-0.0347097227290224,-0.0402382103533542,0.0319613114415103,0.0818690853474109,0.0940526188038929,-0.00881285122081893,-0.00725254018212839,-0.00890322814895861,-0.0114432598073062,-0.0280585946161072
"SRR3124997",-0.114349840576421,0.0258446822148528,-0.0314780449723919,-0.0434962524338682,-0.0013414937937161,-0.0429024136642134,-0.0803107105779014,-0.0649972931094262,-0.0415478179817144,0.137999648029914,0.191380542872743,-0.00481043530257623,-0.021473311012154,0.0738114435578566,0.0539059053531024,-0.0433776747630655,-0.0281208634800777,0.0792539635763206,0.0861864285362456,0.100900752254179,-0.00946440205176753,-0.00475576824873019,-0.00654290390940467,-0.00653647756619454,-0.0208760636189058
"SRR3124998",-0.123611270793452,0.0147024836619422,-0.0471252417057258,-0.0418745518866923,0.012482748300206,0.00441888315201767,-0.0789852030316651,-0.0820406932819472,-0.0416411807969026,0.166324550630762,0.144141857128778,-0.00940753003074204,-0.0137151039188679,0.0215415058342125,-0.048042728655272,0.00374965255160609,-0.0125207082273229,0.0266199918314863,0.064779381750055,0.090532376597336,-0.012443772043818,-0.00782743008694011,-0.010300329346179,-0.0081353002801207,-0.020176163075842
"SRR3125002",0.063522357940752,0.0771830772397409,-4.62775304357057e-05,-0.0281296440085504,-0.0228747463418787,-0.0513615522041604,0.0665864653199164,-0.00878332197448944,-0.0477331151206271,-0.0554455382309852,-0.0195621729503389,-0.0161830728192957,-0.0131029205995861,-0.0271171325170018,-0.0212858395646963,-0.0944074933591828,-0.0331108293806998,0.0457883751777529,-0.0348740420373319,-0.0355074506543934,-0.0253977689680165,-0.0159548470103556,-0.00937976118916246,-0.0302169975159314,0.0120767821232783
"SRR3125004",-0.110019434243791,0.0272041587661626,-0.0409616885357195,-0.0538604550215137,0.0142541109178605,-0.0341532871989866,-0.0686961371370673,-0.0755263165844797,-0.0235964043203045,0.106259854170474,0.233159472295999,-0.00115095741056496,-0.0151031837141348,0.0513124325841165,0.0330675939313629,-0.0243316398215796,-0.0201054985092401,0.0444055241728456,0.0765075666534576,0.102048754415607,-0.0142182810370977,-0.00506538180048928,-0.0119531129011725,-0.0144892891684431,-0.021129559236787
"SRR3125005",0.019424393296235,0.0214406754700922,-0.0100621998137257,-0.0316310421571925,-0.00735539237793263,0.031141038863279,0.0238433306052669,-0.071239934152606,-0.070150370671471,-0.0305645454535531,-0.0108299683744986,-0.0166037390438227,0.0348667024043594,0.000225071194223994,-0.116333804876466,-0.0397409127088114,-0.0255678357241815,-0.127497742361417,-0.0932649113818922,-0.0423977453025853,-0.0215956567710197,-0.0145552389268081,-0.0148601903613642,-0.0235589015423425,0.0290616461355271
"SRR30310344",-0.000348481409181835,0.0485904432774311,-0.00379756522046384,-0.0319886823109207,-0.00424713858980624,0.0435482002790767,-0.0312102012468358,0.0162867292248097,-0.0250201180327276,0.0230665480325308,-0.0194913749724379,-0.00177951639507683,-0.026634445231133,0.00843947163130869,0.0449300194159751,0.000566801422383727,-0.0252950056881262,-0.0170113663551623,-0.0249652732063797,-0.0272622662475795,0.0376455747621578,-0.00959324475513748,-0.00582208682063923,-0.0108268346604713,0.0592394853868644
"SRR30310345",0.000755494442317905,0.070700447484955,-0.0214700186372612,0.0237655776840556,-0.0181008056676204,0.00120020141742263,-0.0160862897414609,0.0133774268552406,-0.0249695501183879,0.114544245629865,0.00156421997923391,0.0596059298615529,-0.00434569107473487,-0.0264059047576803,0.0205926261408676,-0.0367378599965902,-0.0375140268854053,-0.0689184879683077,-0.0157308116647481,-0.00450773848692281,0.15080539402602,0.185653644073169,0.00871079316804922,0.0789868288061128,0.0615045963835808
"SRR30310346",0.0134661342678546,0.0282344605377661,0.00253880958173313,-0.0226855662581773,-0.0195165752113743,-0.0133370786396056,-0.00757555748462242,0.0826387596111951,-0.0247770082821284,0.087699813352634,-0.00201890490989708,0.0045532886092597,-0.0928839561870965,-0.0153980042828076,0.0359664088794696,-0.0285928636639513,-0.00852528116392919,-0.00367153809540318,0.00419600143042456,0.00324535176485151,0.320104372197864,0.606226108541473,0.110480325020753,0.0927471688345919,0.102240707515118
"SRR30310347",0.0194304048042818,0.040849086767338,-0.0011285232965188,-0.0193037363621996,-0.0200499217171655,-0.0171990337425246,-0.00497560337624854,0.0650830456672873,-0.0157402952541075,0.0929664412388735,-0.00282701742800513,0.0122180066200898,-0.124083243708128,-0.0190327796287698,0.0497453055680053,-0.0310058414942671,-0.0116173324208403,-0.032532107332205,-0.00615459950632212,0.000570034832855612,0.268001242639757,0.603103820217968,0.094572454942138,0.15334874485277,0.100202247080124
"SRR30310348",0.0233892520258864,0.0570688006296324,-0.00540427665384927,0.025446195565703,-0.0260922413186143,-0.0214037686062231,-0.00616459339465445,0.0573578081823512,-0.0183947422560134,0.0980583728296895,-0.00592528204860439,0.051281126757278,-0.0376505688034643,-0.027006649099342,0.036522164452618,-0.0547312857899014,-0.0276691773180804,-0.0144582895900567,0.00628528295144837,-0.00314522271038268,0.153286719893687,0.106660546862279,0.0128755066370844,0.0341796943294556,0.0421708480083244
"SRR30310349",0.0355165365820739,0.0362700546788704,-0.00826726176381605,-0.0274961611565885,-0.0170971858270246,-0.0227953495250173,0.00765639416873259,0.0663132916896382,-0.0028396245488487,0.065716608359,-0.014329339863446,-0.00729765641726936,-0.0984777453849991,-0.0270021856565415,0.0437373619009427,-0.0505314967724759,-0.0248085637836206,-0.0317300464644134,-0.00753354281376981,-0.0158305266780649,0.0605374079048675,-0.00891391480663657,-0.00962520067771952,-0.0103049251026809,0.0406507940730096
"SRR30310350",0.0251615239455306,0.0623945467155385,9.96843261831492e-05,0.0297670536283078,-0.0303752555240584,-0.0284210700889866,-0.00655600628905228,0.0841290385800638,-0.003822820700099,0.0909822613280695,-0.00655286800932956,0.0519865473980904,-0.0367759426838993,-0.00186181447025827,0.0464318147473729,-0.0594811159460071,-0.0248881557496106,0.0185639341993947,0.0195764052928512,-0.000625179858997873,0.179868912033673,0.156917357256819,0.0297818476582065,0.0240799269276097,0.041235226464606
"SRR30310351",-0.027923339150866,0.0144939599496875,-0.00448093420931729,0.0142838222135273,0.00714561667439597,0.0524340120624293,-0.0376844491036354,-0.0141570561357289,-0.0225264373328299,0.0729142559929371,-0.00362839788196047,0.0344374565101343,-0.00446294161283222,-0.0190199742670878,0.0440601037416014,0.0407315156241696,-0.0169814608087926,-0.0965003270995377,-0.0495219162057748,-0.0149786798737939,0.143872320871393,0.0603216856936738,-0.00271930787639233,0.105850366524035,0.0996589220008814
"SRR30310352",-0.00725683046768049,0.00849744039515802,-0.0164997355555477,0.0250280719730934,0.00797614699917773,0.0525669919292531,-0.0156661448981392,0.0239502402984954,-0.0165799389365934,0.0936363755479426,-0.0143226462695566,0.0540579335864133,-0.0244380897627389,-0.0230693142226676,0.054882344058323,0.00352164555918319,-0.02077323025765,-0.0696129650055757,-0.024213844141994,-0.0214836442266433,0.199927279882741,0.0671153544292479,0.0272854744857566,0.0751278797724079,0.0880866659178736
"SRR30310353",-0.0120494781254692,-0.0127810198500802,-0.00477972788523182,0.0414444153684762,0.00436855565933454,0.0457962198995623,-0.0215752952431743,0.0192000047203846,-0.0118336413707586,0.0755485017972152,2.61575018017339e-06,0.090622653245856,0.0296354362274556,-0.037270156028068,0.0303981003502413,0.0261285671051921,-0.0119417807361514,-0.10332674673876,-0.0432879539184933,-0.0197513248360531,0.285442063220218,0.0960888002324721,0.0213800159357609,0.119260473649204,0.0928385410508679
"SRR30310354",-0.00284423409357146,0.0324831652020827,-0.0100020046405212,-0.025242766530395,-0.00297287857884957,0.0234881447592874,-0.0254952385857212,0.0299251037090575,-0.0224469693435487,0.0375330945294672,-0.0178941678929497,-0.00312715167805057,-0.04213936580812,0.00234192101749724,0.0501939259170062,-0.0212790785128418,-0.0226848996264806,-0.0269727082059086,-0.00491079792811078,-0.0164607910412783,0.122086388134763,0.0152914414574816,0.007078927318703,0.0061886221806622,0.0697416545939365
"SRR30310355",-0.0108226906148592,0.0258183391227823,-0.0168766856114376,-0.0344825317632898,0.00298726622702306,0.0304136476291669,-0.0252138504565566,0.0223989452466889,-0.02259174148083,0.0245742053333735,-0.0151695538700157,-0.0101810007386296,-0.0227961852843278,-0.00642151981497705,0.0418560861560818,-0.00803210564904475,-0.0290965159142974,-0.0365129626873984,-0.00553230679357697,-0.0180399400760811,0.0489938715128966,-0.0102400886882231,-0.00690060983325456,-0.00917081163856407,0.0698478113129552
"SRR30310356",-0.0122087824867302,0.0198008103963631,-0.0134715470651808,-0.0162640147370188,0.00303054321405682,0.0450992990284305,-0.025232306258455,0.0190970709339657,-0.0204266230334867,0.0690306732251527,-0.0118942630058939,0.00566091518701043,-0.0100572714228289,-0.00929664279454322,0.0355504556787214,-0.0055178059119263,-0.0252748221335535,-0.0479605931229973,-0.0157850301668513,-0.019518020452916,0.153212205191086,0.0168624189088792,0.0111714893016011,-0.00200757421812982,0.0775473330608611
"SRR30310357",0.0186104016824875,0.0527146334925656,-0.000999130591090417,-0.0323246599941412,-0.0173881912172684,-0.00832065644943226,-0.0089145564415926,0.0718456379533492,-0.0134810697872384,0.0337058966816605,-0.0163402423937734,-0.00879843040889327,-0.0551316375088388,-0.0041975399448782,0.0438600962434786,-0.0509917820479804,-0.0258582336787776,0.014402192140235,0.0158460518732147,-0.0120642007068232,0.0943447985523598,-0.00576589122346008,0.012693431365258,-0.00504077303483538,0.0553040830616725
"SRR30310358",0.0389205072253328,0.0700543397224512,0.00871185259387895,-0.0330127295982402,-0.0368917940601738,-0.0404456078825168,-0.00507089852393401,0.0989069824586962,-0.0116876978049663,0.052300836254286,-0.0101017767214724,-0.00741417065636968,-0.116099306243413,0.00606728921980543,0.0696538404363437,-0.0701736539444145,-0.0239751953642567,0.046032858645373,0.0267415688649016,-0.00857153269065388,0.0710326878199337,-0.00564701653135096,-0.00213907442365375,0.00141206839007475,0.0504597580682065
"SRR30310359",0.0168667821150821,0.0592013034101473,0.00512167382724461,-0.0297184616298552,-0.0190534581620646,0.0116342100348001,-0.023874734413181,0.0354490943585782,-0.0357432565105119,0.0413640575729112,-0.0178024629858765,-0.00166967196727305,-0.0781788157671026,-0.0130925005458751,0.0430092024007578,-0.030052554590709,-0.0241499026893164,-0.0238255300062339,-0.0152827784341115,-0.020917866773134,0.100291486568346,-0.00494271666754181,0.00710555986013714,-0.00547882129652211,0.0717185758548367
"SRR30310360",0.0224472692420749,0.0522315647911256,0.000836810729847164,-0.0260541977854464,-0.0227515471351698,-0.00395701936968312,-0.0137738778392349,0.0612938465344718,-0.0255803694714567,0.053086198038088,-0.0165770169258349,-0.00631497471727474,-0.0557042971699991,-0.00744322267103114,0.0478689728410552,-0.0477214803003311,-0.0239613554453583,-0.00175755156802279,0.000999539131115816,-0.0163264890636966,0.104661423665503,-0.00252089733751278,0.0209542028573019,-0.00527345486238683,0.0611456496361362
"SRR30310361",-0.00174548862726998,0.015450095202997,-0.00366270182144594,0.038628724155934,-0.00707300826456511,0.0286694471299363,-0.0165288838209785,0.0541661237989632,-0.0179277770496841,0.0674183811910165,-0.00211591365403735,0.0862227866308421,0.0255315263209815,-0.0147677170645541,0.0303180802891041,-0.00617169724806919,-0.0120173517401871,-0.0379246262043275,-0.0131117704531622,-0.0110655623833768,0.287630664219364,0.244566849663296,0.064366639993265,0.138930234126875,0.0828441405970582
"SRR30310362",-0.01127716026411,0.0286492227363297,-0.00934418452724729,0.0366186240078925,-0.00148188478584682,0.0385471546719889,-0.0196462610531569,0.040171077409945,-0.016247238462316,0.0828328962829018,1.9552113413451e-05,0.0730493578580308,0.0139975696066579,-0.0192200345391535,0.0308173047597475,0.00959962301445011,-0.0190009967355219,-0.0640748670209874,-0.0258669386381966,-0.0115559527092266,0.230147576985614,0.165691728320015,0.0351592032674749,0.159292711145892,0.0896210065842885
"SRR30310363",-0.023539240179216,0.0224847620916675,-0.00211191097093888,0.0233332966093281,-0.00033157107750346,0.0471997510623244,-0.0316588040276825,0.0280252994058209,-0.0259015062612629,0.0898587215936764,0.0002466232673386,0.0536385750830533,0.0130818816804361,-0.011730819010538,0.0365124115458235,0.0258421831108774,-0.0119698693513054,-0.06464641213307,-0.0284206155211989,-0.00930504670293244,0.258126571670528,0.188369918600955,0.0415649905247516,0.119046377508799,0.0844551450597524
"SRR30310364",0.00451651178823216,0.0363272776276254,-0.00831861751502184,-0.0256278879337419,-0.00335052715378637,0.0359677431409521,-0.0183992650092502,0.0364761513600964,-0.0185541923689227,0.0449613145602275,-0.0114577243925881,0.00836954399232402,-0.0554116740206787,0.00107921294128045,0.0597619629950303,-0.00120379772202807,-0.0227455051598798,-0.0351728094051283,-0.0214070008576742,-0.0217941136938808,0.175692303444711,0.0333575975367713,0.0145604418146278,0.00153495967580414,0.0791253215089209
"SRR30310365",0.0115624135984244,0.0265944688264921,-0.00656570191286456,-0.0224584591736441,-0.00308224997189033,0.0353095895431219,-0.0131264295243322,0.03435798725282,-0.0145402416056244,0.0282988781668205,-0.0180396130373224,0.00698432597227628,-0.0365738485376132,-0.00175257216253627,0.0514921121770605,0.000901907089095666,-0.0211892665214544,-0.0249235135439082,-0.0222980127945606,-0.0238634497484743,0.216326016992598,0.0214758613140114,0.0550044649999231,0.00315269075442685,0.0750151352825551
"SRR30310366",0.00219664084140179,0.0396148776254656,-0.00900724493856421,-0.0186461635829129,-0.00331742061009993,0.0353983452266955,-0.0186934248849904,0.0321476856472465,-0.0152693151381989,0.0655697293432149,-0.0131693943061265,0.0110540859700362,-0.0396352576918853,0.00341829065430234,0.0531175299778561,-0.008753287750681,-0.0219786804560759,-0.0212400532456873,-0.0178107344321071,-0.0205589561670662,0.179324112060767,0.0311310980193371,0.0233537512092093,0.0045245063227031,0.0699141305041753
"SRR30310367",-0.00295130202528448,0.0372422816178586,-0.0110844521044117,-0.0320915892648079,0.00116492807449001,0.0361102987385206,-0.0225645425241776,0.0369539501527203,-0.0114383230587724,0.0210190903980366,-0.0135931789879733,-0.00355347563035467,-0.0178357718796487,0.00324227625354726,0.0438523452689247,-0.00668618827713527,-0.0262744133030351,-0.0124331537725722,-0.00753548939157399,-0.0200942697004647,0.0827507612288243,-0.00439251962897721,0.0203132377915686,-0.00978531919119938,0.0640031168057033
"SRR30310368",-0.000872645275658032,0.0489051788968713,-0.00256281671939649,-0.0275342169793869,-0.00490903962602223,0.0386398924641508,-0.0315920273539194,0.0191923305885922,-0.0250369595015251,0.0082509522146244,-0.0148757894819484,-0.00442093655231797,-0.00677758665644974,0.00445172044158056,0.0345627442601552,0.00112740772652456,-0.0253784818067458,-0.0163760190812686,-0.0202736486555224,-0.0252366596216489,0.0594071893461665,-0.00563255491905352,-0.0101488969793634,-0.0106187296727649,0.0649736373926411
"SRR30310369",0.0583880038684842,0.0891279818962736,0.00953417835665797,-0.024082048502869,-0.0425838533090541,-0.0275966644572121,0.00502061817642614,0.0478192058139066,-0.0182136152942503,0.0398614212073102,-0.0209998929386602,-0.00422678922597254,-0.0541755791361126,-0.0259642484272207,0.0354372916523502,-0.0668977438834559,-0.0330003349002302,-0.00964681022212381,-0.0195548285398254,-0.0304015444215508,0.0270043849211787,-0.0104030203186933,-0.0203212456622644,-0.0145319840754332,0.0395700892687291
"SRR30310370",0.0498129870366701,0.0409241276757655,0.011040727461784,-0.0252061397871979,-0.0397318100633097,-0.0205947045564214,-0.00102281783250679,0.071326697113383,-0.0161652844800545,0.07142673934165,-0.0152564455235727,-0.00392163871076439,-0.039802436403728,-0.0180125098797776,0.0329606109019719,-0.0652889433914983,-0.0271432030248586,0.0153251638015823,-0.00412766440831422,-0.026327281267798,0.0248203466016064,-0.00844081786034502,-0.0048236907289056,-0.00994723266003227,0.036985882693186
"SRR24657655",-0.0398260811663912,-0.00880534964528487,-0.0242065646452974,0.105532932426648,0.0235698265033759,0.0877372925529122,-0.0111240676889084,0.0367621196412958,0.00417307972739897,0.104535963230204,0.0303649461457567,0.328949740061684,0.127651135869075,-0.0177770365712,0.00175444792225902,0.0188483286066331,0.00718763461217319,-0.0189439690526792,-0.00720314334941099,-0.00227776911081189,0.14766416548296,0.114298953842428,0.328042798017816,0.0598806013827113,0.363063825208457
"SRR24657656",-0.0469333317586191,-0.0173939323560897,-0.0235926070383302,0.121550750489594,0.0321679313105304,0.103986806593841,-0.0258285849897152,0.0153446921674137,0.0038470308380823,0.101704797837838,-0.0109813944593789,0.311429877850397,0.134161055975903,-0.0254172614707677,0.0129543280039114,0.0470095049638602,-0.0116488211414535,-0.0390483553749943,-0.0203052299890792,-0.0199057340330114,0.135302004838014,0.0164469023916677,0.00757657938922627,0.0117511950390617,0.132198690674577
"SRR24657657",-0.0505953704427943,-0.0288508751867886,-0.0212497941673807,0.116471672648975,0.0333605360311306,0.102214481577089,-0.0268547457459184,0.00413350942697301,0.00953556928637408,0.109376974670049,-0.0123693312825961,0.304769175947174,0.141779410474785,-0.0297973502320348,0.00939297677688466,0.0613665270063253,-0.00800131605522661,-0.0604512885655855,-0.0283441909680135,-0.0175833724021051,0.127230888022158,0.0196705731240187,0.00358870348510526,0.0189382728407501,0.139704128684579
"SRR24657658",-0.0228301627894008,0.0232222686752725,-0.0112018511558193,0.117340741082148,0.00175571693964723,0.0780050459409391,-0.0344560579448792,-0.00856442596483562,-0.0220882664777549,0.0994053134763998,-0.0112328708102171,0.309307139873361,0.116129341998083,-0.0101605992425413,0.0128580699267069,0.00745337698960704,-0.0225982185060764,-0.0563639854672668,-0.0411808183730524,-0.029638449779261,0.0347329859531888,0.0076208974458998,0.00461109900566921,-0.00847620158341345,0.140378943647927
"SRR24657659",-0.0562868770210264,-0.0166799540855619,-0.0185261238162688,0.117782466064624,0.0281434793141289,0.0981797309060387,-0.037791362526669,0.0155985902492126,-0.00995672941662917,0.119842517551604,-0.00671605575543016,0.289367396417469,0.137886693587822,-0.0270382724779924,0.0194376226575371,0.0445291508400724,-0.00918410772033126,-0.0717174385010844,-0.0278702838284455,-0.0142900651354331,0.147393409258047,0.0104554734544054,0.0335231811032175,0.0214963332503255,0.128368431641769
"SRR24657669",-0.0666663362836914,-0.0400932359178249,-0.044663146620946,0.140372250718951,0.0569188699939289,0.114897810603633,-0.0196116212071146,-0.000649264801171395,0.00149699595385504,0.0488884064196671,-0.0216385225516978,0.275158228791883,0.174792109093974,0.00185987529481284,0.016039606081961,0.0418148149667024,-0.00619557732851417,-0.0468811062990884,-0.0262043619600409,-0.0234814226550916,0.0087825809033241,-0.0065533083184491,-0.0100782929933691,-0.0150492883098915,0.0839663980665989
"SRR24657680",-0.0600704360457891,-0.0282874175233964,-0.0443010553500987,0.138733462475241,0.0496649407240567,0.0986956367493911,-0.0151757245888274,0.0144303308369962,-0.00196286520881802,0.0723368510361555,-0.012510971302138,0.275760687692016,0.14910078187308,0.00441213401907804,0.0326656394496767,0.0192105025855418,-0.00872294643514147,-0.0263722438248139,-0.00742805590430743,-0.0164763118721892,0.0144147855498602,-0.00213620064659057,-0.000610598481580175,-0.00874094244377805,0.0849033173891811
"SRR24657691",-0.0667209751359496,-0.0307627373287938,-0.0448214581740578,0.132631383179784,0.0587492509285474,0.114724649196927,-0.021863011728165,-0.00237918876295993,0.00081914400711309,0.0520691562952711,-0.0224328127581414,0.268911426736858,0.160241196529356,0.0041204773589422,0.0358306797629507,0.0408770046613501,-0.00905828511707661,-0.0540856823389349,-0.0272385163201359,-0.0233981655203784,0.00970969221000683,-0.00620120273570405,0.00382522893244116,-0.0142575740369661,0.0822905128527717
"SRR24657702",-0.0626543571093889,-0.0324061661858588,-0.0419120926529456,0.133997233641098,0.054542302118077,0.104836897975302,-0.0181881092929138,0.00577138068226608,0.00394217587417049,0.0529778200927238,-0.0197123224099192,0.272289532288674,0.15712868462976,0.00737644065704939,0.0337419380052755,0.0357616350472548,-0.00743823793424358,-0.0326909549609012,-0.018918086902479,-0.0198158971820918,0.00940999870245894,0.000896765272992897,0.0059908564896676,-0.00943661649520561,0.0816305108057588
"SRR24657703",-0.0526151642142687,-0.0247517940450835,-0.0425329657092532,0.135133958930465,0.0471835422268516,0.0982340859702685,-0.0101677704163474,0.0149854171122895,-0.0048182399514347,0.0654728460641045,-0.0200194613594029,0.266531139029729,0.142179677966129,0.00461525237036354,0.0346172251484324,0.0143039799373098,-0.0105668479184256,-0.0284785788336609,-0.0158255205807221,-0.0201692456662774,0.0338859380957884,0.00341656023568721,0.0387721986686008,-0.00710432230014984,0.0884706641337389
"ERR7738942",0.0244606120411875,0.00671406027044461,-0.0367948234200737,-0.0162047058818795,0.0193089343960588,0.0206728563467558,0.0670669048210322,0.0479012582976989,-0.00080434281895485,0.0767834064988792,-0.0157895187633778,0.00772402589093032,-0.0930298805755911,-0.000192901279163916,0.0319391428829598,-0.0427144295952636,-0.0236910453352857,0.0025534003427241,-0.00280896071958261,-0.0267391721437457,-0.0104074015637437,-0.00984369650910143,-0.0167648097913343,-0.0145427235085934,0.0366652651079369
"ERR7738943",0.0189432642347473,-0.00254057988882048,-0.0371069161762969,-0.0102502741412013,0.0197967534546626,0.0328249915349767,0.0648745464219989,0.0315479750099833,-0.00553302992356827,0.0811052507574062,-0.0135893875797637,0.01149115099196,-0.0327528675931922,0.00739026511886907,0.0111996715451635,-0.0501789204379888,-0.0276321673508948,0.00914331640898945,0.000698346669543065,-0.0275275377609527,-0.0109562828406784,-0.0108465666624687,-0.00896181192274055,-0.0170664033702594,0.02549601885093
"ERR7738944",0.0250768805882111,0.0151434602491687,-0.0365876182756757,-0.00847498208795022,0.0211566405041968,0.0187436374108761,0.0761009866295536,0.0473242846975268,0.000583873590805417,0.0836645886009934,-0.0115882138843905,0.00730967055458005,-0.0329661165398582,-0.0324691033794886,-0.0275244770245953,-0.0409517723390217,-0.0247677903244593,0.000745286971548924,0.00498856501170853,-0.0249042152492736,-0.00969257239500343,-0.0101329012195359,-0.0141333620713351,-0.0152594322692824,0.0251886667143839
"SRR30606508",0.00438512479889023,-0.0217249316107332,-0.0601598060184109,-0.046603843464053,0.0392531207584127,0.064494202370072,0.0333954708743294,-0.0350882715084142,-0.00417028092656337,-0.0222971386897676,-0.0261529741621926,-0.0124730877377847,-0.0249757694831629,0.0103549047126124,0.0680305366398903,-0.000186159213932783,-0.0332958153028481,0.0136831743279591,-0.0521837803111845,-0.0499099430536537,-0.0273154424121423,-0.0123025242855558,-0.0203212456622644,-0.0281621909738084,0.0461467581731309
"SRR30606509",0.0245191666347532,-0.014487753152907,-0.0587581076809427,-0.0419508951341436,0.0336390146098697,0.0220295027776629,0.0895534492008136,-0.00621182312686608,-0.0120283796780028,-0.0297026921078013,-0.0177086197919615,-0.0192747967678323,0.00738237825607005,-0.046746781323291,-0.0189723775337944,-0.0352230904784795,-0.0338427296430643,-0.130880671257289,-0.0608262059904212,-0.0502811640472548,-0.0248242889180944,-0.0133320599237612,-0.0104596501101657,-0.0259410436142948,0.0514614720455521
"SRR30606510",0.0497965155451713,-0.0138911893836667,-0.0443675613803528,-0.0396402575860971,0.00998463207186419,-0.0362961666178705,0.0897493377729983,0.0474139867178279,-0.0124922267734191,-0.0440034330942452,-0.0162486764627027,-0.0189685793491906,-0.0574111240851571,0.0071462010803238,0.0473605501968406,-0.0691765757837306,-0.0252120944709436,-0.00374695053092788,-0.0182514640792354,-0.033086374891335,-0.0227521229138603,-0.0143243334113743,-0.0171355511390365,-0.0225425747007722,0.0527349545503243
"SRR30606511",0.0353997997492194,-0.0177517512930636,-0.0548004730810304,-0.0507779348530866,0.0197651259380179,-0.00916235349059022,0.0863813571196659,0.0317086622943994,-0.0212274114918673,-0.0363106447671489,-0.0117622984140092,-0.0161086382307767,-0.0445124999554368,-0.00959060855176116,0.0361961756434235,-0.0583299230191238,-0.036109058426248,-0.0443988917645064,-0.03817915016223,-0.0408318215815443,-0.021673220829221,-0.0129663192865974,-0.0142946267921995,-0.0232363160445692,0.065993835941253
"SRR30606517",0.0226246356481052,-0.00265648437010316,0.0021703116335849,-0.0469577960801271,-0.0193274102994016,0.0430220378048708,-0.040204520256952,-0.0610099837456871,-0.0434180541057254,-0.042665329152239,-0.0227298160680073,-0.00494002622514685,-0.0265260085092889,-0.00511372058843922,0.0661024874443183,0.0316485806503095,-0.0271352073689028,-0.0462942917880182,-0.0942821993506997,-0.0546547721649579,-0.01938469340107,-0.0146849379079569,-0.0168871437933081,-0.0292584275380064,0.0658217213309613
"SRR30606518",0.0459004191958874,-0.00727254402691151,0.0186428784721195,-0.0309830902897326,-0.0427007936306646,0.00361179962047281,-0.0328958565062659,-0.0465210052884216,-0.0415292760520126,-0.0559592466516165,-0.0248963766654074,-0.0117998150812297,-0.0306418299712571,0.0235803505099923,0.0700025249915973,0.00274009641528407,-0.0251072734041805,-0.021781301255492,-0.0848406224528778,-0.052758962602875,-0.0254311706544546,-0.0142895115937305,-0.0179690696763365,-0.0270633729838371,0.0462308138928181
"SRR30606519",0.0420380324296066,0.0140050107444971,0.017058864073752,-0.0401149855905615,-0.0401383479655132,0.0061384619376345,-0.0318245251128058,-0.0412522770415791,-0.0440060234602837,-0.052761313172743,-0.0185620029444149,-0.0080148859602589,-0.0370284772750345,0.0220826015835987,0.0772507601352291,-0.00478579632188925,-0.0272602845576746,-0.0213313523940459,-0.0790234164172744,-0.049938357049405,-0.0225700280524347,-0.0148521052986164,-0.0185846625772897,-0.0286556760837159,0.052294621259059
"SRR30606520",0.0273005229574618,-0.00492748758202355,0.0124125559263431,-0.0440819435652554,-0.0295712626060041,0.034932564593434,-0.0459612023794731,-0.0624951057974701,-0.0448872461819405,-0.0468540030091302,-0.0187406171920987,-0.0122428375096393,-0.0256645492882418,0.0160445929815759,0.0690390493011121,0.021213595002948,-0.0264174086134095,-0.0508406877161777,-0.0931959553621364,-0.0541785976531201,-0.0227098488185132,-0.0147803319263439,-0.0156909813996848,-0.0285403909024951,0.0556089053875166
"SRR30606521",0.039452763756414,0.0317814896534145,0.0182008677509054,-0.0524187224694392,-0.0504036198209368,-0.0752154343673103,-0.016822379452794,0.136776693982308,-0.0214519967431105,-0.0434436289983171,-0.00339425234629269,-0.0194715517400657,-0.0718662919790982,0.0429945878230271,0.108913115332646,-0.0825997914495373,-0.024843421442001,0.109929699828821,0.0469325593787361,-0.00303653669867777,-0.00318079248290209,-0.00802153597969042,-0.0105496028935884,-0.00991350956939493,0.0462862746944301
"SRR30606522",0.018882871213156,-0.0030541329131556,0.0146212880561312,-0.0487034299383502,-0.032061314234321,-0.0266779279067447,-0.035805558736366,0.105160876226131,-0.0209247992415229,-0.0476557046369617,-0.00756176555062194,-0.0138645187069366,-0.087498312489411,0.0765807504046814,0.13951659057293,-0.0221372118806597,-0.0110872097743914,0.0915815702139431,0.0196729622288618,-0.0123244542729206,-0.00881999001478273,-0.00997980071418762,-0.0151202527368253,-0.0145525401921396,0.0598589042417163
"SRR30606523",0.0215330261587379,-0.00580209837169078,0.00613372173985768,-0.0539921872480301,-0.0231497111367877,0.0435933102807123,-0.0523820796051456,-0.052838606241264,-0.0435804863891229,-0.0419315846913179,-0.0169268932440478,-0.00869773749424631,-0.0337928094580542,-0.00379629403862011,0.0760923532987049,0.0402904291399349,-0.0260179764547469,-0.0381433263806152,-0.0928438705473312,-0.0539071336789927,-0.0183680098604421,-0.012299923183248,-0.0203212456622644,-0.0261170469432601,0.0697042180755778
"SRR30606524",0.0178041395003063,-0.0169320983358118,0.0226086606879244,-0.0411989363274283,-0.03104611180851,-0.00530097429525907,-0.0439430902802047,0.0636428337046166,-0.0331835576485202,-0.0393344959923961,-0.00634594545774803,-0.00808619052464396,-0.0716229167109333,0.0819284956152256,0.128140264236661,0.0154971760144596,-0.00249191150377807,0.0651112780723102,-0.0103418497406118,-0.0207917119912598,-0.00944044403513056,-0.0124178347476834,-0.0133606196177871,-0.0183905913890183,0.0768586701466062
"SRR30606525",0.00323932401931645,-0.000106674099210574,0.0073086289511862,-0.0474537612113216,-0.014578013973213,0.0652129474834411,-0.0705055603446396,-0.0814705450923788,-0.0494478750324685,-0.0350438412046035,-0.0169833426460857,-0.00223145612752901,-0.029472940065986,0.03558589143978,0.095543030463354,0.0675316226390065,-0.012639660163107,-0.0287826022465373,-0.103491733169507,-0.05149430672896,-0.0203663194778807,-0.0131906124934415,-0.0196710087534964,-0.0290242616635716,0.0805933770845904
"SRR30606526",0.0125492922946636,-0.0107975588060286,0.00704686395964012,-0.0567689188842863,-0.0216821517996856,0.0396570498564341,-0.0573046314916326,-0.0281463596689195,-0.046726213036978,-0.0334926433253545,-0.00935328723459147,-0.000122381449594097,-0.0685231218837635,0.0561733958739864,0.127643793087349,0.0465876816806136,-0.014882615954982,0.00620098020574092,-0.0788362836190336,-0.0431073396322518,-0.0159209185316516,-0.0110591195689667,-0.00919806257606617,-0.024250205055477,0.0891459154217297
"SRR30606527",-0.01723428684915,-0.043873716948118,0.0174981664034272,-0.0226751285423479,-0.00818036684462335,0.0861539356609751,-0.0908320837830755,-0.0595946264144494,-0.0434822202897044,-0.0294591936699663,-0.0298103509535177,-0.00688002368173968,0.00197199757124108,0.0694365781704451,0.0991034518549622,0.087610180307791,0.00309095252522265,0.0184582944320748,-0.0977467560730121,-0.0468449177861735,-0.022145969124042,-0.0126366171309286,-0.0188501859264235,-0.0248967513893213,0.0640691164746785
"SRR30606528",-0.0336094755926369,-0.0461828746725818,-0.0063623657167297,-0.0482449146106454,0.00488136734641476,0.0964379137794881,-0.0902936808203794,-0.0728457794061879,-0.0445146938976792,-0.0224764180500238,-0.0284687234204648,-0.00524157369233846,-0.0141781229882959,0.0624456932410172,0.120638320300357,0.0864502156931988,-0.0093088704711037,0.00815573336135644,-0.100165848875025,-0.046126101899065,-0.0192789628851715,-0.0110629827716302,-0.0146545469998683,-0.0254842828790673,0.0948474152419124
"SRR30606529",-0.00851621597379676,-0.0419385021667547,0.0104436170534281,-0.0449494842192738,-0.0144512697757798,0.0492314691849425,-0.068227975340392,0.0225484294783648,-0.0412590113208833,-0.0279117198538592,-0.0193927134029766,-0.0132972706170691,-0.0290805587808882,0.0905145263427432,0.133674041798321,0.0490907060846162,-0.00512179810147945,0.050573288836271,-0.0442183575240321,-0.0290651899195936,-0.0168821545710348,-0.0114640453904866,-0.0137006262436647,-0.0213065780835265,0.0695902616188955
"SRR30606530",0.0131649800959717,-0.0407991449546889,-0.0425597057663104,-0.0442680665254296,0.0250036365093406,0.0322554334768823,0.0263058354864671,0.0308662693178083,-0.00898752149752687,-0.0241331296342264,-0.021515863963665,-0.0210258847029302,-0.0568375900387972,0.0441030408411909,0.100780841907014,-0.0187920726810045,-0.0225649882537861,0.0639849777091215,-0.0033021467799463,-0.0301093773875743,-0.0253185474830312,-0.01082483009092,-0.018385671181479,-0.0237707486570387,0.0386795053612542
"SRR30606531",-0.0218216267525335,-0.0340648274132021,-0.0572941229994899,-0.0389204358779464,0.0478283030224289,0.097588384444204,-0.000356577883703911,-0.0498838629688132,-0.0102905447538403,-0.0111227496752656,-0.0298216950954991,-0.00502917356925655,-0.0124188220339176,0.0481251124798365,0.102202520103159,0.0427365989474867,-0.0219013246336431,0.0224239759522488,-0.0639559620025403,-0.0474483126970403,-0.0269142703279273,-0.0116277089348772,-0.0156377443896562,-0.0289833908896074,0.0648315862810803
"SRR30606532",0.0884670073298579,0.0758294145927494,0.0430314740853129,-0.0238459845945044,-0.0748097517015155,-0.0754512176797177,-0.00497780834219509,0.0395796175281479,-0.0402455415808044,-0.0527141034695572,-0.0215267854986483,-0.0176978021500277,-0.0556984845303033,-0.046508531857065,0.0543423564133515,-0.0812622440086508,-0.0290379273764927,-0.012414997667904,-0.0434213676772932,-0.0395497887587036,-0.0172297841645033,-0.0145721629095249,-0.0100460900039348,-0.0219692937997184,0.0328632737082788
"SRR30606533",0.0764485460011998,0.0765772000088636,0.0447981469874333,-0.026503830832461,-0.073421081566478,-0.0738636670479004,-0.00784741536148297,0.0429264192930388,-0.0363915900537464,-0.0500958310987752,-0.0166957578606138,-0.0149743527752323,-0.0546857708095237,-0.0164698859154138,0.0580456307299033,-0.0791004331901867,-0.0275109372800263,0.0024642697896299,-0.0410798706519341,-0.0353932484555207,-0.016101669547778,-0.0162085834537614,-0.0173883560155235,-0.0229804819104003,0.032273260543167
"SRR18568313",0.00702678620518039,-0.121050389715233,-0.0139128123054478,0.0625811731587415,0.0389052518640227,-0.00826601920014909,0.0450865064786866,0.049850233988693,0.0711092601263827,-0.0358623270209633,0.0146231465234121,0.00433568152385293,0.0364461060088932,-0.0108606577610237,-0.065588400539154,0.0991698764542846,0.0788726468165137,-0.117233488967873,0.00631687499252962,0.027474489502932,-0.0121706475746931,0.000765002832065357,0.117074050077485,0.0823864896500957,-0.000511234785713948
"SRR18568314",0.0157845891264413,-0.133352676229055,-0.00778429438922893,0.0793413018277921,0.0313014336732576,-0.0144461993365543,0.0456231751616296,0.0508017842664993,0.0616331262627874,-0.0410247364364348,0.017512792476445,0.0071584158276244,0.0474773572565603,-0.00993459972261644,-0.0879402457971422,0.0929921405969549,0.0888385488411251,-0.11122415393357,0.00469158312140492,0.0270112056325062,-0.0161190270152222,-0.0038394143404158,0.0539384102810848,0.0752062621172862,-0.00242932769355519
"SRR18568315",0.021028610700117,-0.115159188435177,-0.0131870099594694,0.0691553481191308,0.0295811607059251,-0.0392050619094763,0.0584293694127322,0.0589996023216517,0.0726546823714703,-0.0508357948625536,0.0083248269239291,0.000450717136995674,0.0320352693930421,-0.0162592512252191,-0.0764498684299869,0.0590663405486081,0.0883563535476757,-0.0914718639514692,0.0179129163850172,0.0351165198311983,-0.0156623779087553,-0.00668649244657436,0.122893904448396,0.0687976421915994,-0.0107652491523529
"SRR18568316",0.0162821018525401,-0.0890496629552146,0.010147460122684,0.0754863620349932,0.0395104950983966,-0.0611554208687771,0.0542535512967108,0.118359944872796,0.0592578167847181,-0.054315510316068,-0.00701968921121598,0.00302917388043096,-0.0696099518008561,0.00696124410898278,-0.0210361172135527,0.0815926669672344,0.149125284463636,0.00544527868988613,0.0665202450535965,0.0625446806925749,-0.00551254584658914,0.000400100497538601,0.261918051623575,0.160172657760416,0.00926955762601692
"SRR18568317",0.0198852663591678,-0.0978472616576054,0.0121960095501493,0.0807886857244019,0.0347374028876494,-0.0685155927418763,0.0532992598929556,0.12463964264616,0.0543475306093282,-0.0537631611033643,-0.00491939459565653,0.000503002008652197,-0.0841988773060462,0.0191966121172234,-0.00661023320496566,0.0744569601483997,0.143572406840863,0.0102856782055912,0.0656168114817019,0.0597627289766958,-0.00948893058781903,-0.00216308250509199,0.184114916420466,0.25114772499352,0.0106549798478766
"SRR18568318",0.0301838039411696,-0.117466364659481,0.0156164055029411,0.0903098452925592,0.0262370242275491,-0.0888172859006857,0.0533922167656024,0.135265953080531,0.0396603458452033,-0.0531531946866788,0.00243500286505446,-0.00209738583583916,-0.119530553420487,0.0460647085704854,0.0269725292754853,0.0400221550346229,0.135015812278417,0.0260699931567296,0.0656775871452965,0.0506485191284279,-0.0175703811357103,-0.0079305177052058,-0.0105064890698992,0.345196032775399,-0.00473019063728219
"SRR18568319",0.0151591681493992,-0.111416498188268,0.0553684408733526,0.0905260442630749,0.0077641295928198,-0.0933456145987063,0.0210286130935911,0.148550142281398,-0.00589877946862844,-0.0563890029547841,-0.0141192814941259,0.00192077415277929,-0.0539440283263314,0.0685665985892598,0.0172781792441633,0.0702236997290629,0.209785355332057,0.0978666031016163,0.0944791358633242,0.0863165163655702,-0.00930372625362373,0.000912593008063468,0.0368812918323593,0.224890206763484,0.00360617064427504
"SRR18568320",0.0136399106062013,-0.105658714301477,0.0385575838211292,0.0857407227934053,0.0227220216739571,-0.0830558738029054,0.031096766573185,0.14473679392836,0.0084861747081401,-0.0540822019370152,-0.0160123016096069,0.000999040316609075,-0.0747361952994978,0.0276513303111197,0.00298610141414671,0.0837659963111712,0.20798079932553,0.0704323452221381,0.0882361925446628,0.0838316878849635,-0.0105641793906973,-0.00233933270171743,0.0351690167047575,0.174288707843894,0.0112246004504317
"SRR18568321",0.0184303693147336,-0.12758029556573,0.0519632815524897,0.0957777458144361,0.00498810055395327,-0.102805105148263,0.0254057982466397,0.154767618731574,-0.00808801327739201,-0.059382023753889,-0.00743254308537276,0.00319474584688587,0.00539839754387947,0.055736759994823,-0.0110462593424716,0.0416096126960855,0.189541235912663,0.103703779687482,0.0983464112641625,0.0820238567495463,-0.00377712553678799,0.00288982679993758,0.0136120110738915,0.335205721607646,0.00886605482019839
"SRR18568322",-0.0383228654891834,-0.0754041089395765,-0.0100337007620582,0.0636920664243659,0.0638055048898272,0.0639893954145913,-0.00281225397262481,0.0430969095237905,0.0670474705460513,0.00773084057658764,-0.00995975687379004,0.0126657758271261,0.0841960242478155,-0.0525134031699397,-0.083957399083341,0.177933064829757,0.101026170592338,-0.0654079198362833,0.0133564192056,0.0277070933718898,-0.00473479296060581,0.000620758947326496,0.0714546933220835,0.0524844825907012,0.020745164403061
"SRR18568323",-0.0188621523158754,-0.0690746409098055,-0.00650248421974772,0.0637984375529345,0.0514881434562358,0.0400999909868721,0.0085223088087537,0.0511593143325146,0.0614742785627437,-0.00890743559462421,-0.00926023750821991,0.0113912712681602,0.0697485746255467,-0.0406944468441917,-0.072127407301694,0.151704276631732,0.0913949814387707,-0.053849867348528,0.0203882611504143,0.0277138638093937,-0.00752517922003202,-0.00368328154444629,0.0453346376876713,0.0413654644077813,0.0107795848204765
"SRR18568324",-0.0242171864513908,-0.0744878640164643,-0.0070139200703799,0.050402455939815,0.0532354327174978,0.0380221013943586,0.0103518260710189,0.0509875591351163,0.0594082303938024,-0.0172571575404775,-0.000277778571019207,0.00984030337858897,0.0235418206144979,-0.0137904324237855,-0.0548054271954342,0.157825105919484,0.118092864872578,-0.0324429672858334,0.0264927652105062,0.0386748954967159,-0.0114046710474099,-0.00606732304958409,0.0535886754447515,0.0521814683481586,0.0203681649002494
"SRR18568325",-0.0217293875205791,-0.0878685613048412,-0.00322653171010917,0.077799964667878,0.0509239830774037,0.0276496744679357,0.0154474971177361,0.0823363012666313,0.0589434105512558,0.00365326808052113,-0.00374024923334647,0.00635751747291693,-0.0401468194529211,-0.0129664479153334,-0.0268652605322392,0.155677235453604,0.0982110523270223,-0.00549054543088366,0.036798331415622,0.0349713892099642,-0.0146083126280141,-0.00412261355212481,0.0213380750316093,0.138328673617025,0.0240313092138944
"SRR18568326",-0.0245530514811534,-0.0840813171116809,-0.00493064674814887,0.0734237033299913,0.0489543243916529,0.0278037618669173,0.0132861271616954,0.0834781157575921,0.0524492249630442,0.00258466071920675,-0.00347726489582163,0.00404821292305255,-0.0222119778215756,-0.0095923870285173,-0.0333729960238694,0.151067314409096,0.0979125523461893,-0.00113229799293849,0.0416143070258639,0.0387813181553922,-0.0166076765063641,-0.00488252563569636,0.0387792141068754,0.079719512844395,0.0197747518109787
"SRR18568327",-0.0142321223121196,-0.0945607015527579,0.000386830948815266,0.0957128619555958,0.0569184447444646,0.0227436421165019,0.0228670549145003,0.0859564135275818,0.0603832826985927,0.00778093699685899,-0.0104322994580569,0.00443457496404751,-0.0712561248670442,-0.0294589519390123,-0.057790926191328,0.169582934064128,0.121893041199119,-0.0314710688216112,0.0290197284559391,0.030009708261917,-0.0131775480332116,-0.00702881809593262,0.0107485272938724,0.211388518728544,0.0263466090050375
"SRR18568328",0.0132014900461418,-0.106855138430403,0.0410942397332986,0.0748549951916931,0.0104542911354673,-0.0784676170028143,0.0265184438936356,0.149935458432827,-0.00780817254989529,-0.0529503661247303,-0.00533035320160572,-0.00411178564342641,-0.0774193788251327,0.0843221370494375,0.0336911453699421,0.0629122288905265,0.183692473137383,0.113736379644822,0.0925648285806597,0.0769228917713073,-0.000969303750758734,0.00613983485923874,0.244356453130421,0.28126965593893,0.0255980357605458
"SRR18568329",0.00793197816162945,-0.103409908411493,0.0162992148632446,0.0671083515102843,0.0295439141657903,-0.055869092178116,0.0306769624697438,0.156337280738055,0.0144535424630968,-0.037454038101229,0.0143572884041836,0.0221950892974415,-0.113819524596686,0.0357546531744677,0.0326774204626626,0.0821117362674421,0.164260405765389,0.0781843589969461,0.0829600958767978,0.0712059004656921,0.0206797519196394,0.0238448522824596,0.579681890119071,0.29965475875982,0.0756510641127827
"SRR18568330",0.0109642924728892,-0.10707072951936,0.031935554311572,0.0755179355699371,0.0174583234494741,-0.0687413515029954,0.0278032085935212,0.151850570853978,0.00287937603513762,-0.0460075579755289,0.00492098398796954,0.00995743556306159,-0.0839465290014923,0.0672707039025357,0.036537506936154,0.0697944025545524,0.178713434740151,0.0996399309961146,0.0887939049474304,0.0751305656675481,0.015361925590232,0.0176780698048877,0.500041905059244,0.293091173422272,0.0522115211219588
"SRR24107301",-0.0892523394377118,-0.0558673916603534,0.0507688259419605,0.0151823072715067,0.00800791854559768,-0.04825218438667,-0.0674610627785648,-0.0658402873980593,-0.0227612531917869,0.0381468835892403,-0.00145311800513518,0.00721713634715273,0.0572256329129118,0.0755420123906415,0.0521780934885702,0.0661780887586379,0.0642877881897412,0.0270158857385758,0.0412294505840911,0.0947303658983266,-0.0118163007846291,-0.00581527291631074,-0.0129275340846809,0.0384635346119836,-0.0307052100532124
"SRR24107302",-0.0895611550516813,-0.0559972062699568,0.0499997851882004,0.0187344630505819,0.00925716693006284,-0.0469668214704069,-0.0690957268522858,-0.0656270633717987,-0.0230711703008097,0.0396653388004705,-0.00029389215073146,0.0124654783510442,0.063222250802862,0.073121857211643,0.0391447099220535,0.0692677364022994,0.0676589163685261,0.0239189105170744,0.04239019622627,0.0957053433049024,-0.0107558511294971,-0.00504037042017019,-0.0158216571536783,0.0352464401306032,-0.0272637803212569
"SRR24107303",-0.0954377770481741,-0.0436503476329422,0.0567177191970459,0.0103978627968492,0.00617016479796093,-0.0448393781347609,-0.0715738405464779,-0.0617045267704416,-0.023154716659633,0.0597808384802748,-0.00152048242036583,0.000302304783069776,0.0129073220263019,0.100399459318029,0.0698402551440315,0.0624532938120083,0.0725913429692444,0.0389189212734306,0.0490468494936964,0.0990951585573361,-0.0139562222490998,-0.0078946781990706,-0.0203212456622644,0.0332685760642018,-0.0533048813674767
"SRR24107304",-0.0962305639527821,-0.0389596923003993,0.054362032237923,0.0141048431348094,0.00629749022485558,-0.0395711461498165,-0.0769573232543458,-0.0584763470316751,-0.028091216481615,0.0626826180502532,0.000579753727380086,0.0154823985049288,0.0419847455739233,0.092922915177408,0.0692914370604872,0.0660340239966766,0.0756012806333949,0.0347645003844499,0.0460132476338788,0.100053346395962,-0.0110778610933945,-0.00128514725310525,-0.0157093762444585,0.0331504639119494,-0.0335313786723039
"SRR24107305",-0.0852901318557727,-0.0248129812345747,0.0361193192079172,0.00495479841885538,0.0138014334966945,-0.051976183028746,-0.0529943394566381,-0.0529300778274623,-0.0206881110971073,0.0489403660096338,0.0117274134543468,0.0226373711974005,0.0340276882342827,0.0838041046363844,0.0643220423270359,0.0544620390235064,0.0943676250543402,0.069242029560927,0.0753541239659505,0.110634501805372,-0.0117247602497018,-0.00407821382081134,-0.0104026634028423,-0.00214360911783883,-0.00897025788202531
"SRR24107306",-0.0855254840319827,-0.0252466740284613,0.0366204790834879,-0.001332438560841,0.0140371646929333,-0.0509789457942431,-0.0532582486702095,-0.0546239558245016,-0.0196201493585788,0.0500507876264506,0.0120387479295291,0.0230196104526093,0.0254882368775789,0.0832756719822158,0.0677090821242356,0.054313940089569,0.0898481413682468,0.0697909913637405,0.0748040361127222,0.109547323308653,-0.0108293466353202,-0.00512775674774991,-0.0140285933770698,-0.00240002717659339,-0.0190112932393733
