"","MEblue","MEsalmon","MEroyalblue","MEpink","MEsienna3","MEpaleturquoise","MEplum1","MEdarkred","MEmidnightblue","MEbrown","MEdarkgreen","MEcyan","MEmagenta","MEgreenyellow","MEwhite","MEblack","MEturquoise","MElightsteelblue1","MEgreen","MEorangered4","MEskyblue3","MEgrey"
"ERR7738945",-0.00686001543641185,-0.00706394955915129,0.00690785759710129,0.0131635980527002,0.00106822531841848,-0.0106804897487959,-0.0207008763535725,0.0984726049419795,0.0736108052004981,0.0286585613818212,0.0200926665378461,0.0410598044691908,-0.017009589750341,0.0703402189240733,-0.078636957524462,-0.0577617843904432,-0.0292936973340942,0.0153741886775963,-0.00597121645941607,-0.0129163940072064,-0.00689388325953184,0.129789844907912
"ERR7738946",-0.00638379729584815,-0.00660718086363654,0.00367569191569,0.0118182491846642,0.000149983812738617,-0.0109881758246315,-0.0183541219373369,0.0976596501275099,0.073804894965442,0.0286505301788977,0.0199617380031366,0.0385976481431487,-0.0172797530265887,0.0708584373800705,-0.0819297654168635,-0.0574813293164117,-0.029638052742749,0.0150382838593632,-0.00801171677127299,-0.00926877144643176,-0.00777786954568294,0.0963608519286319
"ERR7738947",0.0105062708358986,0.00329053883956465,-0.166540987213721,0.0153545278702477,-0.0387917073849919,0.0055769503449116,0.0113969569735718,0.0798154529806824,0.0633945510725757,0.0187753530553455,0.0324509620134643,-0.0120381594955795,0.0237737949227509,0.0572073072765746,-0.062310950321545,-0.043717071996133,-0.0324846902890515,0.003106235043572,-0.00327496232062918,-0.0174707260126152,-0.00943235407203369,0.157230974038099
"ERR7738939",0.0412192517281748,-0.00368708218413788,-0.0507710656337553,0.00129128785395144,-0.0252100184349938,0.0800621921665853,0.0518497167468605,0.0445849697799453,0.011179327975527,-0.0185934729936095,0.0300743585926729,-0.0407596988470967,-0.0143855698436329,0.0569203425189208,0.00164930806161121,0.0166786561430418,-0.0293453973271016,0.00189687444065601,-0.0114433151355241,-0.0135312433715956,-0.0152527771404734,0.0263494331930095
"ERR7738940",0.0417158242951698,-0.00368924638998339,-0.0487084862906333,0.0069437033553397,-0.0268746462417821,0.0775333477920814,0.0521329104216047,0.0465657178768065,0.0132921121933458,-0.0170988150297282,0.0303561493019169,-0.0435402343299808,0.00418381942122094,0.0575560265733719,-8.34576286203106e-05,0.0166840552164953,-0.031008417306908,0.00362971678504043,-0.0118379027589004,-0.0118815469129157,-0.0146692668737108,0.029073466434553
"ERR7738941",0.0479655725284578,-0.0134812684420006,-0.0450575593706021,0.00609144718814779,-0.0235775788462628,0.0970363861457388,0.0397443263751557,0.042637790825924,0.0106507328811916,-0.0163705526925978,0.0399432400661135,-0.0407903149283017,-0.00102053895534563,0.051040829245774,-0.00319498844131801,0.0151736847207767,-0.0337299296353121,-0.0137055780440857,-0.0152576564362577,-0.0158065600580384,-0.0187066876834547,0.0209472419606233
"SRR8689382",0.0363511223926128,0.0331641499916744,-0.0540913935175173,-0.0185405685429986,-0.0328894986631148,0.0453607118676724,-0.0523493569465917,0.012512285661374,0.0569752815435241,-0.0146942839558797,0.0253098798492772,-0.106831134337587,-0.137271608976322,-0.0252402074709208,-0.0501940390198357,-0.0950940349438143,-0.0506303430770192,-0.0317429637072819,-0.0206826373827519,-0.0190094473336702,-0.019798041891953,-0.0268274593635256
"SRR8689383",0.0360726044279707,0.0348020719216101,-0.0334339095345201,-0.0174501311240671,-0.0366363978603953,0.0429713957404555,-0.0534298964377787,0.0110914898907884,0.054980168498234,-0.0159470818048533,0.0231880818473681,-0.103387614064916,-0.143311426348794,-0.0252222277767956,-0.0491106443418015,-0.0934113387341225,-0.0512778932976294,-0.0358021571503978,-0.0218352495129656,-0.0164986012069647,-0.017060062724638,0.0251535815382515
"SRR8689384",0.0351479989896688,0.0342694948131097,-0.00832781564803204,-0.0213883212366135,-0.031156556647577,0.0436426072245007,-0.0537587648879816,0.0130110421188216,0.0564865643923044,-0.0151582600329324,0.0231884424394602,-0.100993641932484,-0.156131050389161,-0.0258287669424068,-0.0513693372632011,-0.0937128798675175,-0.0510654106002326,-0.0296505579133235,-0.0201580353533646,-0.0158089848888411,-0.0201671754245002,-0.0535222894442656
"SRR8689389",0.0140582564882808,0.0204218090682888,-0.110005421769416,-0.0187746783710663,-0.0428702133993219,1.46622424636289e-05,-0.085224963114239,0.0553393201660202,0.106097349256322,0.0270378254358515,0.0345978136689582,-0.0908245820805372,-0.10231996826025,-0.0268192807344147,-0.135980458978014,-0.145343092954119,-0.055078451074606,0.00767727689927024,-0.0140163215357684,-0.0204179135991026,-0.0167490792059942,-0.0622986591931055
"SRR8689390",0.0123954456259075,0.020625205878349,-0.0652821722975375,-0.0117618353406557,-0.0347762547812254,0.00227091655837544,-0.0843619693947809,0.0539501215414676,0.105650824089428,0.0233986945963888,0.0305321330673895,-0.0849746476652521,-0.127418410693247,-0.0277082475077321,-0.129463901578539,-0.142964864799235,-0.0550648368155208,0.00839034645423631,-0.0151908324455261,-0.0190554321533595,-0.0203499389240912,-0.0220150759992102
"SRR8689394",0.0264296035744156,0.0309600527900373,-0.12097920204562,-0.0175630589234685,-0.0463587371019987,0.00389368372844753,-0.0868318314392952,0.0442778377046611,0.100480537392826,0.0173590345341761,0.0359903786167629,-0.119160879686277,-0.118654478419503,-0.031087266424797,-0.124076383644185,-0.144728505733198,-0.0579214771544221,-0.00808080829373068,-0.0144586119821033,-0.0204179135991025,-0.0171937655685088,-0.0256028387758621
"SRR8689395",0.0232602097903961,0.0306819256151294,-0.0183605016857799,-0.0178205449977799,-0.0236855234087241,0.0108056724456712,-0.087536936672849,0.0409890468839312,0.0977667234251446,0.0101544634335822,0.0294931115128046,-0.107806109508354,-0.161319386302671,-0.032984977761373,-0.128694878390441,-0.14106530913231,-0.0588774959806105,-0.00584096186524031,-0.0177145411285001,-0.0204179135991025,-0.0226134797771756,-0.0488357447779144
"SRR8689396",0.0230196210958254,0.0321731720784188,-0.00489224409850849,-0.0149126177831659,-0.0228570195019217,0.0112653345519551,-0.0871849019999715,0.0414027467032868,0.0989903700124369,0.0109314871364511,0.0298218808960886,-0.109872474525502,-0.170590424694468,-0.0336670029308934,-0.126527274942276,-0.140151415741689,-0.0580277094156038,-0.00604815133799087,-0.0159492523410172,-0.0163006559637892,-0.0206796488980246,-0.0385203898010407
"SRR8689400",0.0642015114326247,0.0463079524227607,-0.0648924663731475,-0.0116660137338789,-0.0273680420913257,0.0903859661655338,0.00657642300547271,-0.0557728479083665,-0.0210208029294408,-0.0654786657735323,0.00661677812558271,-0.108349976163062,-0.125910201049446,-0.0331182853052698,0.0293311747690503,-0.0268195286110506,-0.0375268247050952,-0.0447314608433056,-0.0172266917142043,-0.0204179135991025,-0.0143777692372792,0.0109053676156334
"SRR8689402",0.064328199131714,0.0471051959202085,-0.0617963968009375,-0.01369803318545,-0.0246772885540281,0.0886277618522284,0.0109379993451374,-0.0547875222596691,-0.0220984595432977,-0.0661743081089894,0.00621624987288772,-0.107288185369437,-0.133119230143751,-0.0348852924396952,0.0277669276042401,-0.0253390456914207,-0.0382577489986731,-0.0435024567092571,-0.018960065436629,-0.0137403270990854,-0.0138924257269777,0.0377636600450212
"SRR8689407",0.0552291490816541,0.0438692607963301,-0.0581467355365777,-0.00393750277110567,-0.0290482259363894,0.0955683719993316,-0.0196118897489957,-0.00871257535428237,0.000421937837811495,-0.0566925982024383,0.0302168608188252,-0.141777248498334,-0.170984708214542,0.000310539990722903,0.00047420447428224,-0.0596632369475715,-0.048228487869434,-0.047312997357308,-0.0196792981690648,-0.0154439031835368,-0.0141824448067765,-0.0205915029048865
"SRR8689408",0.0553638009271714,0.0438334991158397,-0.0770686505240765,-0.01220233343078,-0.0300676812176139,0.0910672057282572,-0.0195995104493367,-0.00978549679944961,0.00139608176499209,-0.0543298513145717,0.0310521677709359,-0.140942607269094,-0.169548371604695,0.00123076705130586,0.00187216953755592,-0.0584478488205211,-0.047894154824543,-0.045031904074617,-0.0187606782396879,-0.0172338173736774,-0.0143761978725202,0.00899886905081619
"SRR8689412",0.072439916269697,0.0595086112423085,-0.0595412026387783,-0.0129284048230388,-0.0173042160625613,0.0885102034738575,-0.019085414046717,-0.0542556475088904,-0.025357071627477,-0.0756176260284604,0.000177794114437095,-0.0923052683021241,-0.102901106603547,-0.030479221193001,-0.0170200490943818,-0.0512370674917689,-0.0462092916243236,-0.0489162015281201,-0.022770803635664,-0.0100142013270014,-0.0174947560768951,-0.0256026030232842
"SRR8689414",0.0732429991262259,0.0576316571658489,-0.0740141153077518,-0.0122047448346686,-0.0239666523269199,0.0865580517240303,-0.0181369093534655,-0.0549834340720757,-0.0250464845338326,-0.0752871364838391,0.00156918341923943,-0.0967578127036506,-0.0961819973119158,-0.0289199986111934,-0.0148209472926208,-0.0510266117460486,-0.0448674762296465,-0.0484750569635848,-0.0197396803860984,-0.0169943714433646,-0.0180106570750832,-0.000146807626484122
"SRR8689388",0.0111078323127576,0.0234524100398926,-0.058226469132794,-0.0191005301254431,-0.037190274033175,-0.00186291299353621,-0.0875740074190684,0.0514145004293703,0.104862360599449,0.0206537638028049,0.0293327400303935,-0.0822989127969367,-0.135519831357821,-0.0268696589470566,-0.12563085058347,-0.141943751661073,-0.054707944341365,0.00117141153444004,-0.0147524493565731,-0.0192002002919458,-0.0221039128903406,-0.0119535608915088
"SRR8689401",0.0658341584989276,0.0471216576709058,-0.0985466025847569,-0.00624329749739976,-0.0370429045310068,0.0891646274671949,0.0125199622981787,-0.0534177457764148,-0.0214794990268071,-0.0626388776111561,0.00834794892842971,-0.113289821509173,-0.117024418363449,-0.0332906869566847,0.0287961474328319,-0.0286198542143787,-0.0381000046137658,-0.0463455162526449,-0.0167248906701739,-0.0168308752008959,-0.0151823051806214,-0.0309953959724861
"SRR8689406",0.0559323208921683,0.0413745583769401,-0.0953609131872983,-0.0119893067603854,-0.0291783207905792,0.0913357429385457,-0.019460256436574,-0.0099572398092392,0.000518291726650346,-0.0553231061177821,0.0301555390515027,-0.142315184823423,-0.162523255937641,0.00274952585874204,0.00328722488910356,-0.0588321880540739,-0.0472446467672001,-0.0500915442696239,-0.0177512531796293,-0.0168040316611883,-0.0166550766642612,-0.052417312722089
"SRR8689413",0.0727045559793085,0.0591664565010493,-0.0841349656857689,-0.0128347169992186,-0.0240274222661756,0.086316214031593,-0.0164773437684645,-0.0551679435821885,-0.0238064085718461,-0.0734165173178281,0.00235421448637251,-0.0981313223806609,-0.0951814432261834,-0.0296965964188193,-0.013576493152985,-0.0512758750552142,-0.0452332699611208,-0.039946166641484,-0.0191664822080309,-0.0135088699816936,-0.0187419505244491,-0.00367091966007744
"SRR8800677",0.0835934467276529,0.157037768833695,0.0505590851636183,-0.0119174726414929,0.119089859221709,-0.0591758378857575,-0.0492836236444544,-0.114773170186564,-0.0870378336846839,-0.155244324473199,-0.14517274190535,0.0725686223977692,0.00957860306370018,-0.0486653642378855,-0.0281528870585195,-0.0738937826304318,-0.0536150135377314,-0.0473904170615354,-0.0313968417181774,-0.0204179135991025,-0.0330099482968906,0.0274328336735203
"SRR8800678",0.0841814900309274,0.153830462764829,0.0481827535302324,-0.00713695973828864,0.135160773542629,-0.0692837899462052,-0.0431172400079111,-0.124551997261322,-0.0861259108316914,-0.160389404455495,-0.145471229222129,0.0731192794167907,0.0144918161140658,-0.0473815634628301,-0.0270409131656261,-0.0793785654241125,-0.0548043253619008,-0.0623195801582535,-0.0331061587934316,-0.0204179135991025,-0.0312197207525573,-0.0390942888712032
"SRR8800679",0.0815105050895957,0.153007619312273,0.0511643907026044,-0.00421993835158718,0.132648663059872,-0.0567253473533692,-0.0334495044088027,-0.113324356198373,-0.0834372616058454,-0.151044746445244,-0.140681538961171,0.0719031909238547,0.0140276905350958,-0.0440657544606896,-0.0204888150127333,-0.0643743812904397,-0.0473486952682878,-0.0457845408464374,-0.0289932707192923,-0.0204179135991025,-0.0248638022152811,-0.0237330381109733
"SRR8800680",0.0813077125586378,0.152573566341137,0.047606087948335,-0.00154734159850485,0.132320727506775,-0.0616465685268031,-0.0407055967816862,-0.112527584556406,-0.0838491336845932,-0.151737022752066,-0.140424306443712,0.0743419445348399,0.0138248124146569,-0.0446929479441083,-0.0142963973903088,-0.0657470114212931,-0.048037401725671,-0.0446170162960296,-0.0288553271529037,-0.0149250046499172,-0.0246615203187634,-0.0129383759536334
"SRR8800681",0.0811716784192142,0.151418084942596,0.0529993480233686,-0.00401409548142938,0.133065337823494,-0.0570119094005063,-0.0397984173501575,-0.114172717957819,-0.082381095685453,-0.151565372384198,-0.13942665532529,0.0734704386504344,0.0126109177034695,-0.0446186569131713,-0.0232838345023951,-0.0660073859453389,-0.0488099056058329,-0.0505659718569022,-0.0283313081702681,-0.0204179135991025,-0.0277298700644904,-0.037736260384304
"SRR8800682",0.0767583984947915,0.143241611314329,0.0485013438059051,-0.0128954572850613,0.123944641905303,-0.049521958291977,-0.041103950388894,-0.097388571764297,-0.0759654727215868,-0.143958382107689,-0.129117305618325,0.071927307131594,0.00801921868530154,-0.043517471868406,-0.0333284457917916,-0.0769619872807555,-0.0528812413226957,-0.0506613558585512,-0.0317593857113371,-0.0204179135991026,-0.0340362749185964,-0.0174500739467921
"SRR8800683",0.0771081637715494,0.145330856046464,0.0411048116974088,-0.0108389806560192,0.113939406045225,-0.0581919902358153,-0.0572587010867368,-0.100783358876198,-0.0748733662799036,-0.144946177022578,-0.131337634730275,0.0742744848914924,0.00505717520072037,-0.0464782830311775,-0.0353363970012123,-0.078306013216376,-0.0534797299776214,-0.0437678338565277,-0.0331735879869704,-0.0204179135991025,-0.0363779545586853,-0.0656703520948756
"SRR8800684",0.0751671434511197,0.143190138090618,0.0479421839561618,-0.00297584829464614,0.121844801226733,-0.047338817074541,-0.0447822637170527,-0.0945792819734487,-0.0711810100484541,-0.139284987397089,-0.125479996771384,0.0710725112136988,0.00725793046705747,-0.0389500233395857,-0.0254313083372429,-0.0721355229312025,-0.0476680168445529,-0.0470704895168133,-0.0276123775131835,-0.0204179135991025,-0.0307759657424744,-0.0310192832739697
"SRR8800685",0.0758604718081353,0.143220454268688,0.0502009616858531,-0.0045446539998448,0.11680959606511,-0.0558097806840218,-0.0469050107311346,-0.0948160280734332,-0.0716772124690216,-0.13951341580615,-0.126760807258146,0.0720364961656046,0.00426426681784875,-0.0396618480858813,-0.0263433047171155,-0.0704852193813663,-0.0496750848561256,-0.0434737162601369,-0.0290083554280996,-0.0204179135991025,-0.0292424016078697,-0.0191839642506628
"SRR8800686",0.0751893641768636,0.141222565720375,0.0482742297712367,-0.00124688727286084,0.120141153299746,-0.0543524355838577,-0.0506032918738385,-0.0964530534200012,-0.070854215758748,-0.139019133706409,-0.127552020280273,0.0732731603196381,0.00706320613526485,-0.0400798829334547,-0.0246053326604054,-0.0712477459125733,-0.0489891461601451,-0.0463766907726663,-0.0280603429381718,-0.0168961417939904,-0.0293735578286608,-0.0444694930161264
"SRR8800687",0.072569118724272,0.146066945608642,0.0453158572161352,-0.0065526556614923,0.118026866375748,-0.054142043286027,-0.0581485072739017,-0.0830364147818334,-0.058759933586977,-0.135512602365829,-0.126210452865987,0.0660522273058831,-0.0196132887458067,-0.0363333122971817,-0.045809089441123,-0.0924131674435871,-0.055848944653055,-0.0466199642607662,-0.0324215609199139,-0.0204179135991025,-0.0334619170762608,0.048763053170689
"SRR8800688",0.073815337941006,0.143850746538366,0.0554917273735041,-0.00675336632685752,0.134217553501961,-0.0558168929053875,-0.0707277843276993,-0.0863344821826582,-0.0604791197324931,-0.135108863067766,-0.126529843918595,0.0660967165895373,-0.0233196581882075,-0.036367580790695,-0.0482361681782303,-0.0959202278067061,-0.0581397479789564,-0.047869062464171,-0.0325421384925463,-0.0204179135991025,-0.036373489620547,0.0360479063212462
"SRR8800689",0.0714413339343537,0.143074511792838,0.0511651771942601,-0.00071225975303794,0.119673811084609,-0.0516007058679336,-0.0529300065561588,-0.081010788542963,-0.0559204433221855,-0.13032359311296,-0.119018241774956,0.0662845182404026,-0.0152515915305567,-0.032457823067933,-0.0360070204374437,-0.083177975213977,-0.0510137489103727,-0.0366855118306303,-0.0288428804241097,-0.0204179135991025,-0.0285251460206746,-0.0358950625984945
"SRR8800690",0.0701226859246595,0.143089989837407,0.0505269424779061,-0.00228849181139457,0.117370329495869,-0.0504327639709723,-0.0516488593669448,-0.0806806015683192,-0.0544383353084308,-0.131584491922139,-0.119319385947622,0.0680096133411194,-0.0181911993011823,-0.0326774475413674,-0.0399571764334395,-0.0828803486704904,-0.0504766350357546,-0.0377940821326403,-0.0275564100260266,-0.00859042192304954,-0.0286358906334951,0.000162833833102458
"SRR8800691",0.0705184907792653,0.14321180211511,0.0490592671628583,-2.27073101022531e-05,0.125296294186389,-0.0526790036552602,-0.0577989240147071,-0.0817005790079299,-0.0561190551847325,-0.130741848304579,-0.119670575104464,0.0689697637706715,-0.0199240477077003,-0.0337118206875771,-0.0385900120097996,-0.0837928678778293,-0.0519745322020335,-0.0403758635323052,-0.0274719445110993,-0.0181795871606363,-0.030171963499403,-0.0380977077009783
"SRR8800692",0.0696834548396362,0.135077811813214,0.0342436116126242,0.00796417961647499,0.105360562837744,-0.0549848115398346,-0.0294340662279151,-0.0729261743489991,-0.0520597934995783,-0.126567414044186,-0.117418601028486,0.0719766167057611,0.0163822045161515,-0.0295308875288527,-0.0250570093325042,-0.0685327665048002,-0.0454015189177619,-0.0404443605440587,-0.0236219873523527,-0.0160487011578017,-0.0229864582202255,-0.00150314609447008
"SRR8800693",0.0599262749203279,0.123042057519513,0.0345609940114732,0.00740563110753768,0.103395575194775,-0.0598176889748829,-0.0429313478779099,-0.0398196815594616,-0.0255650628423231,-0.101727014440061,-0.106060417718764,0.0720159758675842,0.0290051861829901,-0.0200785653100833,-0.0398219033673494,-0.0768785252028965,-0.0460951855497308,-0.0203993114998002,-0.0233376063245167,-0.0136498858093714,-0.0248878800055208,-0.0125982443164315
"SRR8800694",0.0601627044752865,0.122223622058995,0.0340713070279635,0.0069974709019704,0.0999339479865662,-0.0596101979922482,-0.0379303398040336,-0.0409788577447699,-0.0256423246925138,-0.102709830289762,-0.105936201955684,0.0725291585320784,0.0299396667395673,-0.0218141395222463,-0.0414621240748332,-0.0778177294259539,-0.0467082817839842,-0.0177074547596162,-0.0241505646057117,-0.0142182863618505,-0.0250514301102678,-0.0323641091259217
"SRR8800695",0.0736199514019483,0.147356983339865,0.0343298090641595,0.00662221452148044,0.113800919315889,-0.0608644072796636,-0.041499727123276,-0.0935689530441332,-0.0653113343781058,-0.136441536548093,-0.126588487201858,0.0766501240114895,0.0097018954318074,-0.0367135409149994,-0.0337612929627542,-0.0733391846218162,-0.0473996588371164,-0.0450741310569265,-0.0244284998948543,-0.0204179135991025,-0.0234409714019161,0.0127085028986633
"SRR8800696",0.0742687076410407,0.147309657125016,0.0345389576355839,0.00675759972150232,0.115724400709264,-0.0575943427498164,-0.0485082331510429,-0.0948107463850677,-0.0664191229230902,-0.138765613020159,-0.126612461456584,0.0774262318605275,0.00885573942836394,-0.0375642103980661,-0.032728621091065,-0.0747854307034431,-0.0486148000204229,-0.0472629265500818,-0.0257540752226994,-0.0204179135991025,-0.0289874510795441,0.0789217274580336
"SRR8800697",0.0775031163599516,0.138622821117302,0.0509208493884841,-0.0128680663441941,0.122090578511231,-0.052867769255226,-0.042529042622432,-0.106713074332455,-0.0713316517792038,-0.145302658145386,-0.132451437503552,0.0771393095398507,0.00444513351431826,-0.0541865156864594,-0.0269701084910495,-0.0709045177597886,-0.0529256627861024,-0.0523351821156203,-0.0333707739780772,-0.0204179135991025,-0.0321216900512369,-0.0592130631766259
"SRR8800698",0.0774764088084164,0.141344513646321,0.0493179804838082,-0.00900156578573763,0.118534896274473,-0.0542980841064866,-0.0570132827349174,-0.104989887811872,-0.0696705421052245,-0.144135160818017,-0.131986773264921,0.078470475198625,0.00187454050289831,-0.0552167407653772,-0.0217802161255259,-0.0789057495606939,-0.0534299342686506,-0.0516252484175482,-0.0342852987540547,-0.0157912642368958,-0.034162972954765,-0.0641513119490031
"SRR8800699",0.0755974532318653,0.138678827660077,0.0492871030849273,-0.00261037854971085,0.112275359565103,-0.0496355950103453,-0.0361885379164745,-0.101176375389088,-0.0683534174815787,-0.135779873648545,-0.12576792405668,0.078107243992894,0.00581174977452545,-0.0481394172175236,-0.0148185237777979,-0.0630026395714008,-0.0476432929290123,-0.0411739358892709,-0.029393313353406,-0.0141688994424452,-0.0286280453736474,-0.016346601082225
"SRR8800700",0.0749221788657366,0.138780619108246,0.0512151521846936,-0.00388550267152296,0.118027913171025,-0.0493924315439255,-0.036678413404558,-0.100421030314415,-0.0656724175430315,-0.137436944226224,-0.127419516301694,0.0783304240517316,0.00311876543402932,-0.0498154471678958,-0.016411015163228,-0.0643169597211099,-0.0476063674141205,-0.0477392648826476,-0.0285880256477523,-0.0204179135991025,-0.0287132651890112,-0.0350243177427585
"SRR8800701",0.0750570239628902,0.14043705579262,0.0533426596686173,-0.00331247990992716,0.116860683755014,-0.0510952533019703,-0.0391208754795416,-0.102914414101687,-0.0659383256762278,-0.136810003048987,-0.127492931652445,0.0778552975505463,0.00231413889531856,-0.0501037417278886,-0.0172851699575888,-0.0631936422231309,-0.0472526676003781,-0.0520904169208508,-0.0294327541737795,-0.0204179135991025,-0.0294677232401776,-0.0351508483901491
"SRR8800702",0.0749804743024213,0.134601472600755,0.0437996212520171,-0.00743374131369323,0.111460272667433,-0.0446128902635441,-0.0532099539311948,-0.101237901707266,-0.0635606283950018,-0.13408088291478,-0.124582200379737,0.0794871994452105,0.0030958109469759,-0.0540812625987107,-0.0289912619117139,-0.0693518671321454,-0.0497088496597398,-0.0460134617922987,-0.0331010109693796,-0.0135875145096685,-0.035897928611077,-0.0534660420808385
"SRR8800703",0.0754347052291452,0.13499268921664,0.0499594094366818,-0.0106989693456525,0.111385854555727,-0.0512494209162701,-0.0522684448066038,-0.103657876670291,-0.0645924595800173,-0.135359703262964,-0.126799365448984,0.0787121505435527,0.00175563586626739,-0.056162505216027,-0.0221610839727583,-0.0764412430916523,-0.0531776672156003,-0.0488911151931791,-0.0340940978027345,-0.0204179135991025,-0.0362477804615,-0.0592034540710678
"SRR8800704",0.0722774553591661,0.129865104203597,0.0445190279533538,-0.00272340774140897,0.113285443248775,-0.0444470053194989,-0.0364752713203327,-0.0961545485308194,-0.0612664208904203,-0.129402192352768,-0.120500771795051,0.0790380219182437,0.00607233735582305,-0.0487571427000612,-0.0212536178573004,-0.0632060295127159,-0.0462415888056631,-0.0496838954555004,-0.028844256909736,-0.0204179135991025,-0.0302342348431129,-0.0127514545995475
"SRR8800705",0.0719844310437717,0.130365257428489,0.0461290087184209,-0.00308459763293777,0.113805623414519,-0.0439214197559825,-0.0422317481623422,-0.0956427453434422,-0.06002782379957,-0.130214124427465,-0.118670816401825,0.0789377999791991,0.00495993048267953,-0.0483765225459517,-0.0193742787366214,-0.0589318727837949,-0.045344303078786,-0.0465751514456809,-0.0287297392783113,-0.0178578855203296,-0.0296079310539552,-0.0158231734494895
"SRR8800706",0.0735432525113787,0.130599931200952,0.0472297999378102,-0.00443534806180173,0.113812256946625,-0.0445380632342391,-0.0512393356492181,-0.0963421516479053,-0.062152944210809,-0.132033166817506,-0.121292580226171,0.0796658495845606,0.00039014717838937,-0.0520751651691288,-0.0201849739494246,-0.0668889795781803,-0.0492849611685647,-0.0484194588616697,-0.0311039848030149,-0.0204179135991025,-0.0300322454856286,-0.0590174417990237
"ERR9604272",-0.0983389561691549,-0.0387919095564485,0.0494345716026185,-0.0265385549319372,0.0433252408326009,-0.0806946839249939,-0.0668564922441143,-0.0859199241282781,-0.101738441026054,0.0378257364596417,-0.0621745890110326,0.114731296237073,0.0389412558230952,-0.0494417525848337,0.0562774838179468,0.0874281332730993,0.140478324865569,-0.0164739931270226,-0.0157781973712417,-0.00532576626341186,-0.0206237422393606,-0.00511748919343662
"ERR9604276",-0.0912481900815422,-0.045682302414831,-0.0794633364678562,-0.0256169711014018,0.00265893463787594,-0.0807652220137823,-0.06156111267922,-0.0961457868477969,-0.108254808013859,0.0424549268427889,-0.0560181916875887,0.131498555531806,0.134835284287687,-0.0535763957437841,0.0397109346997184,0.0890070490770175,0.144953808824414,-0.016251730762521,-0.0111655099445449,-0.0081989901780422,-0.010501671250336,-0.0113153573655343
"ERR9604277",-0.089544468574389,-0.0456480308559815,-0.0310878683386225,-0.024714512620651,0.0187274774201697,-0.0759958177876837,-0.0602256750209037,-0.0943733083875326,-0.106025814726725,0.0403276493372716,-0.0552679521980776,0.127907427154434,0.102304854575733,-0.0538739341600185,0.0433118679816742,0.0876432564777014,0.143314480592802,-0.0117912899356686,-0.0115495792250479,-0.00215813243075811,-0.0086447496385512,0.0328809967315248
"ERR9604278",-0.0912834953377329,-0.0469589737440351,0.00541447700456439,-0.0254233252130247,0.0286765465172643,-0.076942052437408,-0.0628209161039081,-0.0928022981049332,-0.105384007634082,0.0409751361253416,-0.0552409588020857,0.128694182756197,0.0864783767740229,-0.0524989942879417,0.0443134795182725,0.0882984525401842,0.145022957545532,-0.00907909016208566,-0.012261493951063,-0.00686241026151974,-0.00303106225843106,-0.00404617632073496
"ERR9604282",-0.093266065907737,-0.0487747079043615,-0.0150137904958868,-0.0219292064587165,0.0149905933972711,-0.0726311417268833,-0.0555958786591246,-0.0781152322400405,-0.0945011402731276,0.0418357135250864,-0.043625140656438,0.128962967265242,0.103909155425586,-0.0424733177291428,0.0329097159551193,0.101247944248669,0.130467095661443,0.00216940000746196,-0.00692614527202676,-0.0122740531957575,-0.00265506627366322,0.0104142502921329
"ERR9604283",-0.0929394179129895,-0.0358838492690152,0.0218766399993921,-0.0219802910158284,0.0352044780993054,-0.082025793710855,-0.0670365647761144,-0.0816489885214017,-0.0956056501600612,0.0377608308475685,-0.0577698588444376,0.102093275065098,0.0549806765967114,-0.0480597651316623,0.047484866914364,0.0789161459173919,0.134912674516045,-0.0159417053351262,-0.0130460363887946,-0.00783041357309755,-0.0205011914723099,-0.0186614110083607
"ERR9604284",-0.0942373606342014,-0.0497709563327965,0.000673245783998549,-0.0234003246440877,0.0180103073816303,-0.0739293507420097,-0.0563765695451587,-0.0770358361099534,-0.0927577970407589,0.042810271697909,-0.0439679788240334,0.131934176513291,0.101099107158862,-0.0417644335332231,0.0354396867780093,0.100930420427228,0.131227588555897,0.002780922679104,-0.00712392301996023,-0.00456404632288429,-0.0076932174567202,-0.00704180477430578
"ERR9604285",-0.0946488927375476,-0.0500236867527325,0.0113049840382335,-0.0224890993888182,0.0203478215204411,-0.0739893903350822,-0.0552827721851293,-0.0765076314065143,-0.0926320946653339,0.0426053257805507,-0.0445565186564031,0.132867645377747,0.0946815770764718,-0.0418522713873259,0.0368960171130089,0.100315309164101,0.132280350936328,-0.00102201797251072,-0.00704403766174397,-0.00144593191237512,-0.00675602910774324,-0.00288361617077868
"ERR9604289",-0.0836027148271363,-0.0412036607828442,0.0232200189471117,-0.0196465552103552,0.0335744744134577,-0.0770321106412379,-0.0305625480454256,-0.0546086340095025,-0.0749513126555976,0.0420277323184989,-0.042158833415494,0.114590494232516,0.0630002411156194,-0.0316022802021502,0.0297292353642949,0.0856659379669556,0.122579561189349,0.0371313368771116,-0.00823606932274265,-0.0107281769134418,-0.00979762005618475,0.00185538071463301
"ERR9604290",-0.0671798977061973,-0.0383142093223782,0.0296686671949457,-0.0106291575502989,0.0373790146303028,-0.0644588628146088,0.00223687070061937,-0.0499847122610502,-0.0654276055837028,0.0399687264937494,-0.0387719253329553,0.108581148249786,0.0588354567560918,-0.0286329409049954,0.0240889965981732,0.0815457094070041,0.112408565378927,0.0390947156066644,-0.00677535340178366,-0.00854160752829112,0.00087985024378248,0.00125094545778348
"ERR9604291",-0.0748514022921835,-0.039079408272951,0.0553817383859735,-0.0212851680770941,0.0400353289553199,-0.0646367549298793,-0.0167068054732634,-0.0540774306564777,-0.0710069516204365,0.0386368728751169,-0.038784435754289,0.112488440369552,0.0324486227837588,-0.0316492803773299,0.027612931374967,0.085655977708803,0.116154779818039,0.0209000989494377,-0.0085842402772923,-0.0141688658033136,-0.00471897100385118,-0.000139193799034043
"ERR9604294",-0.0970969453546768,-0.0402416820392391,0.0540668639469196,-0.0279086567121224,0.0456780923840205,-0.0774911494311636,-0.064030882109946,-0.088245751761656,-0.104432691307368,0.0373433524815423,-0.063328987669822,0.120047774018667,0.0451426467736844,-0.0489624525284552,0.0609850899229504,0.0916877432796331,0.142837121939936,-0.0134284173184732,-0.0132763792456377,-0.003693831925645,-0.0148064879176514,-0.0215400096130942
"ERR9604296",-0.103127806784663,-0.0504311393966143,0.0294112360593906,-0.0224536773076798,0.0340273556932756,-0.0836765408770118,-0.0707687106927592,-0.040746212668928,-0.065269101196199,0.0577938652651279,-0.034984068550763,0.100837749650209,0.0379288420342282,-0.0294553620029401,0.0168877572704184,0.0675126327891274,0.130085892516383,0.103108904275324,-0.012065773653314,-0.00618310366002643,-0.0125767349147256,-0.0235449474956553
"ERR9604297",-0.106070994054754,-0.0540276686905409,-0.00393517677520822,-0.0166883845392173,0.0232747036210336,-0.0895684215780218,-0.0743988288841574,-0.0276530864302304,-0.0556672682800538,0.0658281960222916,-0.0279582584018292,0.0924170262213234,0.0644274348026442,-0.0225700890236871,0.00352495872119945,0.0597252299897591,0.126113690654264,0.117404933993094,-0.0113776429042304,-0.0118427378438579,-0.0106932450002204,-0.00445403672093333
"ERR9604298",-0.105313477236791,-0.0512372865301985,0.0312570520858165,-0.0189523498907247,0.0327245530483025,-0.0879986067330333,-0.0713671293827654,-0.031079810803469,-0.058462144191604,0.0614248001835291,-0.0327307214781821,0.0981419551071491,0.0351560428620078,-0.0241694146291647,0.015463249245233,0.0622807290262146,0.128398952419435,0.109139207534104,-0.0121736439465027,-0.0135586517999788,-0.0107443145252099,-0.026877083484612
"ERR9604338",-0.0951606660314044,-0.039814685530776,0.0101796042526435,-0.027319589539862,0.0277779729223885,-0.0799866362388852,-0.0691274073128458,-0.0853515697779045,-0.0969313447035546,0.0392308290347375,-0.0528217704021357,0.104351827876913,0.0531538442409872,-0.0534802247533484,0.046901511563435,0.0797905117539234,0.137661940650316,-0.0194486076244808,-0.0135091971972361,-0.00677093542110206,-0.0223497342167505,-0.00497358988411527
"ERR9604342",-0.0777044178562894,-0.0384599217802205,-0.00868749723599756,-0.021522810668221,0.0348113008110859,-0.0708916877247754,-0.0325405252190706,-0.0892167386287231,-0.0996571465713947,0.0360593194800784,-0.0505395614651205,0.110191686538598,0.0832445780973649,-0.0505439355920639,0.0433292394770992,0.0833147550429109,0.135869827644906,-0.0144837170422388,-0.0132497239024685,-0.0090525061172515,-0.00237485460586886,-0.00810542219233966
"ERR9604343",-0.0673034328654388,-0.0324283930209289,0.019023457821978,-0.0235084459330695,0.0388686388404773,-0.0668889271196751,-0.0228595424043938,-0.0853998700712097,-0.0964102067712308,0.0303853169753886,-0.0500538876260028,0.109910827173719,0.0512160665230753,-0.0514328051500765,0.0522413561446815,0.0820297702515077,0.131638324859212,-0.0198767396615979,-0.0122859707332592,-0.0115716539684114,-0.00824611616585765,0.0307484540787616
"SRR10030449",0.0283142765202106,-0.0397319576791326,0.0285387022277169,-0.0327131422998905,-0.0411336300374402,0.0689027989006556,0.0663494238775397,0.0155699683319035,0.0418542583964486,0.022533837121984,0.0719190895213334,-0.044376621107544,-0.0126276605116645,-0.0388355153059793,-0.00276418696058285,0.0408636992001501,-0.0336943573440888,-0.0337079778642168,-0.0263516745527596,-0.0204179135991025,-0.0200948594457002,-0.0574383600511774
"SRR10030450",0.0292755602953776,-0.0411704617919262,0.0315602375498424,-0.030939291007532,-0.0435992156776983,0.0720753108220835,0.0667575743296148,0.0144074019997651,0.0411784778225639,0.0217431880832887,0.0733387058200571,-0.0430101850774002,-0.0124438146359006,-0.0377124592319063,-0.00374488785691474,0.0392207702912981,-0.0342720810491878,-0.032035719233161,-0.024448657818441,-0.0204179135991025,-0.0241985589677149,-0.0281434878809298
"SRR10030451",0.0285573191763119,-0.0402138444711403,0.0296828880348644,-0.0314864614980847,-0.0488609883203144,0.0697359675735685,0.0626275289276359,0.0152441850174731,0.0428843099137878,0.0210894103430944,0.072361418472117,-0.0430706825338582,-0.0129191253775649,-0.0373595043671783,-0.00870317510711146,0.038847115296711,-0.034986382251824,-0.0347069356824337,-0.0249685113857479,-0.0204179135991025,-0.02802724087185,-0.0453562214124139
"SRR10030452",0.0291635815159318,-0.0398460524549455,0.0279355537553421,-0.0342125148302807,-0.0424586251915761,0.0735984304192009,0.0644943216169693,0.016160119537396,0.0419524540182684,0.0202683078244846,0.0725873055242639,-0.0423165093667044,-0.0123221972746434,-0.0376369430147857,-0.00778404847230253,0.0400456314519095,-0.0343051077580155,-0.0349750589352641,-0.023606102610396,-0.014285225375935,-0.0227982233837629,-0.058476171323418
"SRR10030453",0.0286630074453058,-0.0377200690528567,0.0288262621367747,-0.031870648775563,-0.0458826773468913,0.0702117107468851,0.0625799375891255,0.0138392668455771,0.0411545863150973,0.0209587959679596,0.0725816215306002,-0.0445021890825844,-0.0116230716242013,-0.0375570485415193,-0.00174965809906045,0.0402563194694444,-0.0345659047528606,-0.0316059990892949,-0.0256673977405905,-0.0204179135991025,-0.0211075160857508,-0.0114659061197381
"SRR10030454",0.0290459627809265,-0.039823385296814,0.0320921723203777,-0.0329746302319575,-0.0409116817365293,0.0714950671656615,0.0673217857324961,0.0156117627549628,0.043048137715258,0.0212204923410464,0.0734384370417784,-0.0439432801638101,-0.0109442472549594,-0.037505463655293,-0.00124816791050604,0.0416576572030855,-0.0336915710898622,-0.0339184667398417,-0.0243915258035928,-0.0204179135991025,-0.0249457150348927,-0.0272472501165705
"SRR10030455",0.0286046750490681,-0.0385348296648809,0.0332427821770751,-0.0334843622955096,-0.0469334170358615,0.0744868024277936,0.0630246276077211,0.014836360041751,0.0425496347783882,0.0209815652664877,0.0717792774682383,-0.0415192434895348,-0.0130467641185546,-0.0387893952268635,-0.00135202895584283,0.0390951963494951,-0.0343081037104597,-0.0388992400814191,-0.0241769438020126,-0.0204179135991025,-0.0261859946373766,-0.0118554210801063
"SRR10030456",0.0284630149323084,-0.0389454988552335,0.0299019130615931,-0.0306213695485341,-0.04351288789904,0.072958400732347,0.0621365382018809,0.0167699851676058,0.0417206169643364,0.0214157427929565,0.0725510083475512,-0.0437031270638625,-0.0130571172030759,-0.0390237724116888,0.00013568814990615,0.0403227610037916,-0.0335164237770142,-0.0370469814945414,-0.024583866491887,-0.0204179135991025,-0.0227782897178178,-0.00988055926388995
"SRR10030457",0.0286145500753574,-0.0401702469634182,0.0310949594691153,-0.0308126145630265,-0.0416385676881712,0.0679311310852702,0.0600758599652557,0.0158115737373829,0.0412609166286054,0.020881009107151,0.0719419362299487,-0.0437589498669869,-0.0103437005587439,-0.0359088875472464,-0.00257985451219542,0.0390770964015272,-0.0335490012002423,-0.02790754987875,-0.0259003993208972,-0.0181344166272597,-0.0237249484369364,-0.0100134054591459
"SRR10030458",0.0295992931779401,-0.0405445493023779,0.0321771488005088,-0.0324197588760548,-0.0444991092836711,0.0723142180461056,0.0720939754542002,0.0143905643634158,0.0412212873031776,0.0214450335496493,0.0733564616747449,-0.0429511009195565,-0.0117666485288601,-0.03870600008786,-0.00344991728272327,0.039680362759908,-0.0333129092740472,-0.0289532272576704,-0.0252010038457559,-0.0142105705169166,-0.0220007593490887,0.0119160029116591
"SRR10030459",0.029019551015966,-0.0392655843679751,0.0286917863026236,-0.0313996136894889,-0.0397786071356092,0.0694679720434647,0.0659773783957576,0.0158211388110995,0.0415568577708232,0.0214815814227427,0.0721837369723536,-0.0433053973322309,-0.0118958149142095,-0.0376176068372167,-0.00166963093515805,0.0403707501259168,-0.0336952602618353,-0.0269513080482456,-0.0247932218197618,-0.0204179135991025,-0.0248829441239144,9.15409358204979e-05
"SRR10030460",0.0284237399540708,-0.0387469196254463,0.0283565143688688,-0.0334739593345862,-0.045413378031243,0.0747426130807467,0.0686565594300268,0.0146186733194433,0.0428344358819455,0.0206309605547277,0.0742643145841552,-0.0440394445423392,-0.0122597681723855,-0.0385930038328294,-0.00307224360102203,0.0400435864843634,-0.0335957618168374,-0.0348258310894909,-0.0254572101213954,-0.0204179135991025,-0.0246410629902497,0.0597830973252884
"SRR10030461",0.0291568564040648,-0.0407316832069642,0.0277171071690689,-0.0326072674588035,-0.0420777503320399,0.0713051009856769,0.0654431346590297,0.0157003252806046,0.0431210692748248,0.0215344756391328,0.0718968638486147,-0.0427521103544058,-0.0111485964193977,-0.038081153915566,-0.00526322938420908,0.0400827479932908,-0.0330850081776448,-0.0339531382970584,-0.0234314848470909,-0.0204179135991025,-0.025688167954301,-0.0408335973852502
"SRR10030462",0.0289423216391708,-0.039104870644547,0.0329017159655353,-0.0339853354361142,-0.0454939800202008,0.0731847059259289,0.0630931153497354,0.0157072949972356,0.0423958883808786,0.0222135262561949,0.0720539994375749,-0.0427150920925205,-0.00871028871774753,-0.0383956258130263,-0.00380540721064535,0.0407292319150422,-0.0336134313010398,-0.0302554492704702,-0.024960247063021,-0.0173878724607314,-0.025587284693637,0.0471160355960097
"SRR10030463",0.0287914542692071,-0.0393763341354662,0.0324011479804247,-0.0293755752118342,-0.040334961629886,0.0716456364257936,0.0576341668072234,0.0163954579510932,0.0411818726072388,0.02225231135061,0.0733717630405192,-0.0431009448577465,-0.0116719143854581,-0.0388407229522161,-0.00598293580919892,0.0389834705722081,-0.0346576016728577,-0.0312841977941429,-0.0253171459276538,-0.0169614163105093,-0.0260834624194659,-0.0627783092252219
"SRR10030464",0.0288346455829015,-0.0398779008597401,0.0318693428457493,-0.032871144022288,-0.0424128932100889,0.0728936964611211,0.064416102950528,0.0171855025638996,0.0425253674984125,0.022039945965135,0.0728828676884939,-0.0421935039906605,-0.00903075931560032,-0.0379314444411494,-0.00393370941030021,0.0395016515959316,-0.034045518336107,-0.0314399608727953,-0.0258726134680357,-0.0128619899502185,-0.0273350562713579,-0.00579479385738321
"SRR10030465",0.0289295141196396,-0.0398835921682563,0.0337335626035558,-0.0313159588366713,-0.0427341254933864,0.073906708211627,0.0659037105385611,0.0158008446039594,0.0431180118013282,0.0213077944329674,0.0715900392838811,-0.0447262069699197,-0.0109656526232654,-0.0381759258881494,-0.00500876858528083,0.0405764032809302,-0.033828853240115,-0.034861501483617,-0.0265493364242564,-0.0204179135991025,-0.0267034417758025,-0.0431683409086621
"SRR10030466",0.0294785654272782,-0.0390949296833604,0.0296681921820196,-0.0312181672969995,-0.0479582413993866,0.0722143457748991,0.0677283440671725,0.0161913251717986,0.0419968977410124,0.0210373210710819,0.073811253977667,-0.039363089021301,-0.0122059835076565,-0.0384194328864577,-0.00315112653513811,0.0399862404264771,-0.033743845287609,-0.0386511658317608,-0.025024586333777,-0.0204179135991025,-0.0248948669411849,0.108727593456012
"SRR10030467",0.028617948029833,-0.0395070770746338,0.0304316373186078,-0.0294362372798213,-0.0430297373346719,0.0710255225749935,0.0685191053797007,0.0153526444576268,0.0425655507269221,0.0215869821940019,0.0720415858485509,-0.045823020139919,-0.0105020805906246,-0.0387039192383577,-0.00343227659333948,0.0399954889225073,-0.033955264468992,-0.0309357568390249,-0.0253680743920649,-0.0158028490916749,-0.0250893857272503,0.0127269729359195
"SRR10030468",0.0293718852053956,-0.040549464460681,0.0274833553886638,-0.0283637242649148,-0.0473437109989216,0.0676195453357871,0.0601889824939611,0.0151907587057353,0.0419517447384908,0.0207995248581583,0.0725075520753257,-0.0412524864329442,-0.0122578007530113,-0.0381645887369156,-0.00619039201188783,0.0399774890186614,-0.034108951659978,-0.029575668039344,-0.0252703349382585,-0.0173625471537403,-0.0246794180658801,0.0182302878865021
"SRR10030469",0.0288663005530079,-0.0400789038393847,0.0286540907448189,-0.0329468859264844,-0.0377351514145594,0.066253752415003,0.0641844637638184,0.0153487610148272,0.0418893608758569,0.0227347266529259,0.0729528885512866,-0.0435936970492393,-0.0115825169005795,-0.0391134115411088,-0.00359819937830865,0.0394512024570741,-0.0346715512217685,-0.0337917600801923,-0.0242762694437523,-0.0204179135991025,-0.0267161587014808,0.0457281460976852
"SRR10030470",0.0286528697880023,-0.0395830723263037,0.0290504843871481,-0.0300243395706184,-0.0407607536139518,0.0747263319062459,0.0644074197310099,0.0147434687037048,0.0412331182944114,0.0209177558282348,0.0719036729209589,-0.0429108875621405,-0.0135276063905951,-0.0363366007379892,-0.000135587511562179,0.0398533180023439,-0.0336798484482262,-0.034504655842666,-0.0245197725633093,-0.0204179135991025,-0.0254918126759959,0.0164898498067651
"SRR10030471",0.0286447598247108,-0.0394276057699708,0.0334594133153622,-0.0323826413507901,-0.0381859195158847,0.0685901432216031,0.0683294532897445,0.0165096344103152,0.0423240736848018,0.021576088862398,0.0723954555585,-0.044881887477814,-0.0136939526195012,-0.0388481077511856,-0.00114882951247706,0.0401346355808996,-0.0338473400887971,-0.0338790392122603,-0.024517262355653,-0.0204179135991025,-0.0265115312999622,-0.00942893145148317
"SRR10030472",0.0293282584499636,-0.0391539356025308,0.0318482621463651,-0.0310995354741393,-0.0434571045693547,0.0688586105909478,0.0663180932415363,0.0145418767684542,0.0414314297108122,0.0214268299673085,0.0716489163841984,-0.0423148521932432,-0.0110574593850218,-0.0374846959025202,-0.00702068078235416,0.0390753329656704,-0.0338206388046432,-0.0348894820931601,-0.024072555947854,-0.0204179135991025,-0.0270293901071288,-0.0302059274428133
"SRR10030473",0.0286983292114639,-0.0381873902370202,0.0314517864859686,-0.0310437878159053,-0.0392996075177533,0.0764468036218286,0.062262016226683,0.0151115289595447,0.0422169233826094,0.0207650481853788,0.0717640460410822,-0.0428483550548522,-0.0107400238042516,-0.0359652837165898,-0.00727858210147485,0.0389667187387094,-0.0343484894621378,-0.0298745288630385,-0.0254160045136049,-0.0145768774243886,-0.0246538159371986,-0.0479879502192694
"SRR10030474",0.0283361616967668,-0.0375614765546922,0.0326474985535682,-0.0337381599296479,-0.0382560304459339,0.0709218594195736,0.0601286742683917,0.0155637451796335,0.0424455333172726,0.0209446076565763,0.0737032992478961,-0.0442146591823644,-0.0104754105150012,-0.0399196869410536,-0.00532730603138228,0.0401023975684038,-0.0337693835949119,-0.0351822072009298,-0.0227272456509882,-0.0156487492096085,-0.0263519038211506,-0.00874644426881787
"SRR10030475",0.029585435590359,-0.0398092372049832,0.0299068047919247,-0.0294575730687343,-0.041737023702613,0.0723265045576064,0.0626829802945761,0.0133854295891293,0.0422920378058366,0.0218260962111021,0.0709692807327185,-0.0428468243646907,-0.0124507501157903,-0.0402854820912327,-0.00669735700594558,0.0398531718043182,-0.0350639658406668,-0.02913929548084,-0.0241393388077362,-0.0204179135991025,-0.0249821677904651,-0.0234968015473841
"SRR10030476",0.0298611147955404,-0.0406467698767784,0.029425265989912,-0.0343252548665944,-0.0417464530778391,0.0705189737858844,0.058621928107875,0.0126614677784323,0.0410275603842554,0.0208281804997991,0.0731054989964119,-0.0443395392868274,-0.0125794700029035,-0.0421256484748396,-0.0159262400884734,0.0390227842310421,-0.039712299330239,-0.033273472414055,-0.0293171805256712,-0.0204179135991025,-0.027146855566638,-0.0652400349855939
"SRR10030477",0.0285859013758441,-0.0381399842648103,0.0274809844754931,-0.0325439030647925,-0.0444642540315396,0.0666680468138827,0.0700411443354674,0.0144212104032178,0.0421535012649457,0.0213438809324476,0.0726012765343969,-0.0426960079523603,-0.00980273671418446,-0.0379733032664379,-0.000337620324308035,0.0411125476934329,-0.0341970120904993,-0.0366359643038527,-0.0256160293472333,-0.0204179135991025,-0.0236695883017964,0.0357752677214499
"SRR10030478",0.0289762015257392,-0.0393616796700984,0.0295152981705885,-0.0341988977480054,-0.0384958267387662,0.0715934068628652,0.064837432048399,0.0172577970559114,0.0420703991804795,0.0210635578862626,0.072619313970227,-0.0432294556959694,-0.00983310069343397,-0.0380243190192011,-0.00663303904799627,0.0407192073787925,-0.0345174492496955,-0.0415563465336962,-0.0234734549790583,-0.0158439863442276,-0.0219451923128498,-0.0331260383937689
"SRR10030479",0.0286310049969291,-0.0405181438946508,0.0317816859535128,-0.0322331406003545,-0.0414962987106823,0.0748853203108529,0.0682702169386045,0.014834857163042,0.0431202018429295,0.0224056896042837,0.0733792331537727,-0.0404616179818683,-0.0120544175372435,-0.0367926894079656,-0.00352499404166293,0.0419271874981301,-0.0343653766887374,-0.0330590463834838,-0.0243418842588525,-0.0204179135991025,-0.0267039706495793,0.0215595210896679
"SRR10030480",0.0290878915669932,-0.039497261638872,0.0319886513099378,-0.0312330374941802,-0.0368582569062552,0.0710181360534056,0.0637603236318514,0.0149665063440359,0.0415751420708866,0.0216947593665358,0.0717548138583549,-0.0431731460650621,-0.0104955943731649,-0.0371210182031228,-0.00389246014809403,0.039978694271059,-0.034068215437198,-0.0350943849260119,-0.0243483075094983,-0.0204179135991025,-0.0264637114340494,-0.024672719622831
"SRR10030481",0.02880995552876,-0.0385726900270095,0.0289898582725391,-0.0337524486270982,-0.0417526939871745,0.075965673003643,0.0690720792397159,0.0148461761806531,0.0421112135330955,0.0212722815773652,0.0725557381624694,-0.04455591066815,-0.0134749469534773,-0.0377754574309101,-0.00106849664833066,0.0406020842099845,-0.034506998501104,-0.024003947037668,-0.0249610519724463,-0.0204179135991025,-0.028364583720721,-0.0167360306662567
"SRR10030482",0.0282663079159812,-0.0391065994495368,0.0305741410627618,-0.0326661886467538,-0.0379880963817332,0.0699816278811721,0.066665626526417,0.0154326317104954,0.0430778587378768,0.0221743936426492,0.072316851525444,-0.0416614872397387,-0.0121494437106043,-0.0386880693817673,-0.00254866400165615,0.0400504548962829,-0.0339299382032386,-0.0329076259533284,-0.0244865327502319,-0.0182979883181228,-0.0238252357284296,0.17757865384281
"SRR10030483",0.00856605602211079,-0.0490979573074897,0.0436703127767517,-0.036100138970137,-0.0457665182806653,0.032863158566219,0.0336315743934653,0.0621790338022818,0.0915921301863915,0.0618173144628881,0.0888572790846329,-0.0683230123535212,-0.0379758117022786,-0.0270934143910319,-0.0517101799815482,0.000927027375775748,-0.0412683622313153,-0.0145322326660405,-0.0249116402704593,-0.0204179135991025,-0.0283486387323423,-0.0597254797729384
"SRR10030484",0.0081840737964293,-0.0499726414524711,0.0442368749943614,-0.0327857313540797,-0.0415753730291833,0.0380328097764763,0.0308540173444688,0.0612753333205412,0.090669709872981,0.0620281650670148,0.0905351190824327,-0.0649908139050581,-0.040102030888966,-0.027421767493285,-0.0509166265892725,-0.00147046044335177,-0.0421720473630516,-0.0106219990981877,-0.0269735935619257,-0.0171501652999647,-0.0240665669972972,0.00452344945808514
"SRR10030485",0.00677246188426895,-0.0493589415596666,0.0451508909117244,-0.032611240013233,-0.0417196986849419,0.0379371267617174,0.0323992344280266,0.0650103900228493,0.0916193296447182,0.0610909613077447,0.0905365751993014,-0.0643799019420558,-0.0397917273856012,-0.0281444717344285,-0.0463865869856789,0.000245072961992149,-0.0426174247815155,-0.00502025824038268,-0.0260445313354755,-0.0179654049170942,-0.027644359221541,-0.0631675778824413
"SRR10030486",0.00700994266986652,-0.0506736274694644,0.0459735378186042,-0.0344901156185774,-0.0433148899553802,0.0378662241728809,0.0362543086780056,0.0633679481469069,0.0915697895199104,0.0621246220643832,0.0896146398450405,-0.0653297896497073,-0.0394368816632088,-0.0278226001417121,-0.0436509916380153,0.000756855350139166,-0.0413841795320022,-0.00470110405564385,-0.0247302710164593,-0.0153538412829812,-0.0257366558105379,-0.0713276817171413
"SRR10030487",0.00738191244769738,-0.0478350987376,0.0443084220213468,-0.03583437194796,-0.0429290638543035,0.0414778108456553,0.0317880251956441,0.0641537640116939,0.0901689650015216,0.0615593826317836,0.0892959991265477,-0.0644609404393321,-0.0380756399284477,-0.0279801502225323,-0.0478552447085317,-0.000405713881467938,-0.0415534538829601,-0.00468305107412407,-0.0271339890623243,-0.0204179135991025,-0.0262015146321483,-0.0496273331578435
"SRR10030488",0.00739535118636832,-0.048936421173732,0.0433130535500957,-0.0328661564792913,-0.0406176102542918,0.0405976974776059,0.0299296564699907,0.0613245034262048,0.0901779780100033,0.0625947099938402,0.0894029428027178,-0.0665882698990867,-0.0367327047067782,-0.0281364499190007,-0.0475233457671788,-0.00215844945144016,-0.0422075985780682,-0.0112526449292863,-0.0285367673099703,-0.0127400118261756,-0.0313094608828689,-0.0387968354944409
"SRR10030489",0.00772179841981081,-0.0478643834116199,0.0423342854527058,-0.0351150868742143,-0.0431413913270921,0.0384916688866659,0.0327358311921261,0.0645561281945074,0.0908139416453128,0.0620236358388357,0.0916985932357405,-0.0623135464801654,-0.0405845753828534,-0.029353816514198,-0.047804899638109,-0.000547026939531732,-0.0425631764430554,-0.0171084881375727,-0.0262822108070652,-0.0204179135991025,-0.0310999870835719,0.0043374413762081
"SRR10030490",0.00748978447823406,-0.0503276552718287,0.0436810856367927,-0.0347558024829616,-0.0416443172765531,0.038813582824289,0.03854583068132,0.0612499148516928,0.09133740233538,0.0624580434348226,0.0895919281656561,-0.0641528362420545,-0.0402689732840596,-0.0277973076930131,-0.0478604267642975,-0.00219617645611831,-0.0425427158378858,-0.0117678767705733,-0.0262415209677894,-0.0204179135991025,-0.0309297411182013,-0.0542914837572941
"SRR10030491",0.00745312645269028,-0.0514637418728934,0.0376983529954537,-0.0326292622588207,-0.0398986162017356,0.0404254148620658,0.0379064140016655,0.0646706063291274,0.0900586319448411,0.0627208349877446,0.0893196228236192,-0.0635526194637717,-0.0394328810714838,-0.0288438579226158,-0.0478667582665685,-0.00200449501735324,-0.0420815006708057,-0.0128786444298264,-0.0273279692698313,-0.016795406745622,-0.0296089842828657,-0.0578302433020896
"SRR10030492",0.00669859129781966,-0.0490038599813177,0.0433641834502885,-0.0337811816242197,-0.0374854913625989,0.0429046128870183,0.0389941558945392,0.062901328336893,0.0910475974194132,0.060903408319322,0.0889736050620082,-0.0637666186531676,-0.0377255680962192,-0.0281019092722735,-0.0501542162119548,-0.00228107146718507,-0.0414026447590133,-0.00997720789373838,-0.0266251605753228,-0.0167141225142143,-0.029372416527114,-0.00488730344091137
"SRR10030493",0.00684088613157874,-0.0538713275100398,0.049496770241491,-0.0330177567143799,-0.0354058992629375,0.0395565046074368,0.0293202138380577,0.0632551506685651,0.0910378231702282,0.0624043539330866,0.0898325383277872,-0.0677677659560965,-0.0385949785550808,-0.0292700068234763,-0.0524436018657539,-0.000656304303919146,-0.0417226358758237,-0.0111134303165244,-0.0260269804873703,-0.0204179135991025,-0.02736293865724,0.00908844654755122
"SRR10030494",0.00746619775135353,-0.0479664450397403,0.044008814629698,-0.0351129416482656,-0.0398881363528325,0.0401790767089799,0.0338341610610794,0.0635510790989594,0.0908807512164911,0.062907308648043,0.0891306601070746,-0.0679722333103343,-0.0376777250077809,-0.0285469668717969,-0.0469787252681751,-0.00170519578784815,-0.0411030046930783,-0.00805672200273604,-0.0263451376958271,-0.0171384574843601,-0.0282922191480916,0.0118285886209763
"SRR10030495",0.0071680610993209,-0.0503419364539929,0.0481501597682281,-0.0346797618807456,-0.0402354889489742,0.0341582671807312,0.0313070080710409,0.0622287364158567,0.0905527129142279,0.0622338291846085,0.0905988049310103,-0.0651038259995895,-0.038954504614033,-0.0279973893785505,-0.0475677973300464,-0.00156202380798691,-0.0418880790413079,-0.00863905011174361,-0.0267391379743563,-0.0154728421218831,-0.0287664154496698,-0.0581473397614693
"SRR10030496",0.00835116003853319,-0.0498264860473866,0.0436472662851311,-0.0335090766140246,-0.0399441342268952,0.03877974888536,0.030013133469299,0.0633060154482367,0.0906146457406077,0.0610723053707818,0.0883020262041918,-0.0638341332883515,-0.0399760382012476,-0.0285171257304596,-0.0447026033358548,-0.00201169130248078,-0.0415624999441364,-0.00659244413752976,-0.0246543105978676,-0.0144312373044877,-0.0292751868676467,0.036325066665309
"SRR10030497",0.00635785142182718,-0.0492724630045864,0.040884983868411,-0.0350506013230761,-0.0364112961170015,0.0415012624897629,0.0371511247384427,0.0632835478932844,0.0892045634300751,0.062030430059739,0.088512963244539,-0.0626961012266505,-0.0380364557035318,-0.0299180755482932,-0.0500544621842751,-0.00114846693960251,-0.0419623621269429,-0.0100916508860366,-0.0263873374719351,-0.0204179135991025,-0.0269852722980476,-0.0563320473123605
"SRR10030498",0.00833773009564347,-0.0496095770923427,0.0426826425871057,-0.0340917984600167,-0.0400823546672314,0.0348591992383392,0.0183809890154113,0.0627147898022289,0.092372057089988,0.0604964294683122,0.090093362121615,-0.0660735986983048,-0.0402920716568063,-0.0310737604836665,-0.0528577457910855,-0.00113192551535104,-0.0446897333656616,0.00346940938753301,-0.0276652149954954,-0.0204179135991025,-0.0269884495350166,-0.0744882417121948
"SRR10030499",0.00695968988439815,-0.0490643069519646,0.0426585225699061,-0.0326392626764851,-0.041538846102264,0.0399936330458998,0.0343308245080371,0.0664030363750634,0.0919754104147779,0.0618680176960253,0.0900837746979985,-0.0642561312821537,-0.0383753726390071,-0.0299228970544484,-0.0486638241347136,0.000320544510419229,-0.0419963019358914,-0.0139665907987476,-0.0279452467094528,-0.0166708095104052,-0.0239885888805235,-0.0774382439426142
"SRR10030500",0.00705843870326875,-0.0468575306861641,0.0495616830338386,-0.0341684514541903,-0.040125656930324,0.0370119384613538,0.0271198191828638,0.0639799359689278,0.0902887935096164,0.0623604737908569,0.0906554556244629,-0.0639320276823641,-0.0392509371995238,-0.0271546524653088,-0.0492753104102279,-0.000688510071796613,-0.0426345006550744,-0.0141717558926459,-0.0259963294557363,-0.014503880395189,-0.0283301152415426,0.0163063895489142
"SRR10030501",0.00728205557622152,-0.0492892472691393,0.0434165426823406,-0.0339931836884885,-0.0405375471408515,0.0393253836418839,0.0353007580408526,0.0627959727353957,0.088731477421961,0.0620952938773363,0.0878639229739904,-0.0637070169048318,-0.0400711258041803,-0.0298931064893689,-0.0484683346106556,-0.000586872662818369,-0.0419504784168445,-0.00432246851206053,-0.0263936259571957,-0.0204179135991025,-0.0283357486476023,0.0795876311215261
"SRR10030502",0.00767269745381195,-0.048758802123484,0.0434738529040704,-0.0336312246776422,-0.0434315148378482,0.041288441402551,0.0296562537265577,0.0636069546250897,0.0900473383160102,0.0614284833148011,0.0882450252514077,-0.0644889160355316,-0.0389309800167204,-0.0275036138560674,-0.0525245059331132,-0.00229718881874624,-0.042142818583664,-0.0149582449652062,-0.0289031310391798,-0.0204179135991025,-0.0293048114700325,0.0594498684799335
"SRR10030503",0.00722641546092848,-0.0495669976721919,0.0480633607153131,-0.0322372452454101,-0.039237915944255,0.0353096702985709,0.0239199897879464,0.0646847641616486,0.0912993835337582,0.0630693905931049,0.0892973596729054,-0.0631792889190751,-0.0406316774740819,-0.0280795042747934,-0.0494502153675523,0.000601565872647543,-0.0425681399760313,-0.00648546238331944,-0.026449467161792,-0.0204179135991025,-0.0240635038969129,-0.00898460668198187
"SRR10030504",0.00700484210311842,-0.0491498210533648,0.0449825506093485,-0.0345541103827186,-0.0352334845428011,0.041002561454933,0.0257720147239525,0.0618187140032338,0.0917728696944553,0.0625802062090897,0.0885692180078792,-0.066426216615103,-0.0386565672224919,-0.0270512384357974,-0.0492479823572885,0.000903811214135668,-0.0423650348507564,-0.011993263893383,-0.0266547366299235,-0.0204179135991025,-0.0306088689480299,-0.0608313863453766
"SRR10030505",0.00751458199320132,-0.0496808545555152,0.0466582976618732,-0.032788097886734,-0.0410878993183011,0.0385566287915637,0.032568648498415,0.061655686009204,0.0913311183180549,0.0627267739074422,0.0902181670872623,-0.0658511802879747,-0.0375663695714018,-0.0280300442434026,-0.0467057631225196,-0.000573374078257949,-0.0419966197994631,-0.00947180258944231,-0.025111213634254,-0.0204179135991025,-0.0292036128941097,-0.0462221275949113
"SRR12330763",-0.0887406626338245,-0.0449573051632887,-0.232863328986215,-0.0306889661258591,-0.092713901286016,-0.0907562837028559,-0.0875358438873621,-0.053659287124571,-0.0679511867093688,0.0483542033488049,-0.0129991322979551,0.0551464127395689,0.166928737945209,-0.0359413314363013,0.0439155448079955,0.0837813134822051,0.0987317337499257,-0.00722189940613639,-0.0142140327586351,-0.0192591172028525,-0.0211499940860072,-0.0390042063373766
"SRR12330764",-0.0919038856984858,-0.0520117138997818,-0.258695803821213,-0.0353696489783396,-0.10292869188041,-0.100400523749707,-0.0880831566619767,-0.0554972838070328,-0.0687658140998177,0.0517365824099619,-0.00923695498644752,0.0568399322876286,0.16655981576023,-0.0344867965402563,0.0391973967628455,0.0834862060448873,0.100268286503562,-0.019184533936527,-0.0170133672583964,-0.0099491677959283,-0.024386597933075,-0.0258481322299694
"SRR12330765",-0.0852527383759088,-0.047815798722113,-0.2182113737506,-0.0308962416900983,-0.0915974558153048,-0.0821890259174058,-0.0792832342858347,-0.06177234382458,-0.0715435340312742,0.0455428002862676,-0.0078138759543254,0.0564266710583444,0.162691236404947,-0.0400343145506565,0.0471737867655755,0.0882246494548365,0.0999508952806659,-0.0177670623630155,-0.0154159172946282,-0.0161656863066992,-0.0191707316344491,-0.025686847522462
"SRR12330766",-0.0765908943742933,-0.054389355033454,-0.187598985357908,-0.0352436684971018,-0.0946552262395651,-0.0742988859765858,-0.0879250644466254,-0.0519248406175452,-0.0486818054098843,0.0560184091646279,0.0294428245376715,0.0173112464991652,0.0991799664879918,-0.0526821955753671,0.0421351593126198,0.0296386527014663,0.0821383684625595,-0.0221331675809076,-0.0212205525312808,-0.0186064495868612,-0.02478787753145,-0.0412203307012057
"SRR12330767",-0.0803559904139847,-0.0616845348977856,-0.203669863083312,-0.0368885654601118,-0.0995620158592341,-0.0746617093768427,-0.0924652512021,-0.0496804401197314,-0.0453554243274769,0.0638764770132021,0.0386743909042206,0.0114207246065125,0.114714895314748,-0.0563414863163732,0.0254984318455136,0.025608657150422,0.0800263703683956,-0.0312827546568273,-0.0222027923843066,-0.0147799537455248,-0.0266379733319893,-0.00107913656841823
"SRR12330768",-0.0813728143693046,-0.0646779210711986,-0.190965182216662,-0.0398239424338094,-0.101238053026445,-0.0684747177313711,-0.0920069244930777,-0.0485535778478585,-0.0451601550496374,0.0630853969630186,0.0420879096834064,0.0209381291538594,0.105333552506715,-0.0560611666169843,0.0353326330292396,0.0353518782923697,0.0813288437253758,-0.0259708934626484,-0.0227732703857615,-0.0160614929073975,-0.027323399613631,-0.0384861175489715
"SRR7811358",-0.122160678935848,-0.0461388676960893,0.0226019120590548,-0.00201235074938711,-0.049212471365532,-0.0752633451407226,-0.0678543633055346,0.0765057917157446,-0.0561587813110962,0.0397868087725919,-0.0312224712037353,0.0408508862434892,0.00988988633049606,0.168003601747582,0.128309087056651,0.0780686137167518,0.0821471890285704,0.00406896407133879,-0.00657412750504154,-0.00196393256696114,-0.0101918702331285,-0.00671504151574172
"SRR7811359",-0.125956149777019,-0.0505780441429767,0.0275686972268512,-0.0110729600675646,-0.05626377240547,-0.0748303548808653,-0.0780278318442854,0.0544761482373251,-0.0539415300431278,0.0438779565997963,-0.0186924073681116,0.0366931729840242,0.0112336755239994,0.143430113161983,0.121315977648915,0.0557851525437105,0.0907452623312616,-0.00476962802698659,-0.0111816041973224,-0.0100538737154443,-0.0164484448557301,-0.0230385023089345
"SRR7811360",-0.130074248560161,-0.0609216004395456,-0.00591968213293546,-0.0133378767210893,-0.0422552415075808,-0.0858656835306961,-0.080360663277713,0.0726965989179458,-0.0339480715279637,0.0641530113024519,-0.0213060745162184,0.0438638736581725,0.0558071400245855,0.124014253210817,0.116695653207876,0.064777184599668,0.0899113956665707,0.0840377589134357,-0.0156419238683596,-0.013175374039396,-0.0186187842107647,0.015230137178529
"SRR7811361",-0.130671162989287,-0.0437120042643772,0.0471702778147837,-0.00191160044576633,-0.0458925455696463,-0.0809493205264493,-0.0746350086424224,0.083785295428354,-0.0463465228535756,0.0436295046993034,-0.0281455428738502,0.0321822596787327,-0.0143500804544053,0.171876575171586,0.119412799887272,0.0513863788855192,0.0749007589347721,0.00294686913798021,-0.0075261735898379,-0.0111993164658787,-0.0121551412149026,-0.000840402090372095
"SRR7811362",-0.134126136874596,-0.0485465214062881,0.0336151180688505,0.0110077655050406,-0.0372670110665832,-0.087944001077749,-0.0769875239971304,0.0896825058595983,-0.0426563287166554,0.0522973898728844,-0.0280070481610323,0.0451310525146529,0.00882611214880727,0.180425498715815,0.111366592426172,0.0553700452937009,0.0855460238185527,0.0202137813773284,0.0018268053593355,0.00217749301799921,-0.00822351781416048,0.0126178738400931
"SRR7811363",-0.114938506807176,-0.0556844499087695,-0.01834010727871,-0.0251997609786335,-0.0453463697018764,-0.040689074719648,-0.0567163551807707,0.0119370112670416,-0.0842820172395077,0.0279271252316117,-0.0195105024782896,0.0391474172086402,-0.0148967923611455,0.110305528462723,0.150661419572454,0.102472198030421,0.110017747072557,-0.0221684138141545,-0.00807184798142173,-0.00634193210187482,-0.00979723093279629,0.00349763499648067
"SRR7811364",0.0681420464704717,0.0187093961691193,-0.0233325297818426,-0.0143489402458341,-0.031145293355713,0.0776936630434684,-0.022227038191245,-0.0325679250133564,-0.0123818538470759,-0.0493305106639575,0.00588710998152266,-0.043426808554993,-0.0018024616781434,-0.0289387167741631,0.0182090662655539,-0.00808583414597717,-0.0417827097333895,-0.045234070681948,-0.0232288078596292,-0.0178862243806908,-0.0254360429385956,-0.0215230864732147
"SRR7811365",-0.118039534320595,-0.0619213336924879,-0.00776548623452786,-0.0251668912949824,-0.0359573585506964,-0.0483447288630856,-0.0691319651095218,0.0124741599225403,-0.0804674976747174,0.0330788383788745,-0.0171625287908022,0.0489930651748996,-0.0105914053396311,0.0975459058095176,0.138441887195134,0.0915008781374949,0.110016610641532,-0.0162886866137566,-0.0165068615931896,-0.0204179135991025,-0.0126016112418734,-0.0194119581622778
"SRR7811366",-0.127533741667541,-0.0490413971498581,0.0241330445108966,-0.00730468837673688,-0.059435725217911,-0.0778530290349419,-0.0782393814663153,0.0625572544675106,-0.0570371547398629,0.0422384607762882,-0.0234452448481145,0.0351946332890572,0.0180820848144947,0.159532447658848,0.132834494258488,0.0678263240241522,0.0909796398231031,-0.0124607919078979,-0.00771676069233205,-0.0111143839950318,-0.0143340126323867,-0.00550207515944953
"SRR3124722",0.0613571979329461,0.0251406359716815,-0.0540736440853361,-0.0282558114111142,-0.0330086985861293,0.0856463673589326,-0.00124258359707055,-0.069543938318662,-0.0347537040894123,-0.0653651175019532,-0.00496772436733133,-0.0357218747704094,-0.0937998192977423,-0.0451873426947396,0.025481149985761,-0.00910140504680951,-0.033043427968228,-0.0495305902403447,-0.0241311870247006,-0.016559686675201,-0.0210167326183616,-0.000433079686631908
"SRR3124724",0.0128296843822276,0.00991986572419167,0.0148898829270655,-0.014236576524678,-0.0361203280055291,-0.00701831306104133,-0.0794612367595665,0.0396988049565026,0.0556636106796109,-0.0048288541629447,0.00200353065597536,-0.00215730791318332,-0.0488505239515256,-0.00935221808836843,-0.0756982617570161,-0.102916059263097,-0.0489860499437245,-0.0260929614429368,-0.0218995408185486,-0.0125876456042827,-0.0241202329967342,0.0178377985347812
"SRR3124726",0.0629965857956231,0.0292135239979238,-0.0254587609171693,-0.0106421737997042,-0.0279363312368859,0.0678994205941942,-0.00977449643905788,-0.0711999091502636,-0.0385716599716801,-0.0647767993067555,-0.014815264365934,-0.0203908047201289,-0.0371709565663978,-0.0416517618874365,0.0330273994218009,0.000491793885423509,-0.0341734922876435,-0.0446370321937569,-0.0242117934151949,-0.014861715044563,-0.0231642902556475,0.0321509046445366
"SRR3124729",0.02935768045689,0.0343541639622696,0.00337354832481044,-0.0124567313928084,-0.0281108142186391,-0.00307965432473179,-0.0629893508930876,-0.024641027848077,0.0111324541156199,-0.0376109237843382,-0.0285780241818698,0.0475612922411503,-0.0150354021189177,-0.0372651495619295,-0.0477986390480782,-0.0789807193099232,-0.0438406153826416,-0.039027213795583,-0.0220348058696456,-0.0137299083644349,-0.0234474814932405,0.0356499338095781
"SRR3124731",0.0138102195198138,0.0230824902127264,0.0174560665284831,-0.00919885944675088,-0.0327461566067726,-0.0162558518284603,-0.0783182246009887,0.028384373604459,0.0480233621224715,-0.0142758796537324,-0.00945251467900603,-0.00371688066064439,-0.0669437088898824,-0.010737827070151,-0.0833424500394948,-0.113486620190025,-0.0489429046416525,-0.0265373406914631,-0.0179345222323695,-0.0137769134940134,-0.0218723183064855,0.151322648698101
"SRR3124735",-0.114938506807176,-0.0556844499087695,-0.01834010727871,-0.0251997609786335,-0.0453463697018764,-0.040689074719648,-0.0567163551807707,0.0119370112670416,-0.0842820172395077,0.0279271252316117,-0.0195105024782896,0.0391474172086402,-0.0148967923611455,0.110305528462723,0.150661419572454,0.102472198030421,0.110017747072557,-0.0221684138141545,-0.00807184798142173,-0.00634193210187482,-0.00979723093279629,0.00349763499648067
"SRR3124737",-0.127533741667541,-0.0490413971498581,0.0241330445108966,-0.00730468837673688,-0.059435725217911,-0.0778530290349419,-0.0782393814663153,0.0625572544675106,-0.0570371547398629,0.0422384607762882,-0.0234452448481145,0.0351946332890572,0.0180820848144947,0.159532447658848,0.132834494258488,0.0678263240241522,0.0909796398231031,-0.0124607919078979,-0.00771676069233205,-0.0111143839950318,-0.0143340126323867,-0.00550207515944953
"SRR3124740",-0.130671162989287,-0.0437120042643772,0.0471702778147837,-0.00191160044576633,-0.0458925455696463,-0.0809493205264493,-0.0746350086424224,0.083785295428354,-0.0463465228535756,0.0436295046993034,-0.0281455428738502,0.0321822596787327,-0.0143500804544053,0.171876575171586,0.119412799887272,0.0513863788855192,0.0749007589347721,0.00294686913798021,-0.0075261735898379,-0.0111993164658787,-0.0121551412149026,-0.000840402090372095
"SRR3124742",0.0681420464704717,0.0187093961691193,-0.0233325297818426,-0.0143489402458341,-0.031145293355713,0.0776936630434684,-0.022227038191245,-0.0325679250133564,-0.0123818538470759,-0.0493305106639575,0.00588710998152266,-0.043426808554993,-0.0018024616781434,-0.0289387167741631,0.0182090662655539,-0.00808583414597717,-0.0417827097333895,-0.045234070681948,-0.0232288078596292,-0.0178862243806908,-0.0254360429385956,-0.0215230864732147
"SRR3124743",-0.125956149777019,-0.0505780441429767,0.0275686972268512,-0.0110729600675646,-0.05626377240547,-0.0748303548808653,-0.0780278318442854,0.0544761482373251,-0.0539415300431278,0.0438779565997963,-0.0186924073681116,0.0366931729840242,0.0112336755239994,0.143430113161983,0.121315977648915,0.0557851525437105,0.0907452623312616,-0.00476962802698659,-0.0111816041973224,-0.0100538737154443,-0.0164484448557301,-0.0230385023089345
"SRR3124745",-0.134126136874596,-0.0485465214062881,0.0336151180688505,0.0110077655050406,-0.0372670110665832,-0.087944001077749,-0.0769875239971304,0.0896825058595983,-0.0426563287166554,0.0522973898728844,-0.0280070481610323,0.0451310525146529,0.00882611214880727,0.180425498715815,0.111366592426172,0.0553700452937009,0.0855460238185527,0.0202137813773284,0.0018268053593355,0.00217749301799921,-0.00822351781416048,0.0126178738400931
"SRR3124747",0.0176326824853118,0.0239621068914362,0.0333530202587167,-0.0094003000645493,-0.0287121795252368,-0.0116312004175956,-0.0716396690359305,0.00972925682742304,0.0478193113983974,-0.0126930363421529,-0.0154958024817394,0.04528210270204,-0.0310913876522679,-0.0335431665732567,-0.068964210648659,-0.0991743811278629,-0.04799824015952,-0.0280540084711443,-0.0216737769243024,-0.0189599749366143,-0.0258331980947996,0.0192629899970105
"SRR3124748",-0.118039534320595,-0.0619213336924879,-0.00776548623452786,-0.0251668912949824,-0.0359573585506964,-0.0483447288630856,-0.0691319651095218,0.0124741599225403,-0.0804674976747174,0.0330788383788745,-0.0171625287908022,0.0489930651748996,-0.0105914053396311,0.0975459058095176,0.138441887195134,0.0915008781374949,0.110016610641532,-0.0162886866137566,-0.0165068615931896,-0.0204179135991025,-0.0126016112418734,-0.0194119581622778
"SRR3124750",-0.130074248560161,-0.0609216004395456,-0.00591968213293546,-0.0133378767210893,-0.0422552415075808,-0.0858656835306961,-0.080360663277713,0.0726965989179458,-0.0339480715279637,0.0641530113024519,-0.0213060745162184,0.0438638736581725,0.0558071400245855,0.124014253210817,0.116695653207876,0.064777184599668,0.0899113956665707,0.0840377589134357,-0.0156419238683597,-0.013175374039396,-0.0186187842107647,0.015230137178529
"SRR3124752",-0.122160678935848,-0.0461388676960893,0.0226019120590548,-0.00201235074938711,-0.049212471365532,-0.0752633451407226,-0.0678543633055346,0.0765057917157446,-0.0561587813110962,0.0397868087725919,-0.0312224712037353,0.0408508862434892,0.00988988633049606,0.168003601747582,0.128309087056651,0.0780686137167518,0.0821471890285704,0.00406896407133879,-0.00657412750504154,-0.00196393256696114,-0.0101918702331285,-0.00671504151574172
"SRR3124754",0.0683139124990051,0.0214494400776266,-0.0112764467786868,-0.0135087495235862,-0.0268080574173823,0.084361549969857,-0.00461646769337681,-0.0684504082545295,-0.034886444006853,-0.0604048684012815,-0.00432106210122226,-0.020273388033888,-0.018470412588493,-0.0428678670596628,0.0321466069747297,0.00686625146824291,-0.0348851818042395,-0.0383874766425903,-0.023040601135615,-0.0164071789054221,-0.0214397388224173,0.0101197389627617
"SRR3124756",0.0380928321914744,-0.0121330751134029,-0.0352441203866799,-0.0236482449290279,-0.0375366690762255,0.0727467066232573,-0.0266437360822434,-0.0104933074523823,0.0272915438341263,-0.00976234096246696,0.0342957394716724,-0.0712858442882771,-0.112065125650922,-0.0362839286332364,0.00937322051456736,-0.0276038478043307,-0.0350747424434862,-0.0381841363045228,-0.0230469754342143,-0.0139296319076736,-0.0185180462506833,0.0218144041986223
"SRR3124759",0.0566634699406655,0.00229857645070962,-0.0393426093593965,-0.023562876392993,-0.0327605538183781,0.108116394580808,-0.020987512276152,-0.0201454768462643,-0.00501478545847238,-0.0411393660943413,0.0240660867423586,-0.0523084643798964,-0.0982796732712103,-0.0149331005609552,0.00106205295404682,-0.0180067466339697,-0.0367259330397209,-0.0419394311196963,-0.0248103206228333,-0.0190525427031264,-0.0242604062701146,-0.0263789899922481
"SRR3124761",0.0692254688127753,0.0158951654638735,-0.0224929558932555,-0.0181369938584683,-0.0348998192503212,0.087542522897617,-0.00161775160841206,-0.0683952703620958,-0.0362977495390248,-0.0594087367729965,0.00247693361544434,-0.023234960932792,-0.00717895206220864,-0.0469319064075126,0.0355589296964066,0.011755248578675,-0.0350714040777516,-0.0472196633260106,-0.0249035013369789,-0.0141210333877011,-0.0259387820903307,-0.00569700734886513
"SRR3124764",0.0478096087854518,0.00228113925418343,-0.0519874061475636,-0.0260936426585281,-0.0361424526307295,0.0898626671770501,-0.0348941910456175,-0.031066937458558,0.009770024430432,-0.030353512945025,0.0371087162926102,-0.0983352833349442,-0.141444667954138,-0.0385098673467384,-0.0128329227919036,-0.0403579270182368,-0.0409249734110243,-0.0407828647341114,-0.0243793013537559,-0.018112983497329,-0.0138146966641917,-0.0190815024971343
"SRR3124766",0.054245646231033,0.0105845485418915,-0.030702165406894,-0.0270046961761927,-0.03003394178681,0.105920172038882,-0.04376608080445,-0.0271211495322954,-0.000967338958549594,-0.0427227341091312,0.0278457978647955,-0.0681195372960004,-0.153884595689722,-0.0255482476008571,-0.0182759856053207,-0.0554157392376164,-0.0407724051111198,-0.0438626446490997,-0.0200115436977413,-0.0190629366689293,-0.0192347765195169,0.00864830065881378
"SRR3124767",0.0696320733832719,0.0160618787491504,-0.019691133663861,-0.0204573493559842,-0.0367382077490829,0.0918678831834757,0.00081089197571696,-0.069756460169764,-0.0385981835852065,-0.059834384834784,0.00281934453442212,-0.0272150109261321,-0.0127970261407002,-0.0457515275182081,0.0363006877359738,0.0125717750520449,-0.0369830808123221,-0.0490118800357845,-0.0273989069837014,-0.0185452925006467,-0.0244786334563884,-0.0417636849869645
"SRR3124769",0.00233886867735328,0.00312176036338183,-0.0152078579200592,-0.0183215348306772,-0.0356260498404478,-0.0125358373445609,-0.0775871017473598,0.0781324587465511,0.0648563770090723,0.00517087048159015,-0.00359905195810787,-0.0114938100451813,-0.0999565706591952,0.0372389437697816,-0.060798597899091,-0.0999978017100043,-0.0388113570864483,-0.00470271763707363,-0.0201977334026194,-0.0194760942445006,-0.0203968863868121,0.0998002258581024
"SRR3124770",0.0434722261354234,-0.000854298158829551,-0.047604759771899,-0.0298021546177089,-0.037766193128881,0.0789584657745905,-0.0224933087030417,-0.027231026156895,0.00608722900833141,-0.02767583560281,0.0248084047762724,-0.066047611386439,-0.125685422956877,-0.0350266230516951,0.0110389379046459,-0.0254624145878205,-0.0358691063257325,-0.0428421432642534,-0.0245283924723257,-0.0204179135991025,-0.0216823804925026,0.0173415290561093
"SRR3124772",0.05879097588341,0.00165730698528169,-0.0345794636580114,-0.0240864169230484,-0.0313942896759293,0.109734319403928,-0.0222347504778306,-0.0319481332083955,-0.00865004968386034,-0.042187480131004,0.0246376390267581,-0.0416460137665754,-0.0998522460299469,-0.0292273569455683,-0.00212993694747634,-0.01572312747343,-0.0355914202926376,-0.0423441032327411,-0.0249820936588471,-0.0158714690208958,-0.0220403436774733,-0.00990338167380888
"SRR3124775",-0.113304414876242,-0.0581035642041494,0.0111296126657991,-0.0263212961496406,-0.0403981232985301,-0.047276418515138,-0.0704246659254112,0.019424485152107,-0.0703340305600514,0.0342474547850826,-0.00220153913900469,0.0401558226410626,-0.0305854561982619,0.101759901034574,0.145775788497782,0.0790218863864299,0.100386493973548,-0.0137882979886321,-0.0114841600211685,-0.0172848571155409,-0.0132449889340207,-0.0435982958367834
"SRR3124986",-0.124850169040968,-0.0589916952143751,-0.0238695795177107,-0.00896232308048638,-0.0519605238084842,-0.079425305975958,-0.0843550174295594,0.0895040505270248,-0.0357447548965423,0.0576561847663454,-0.0141135812197968,0.0322503047722255,0.0539478340921044,0.155559625441174,0.135262506586575,0.0670058506209768,0.0794861111724053,0.104789330528337,-0.0129981509420829,-0.0093479869085606,-0.0128589644498694,-0.00815449619739315
"SRR3124987",-0.112400835480062,-0.0635030050796827,0.00327314750897629,-0.0177794833612324,-0.0513406348030707,-0.052014702017542,-0.0729041785706335,0.0166487861356375,-0.0635283883841131,0.0423991490666779,0.00530822038333301,0.034662465689596,0.0353403587166615,0.0904199071958683,0.134987362547311,0.0833015518721472,0.0969210105666561,-0.0214500598936699,-0.0109159940536263,-0.0133204663733164,-0.0174383735450461,-0.0244058668477872
"SRR3124990",-0.114916709437048,-0.0594276683469471,-0.0451514240218099,-0.0137088577455627,-0.0561898619707102,-0.0529176255959353,-0.0614628907841798,0.0276885044505069,-0.0816090047001949,0.0318832949226656,-0.00958106366298141,0.0517836028172609,0.0201833207275749,0.136168908810813,0.145770849926664,0.0942757828958854,0.0998043483693907,-0.0200783821277994,-0.00967463405461498,-0.000605444169391473,-0.00539031660903226,-0.0171182303746145
"SRR3124992",-0.129122033751918,-0.0636928024682676,-0.00552150983398942,-0.0252440570328247,-0.0450370545527833,-0.0701596220460161,-0.0874822761070681,0.0925886077968754,-0.0298238230000126,0.061859036119835,-0.00529896168686145,0.0251474078499455,-0.0181025789568909,0.158827451002483,0.12080545572685,0.0536598112562184,0.0872227218223842,0.114624418845046,-0.0122422523632811,-0.00895111345107598,-0.0155789537745355,-0.0391088440927211
"SRR3124994",-0.116157247558385,-0.0566888239792458,0.00942553102712642,-0.00932047161095166,-0.0584798609773351,-0.0618157122298666,-0.0761653532379501,0.0519695614186402,-0.0588534311911454,0.0393836776279566,-0.00255188720964136,0.0275905748641792,0.033708376782704,0.146807727702224,0.149372606544077,0.0796669175014782,0.0836441416609841,-0.0037636452623512,-0.00913386130792957,-0.00781827384308502,-0.0155712267077264,-0.0401058262093307
"SRR3124997",-0.124131953334863,-0.0567257374256451,-0.0103651960661134,-0.00996110391596613,-0.0507034791447452,-0.0724979208689756,-0.0660944217583235,0.0527733960982453,-0.0752405813590759,0.0380678831306131,-0.0233886879231505,0.0638893076276296,0.0759310602652594,0.155068453066186,0.149551404248753,0.0894143268111682,0.0912083211477839,0.00184786777031486,-0.00904500149251988,-0.00873254902617251,-0.0111672281226596,-0.0173193075982653
"SRR3124998",-0.132415012737705,-0.0593078123739635,-0.0275507649608783,-0.0143620389303775,-0.0428411899161826,-0.0761074873403695,-0.0824858443440923,0.0993937939234681,-0.0354527832309314,0.0584026142958556,-0.012606528890663,0.0218676802445108,-0.0115489155223356,0.176551235070961,0.136299829705334,0.0573880498614093,0.0840061446180324,0.106765676083005,-0.0128843537986252,-0.012312172316537,-0.0112927817548632,-0.0323503127960466
"SRR3125002",0.062827128511254,0.0323624767185791,-0.0141974380592406,-0.0105088373227703,-0.0303068753615212,0.0641687453838893,-0.0211024990516507,-0.0670851650461071,-0.0295686585987602,-0.0635155794875692,-0.013686534873534,-0.0250912027253232,-0.0250574148794461,-0.0464744861699103,0.0154730662941184,-0.0108294835659506,-0.0403311044926587,-0.0472149218172629,-0.0242897097977458,-0.00580421131887544,-0.0292194546044042,-0.0088812324650484
"SRR3125004",-0.120919204871905,-0.0621546699108387,-0.00575614255058588,-0.00364693611607201,-0.0580366571555435,-0.0647503901807101,-0.0784583306736926,0.0411301030454677,-0.061205305091675,0.0447493428892671,-0.00430429374797908,0.0491574496771446,0.0493207833982965,0.126901735869772,0.119241333068779,0.0712816824233006,0.0929805581844515,-0.00515033706841975,-0.0122726460554093,-0.0121906325810951,-0.0172403290878394,-0.0359351692984317
"SRR3125005",0.0182694260767617,0.0236672897177186,0.0154502762831482,-0.0203944549502162,-0.0217620472065725,0.00596221408663275,-0.066300043611621,0.00300008481357199,0.0415947185524006,-0.0180535857302238,-0.0150537655139561,0.0338087401121088,-0.0950820962834648,-0.0282201958316486,-0.0655873206974738,-0.0993391883080609,-0.0407285876485255,-0.0261536812324682,-0.0212193969697358,-0.0148060420271595,-0.021423505737535,0.0116229691798581
"SRR30310344",0.000739109690144053,0.0223421464622019,-0.018492014246826,-0.00542482364359573,-0.030048104492985,-0.0443202440581247,0.0250175844796453,0.0380542806365081,0.0459224126355631,0.0076336771644203,-0.0175362125489644,-0.000340565319449103,0.0279798063791999,0.0183889166038846,-0.00607517523987613,-0.0179100577945595,-0.0257607589913643,-0.00590555976794482,0.0203534550368455,-0.00540683109378462,-0.0118085659793162,0.0089443874095262
"SRR30310345",-0.00257138340237148,0.0247978485156709,-0.00405377321543179,0.0579242467363514,0.0156503579408321,-0.0158009408761029,0.0164554962137888,0.059461179801308,-0.00176273598770273,-0.0177454324843161,-0.0179001026278545,-0.0348073994816595,-0.0084979602611262,0.10290889219394,0.103146966402948,-0.00333824005252483,-0.0082121563811477,0.00545264604360783,0.169745322770406,0.00157065874158253,0.0856418704777639,-0.0154908696559009
"SRR30310346",0.011610231719425,0.030284266094102,-0.0831894575334046,0.00330919499008784,-0.0258176457696811,-0.00780218578712208,0.0829819674896365,0.0243153125918833,-0.0116630690330539,-0.0240346778986647,-0.0203251618351108,-0.0294724729003572,0.0158672709412764,0.0795074233468898,0.0734524347551622,0.0286095500901692,0.00216569556813111,0.0159906645685489,0.43484169149992,0.0843788101887539,0.101847514513268,0.0214799428786841
"SRR30310347",0.0167263209481403,0.0332205584145504,-0.10931267283635,0.0093367768744828,-0.0275436719130032,-0.00782354703502655,0.0677116164094731,0.025563737356106,-0.0131605094517066,-0.0294640129583277,-0.017489153664307,-0.0359414306502838,0.0214409061313791,0.0840381703334101,0.0753658706938583,0.0130915127408736,-0.000919838918173696,0.00491948158573355,0.393286929704533,0.0760055084062629,0.166702588668142,0.0440497895005126
"SRR30310348",0.021232121237067,0.0299262517950346,-0.0334509711650576,0.052136139652899,0.0175260492388359,0.00497538603827753,0.0549356369310886,0.0339802612726865,-0.0200719111750954,-0.0349464473088588,-0.0212893501045938,-0.0447522355284494,0.0147218134760495,0.0882439758697836,0.117563120462815,0.0294172738167033,-0.00839785317891373,-0.0221281703709021,0.147962938350823,0.0107478023731386,0.0409856624072003,-6.48236718566988e-05
"SRR30310349",0.0332924752220716,0.0307635439778393,-0.0870720199285197,-0.00619654448074667,-0.0325342032072397,0.0175129859787134,0.0635087644967609,0.0111346200222692,-0.0131460945552569,-0.0368061179244655,-0.00887589829703892,-0.046453181496149,0.0194675717653733,0.0572891637826772,0.084442305887176,0.0119024300553323,-0.0205104375216875,-0.0303175023789937,0.0396927318665461,-0.00265685316425364,-0.0112848714016457,-0.0283971591683442
"SRR30310350",0.0231438919349141,0.0293448218738443,-0.0240675640165795,0.0529095587647104,0.0217396489331866,0.00577217084467643,0.0835904755979406,0.0192410741500313,-0.0246406405608,-0.0377959589955412,-0.0238876318509597,-0.0210571182856655,0.0330799237066653,0.0828548762785733,0.107550205586371,0.045520145072827,-0.0053228979835266,-0.0253232244763814,0.183681325530243,0.0338075864755652,0.0283241602043839,0.000162679441716584
"SRR30310351",-0.0282284194120572,0.0135358048894387,-0.0117579668621796,0.0292778938213893,0.0159377395158916,-0.0644279679987471,0.00181290405427862,0.0649603553387777,0.0477554046208512,0.0239477379226112,-0.0104909009277012,-0.0251622323082003,0.00623597180082708,0.0671138114015193,0.00250198511709843,-0.0538959524241526,-0.011492916096691,0.0569100208900249,0.123205679177614,-0.0087796828300388,0.113562913176218,-0.0198649958560318
"SRR30310352",-0.00494857316422455,0.00965443782345118,-0.0203897436629256,0.052943620151737,0.0183940069592186,-0.0242925412124699,0.0287516445527631,0.0795261297409442,0.0476859928124358,0.0146781661210126,-0.00313806111671764,-0.0394312274527598,0.0200889861493567,0.0798021269239168,0.0147417789342186,-0.0205176670106656,-0.0197139308110084,0.00319482137043583,0.169008324588814,0.0189767408606737,0.0858051765043126,0.070936180864958
"SRR30310353",-0.0127291440952244,0.0217249020254221,0.026764672167582,0.0858682026654825,0.0353662012746143,-0.0405911439708402,0.0335322467670389,0.05738830478848,0.0463569915578563,0.0117087590355352,-0.00399348889235531,-0.0414541128277172,-0.00948063302728868,0.06743722430352,0.00557976244520928,-0.0435618191709068,-0.0162902346424212,0.0162084033941232,0.243049761098959,0.0143311102469485,0.129218052705196,0.00779924660622189
"SRR30310354",-0.00132519683944852,0.011126257645949,-0.0327426859207048,-0.00483749567541686,-0.0241505378843787,-0.03194338230671,0.0348436471883792,0.0344290045588896,0.0250905079384659,0.00183523455589256,-0.0137982319848796,-0.00995912251826591,0.0300432506859959,0.0326724756625349,0.0275301755969349,0.0054680007661401,-0.0164519180406096,-0.0203023201424215,0.0930736357341331,0.00348177010016485,0.00931022564296556,-0.0120479204491189
"SRR30310355",-0.00903351322506645,0.00767265268505965,-0.0179393283022525,-0.0126420828688294,-0.0342235568530078,-0.0368488026884573,0.0288206941918394,0.0342791106286951,0.0314195773257668,0.0104790734035632,-0.00917651956259093,-0.0158055413880732,0.0179761974878182,0.0197066932420629,0.022382318083301,0.00241464438645647,-0.017777504879748,-0.0154769500240969,0.0281908815758568,-0.00807419773586251,-0.0110650861309635,0.0300848024891678
"SRR30310356",-0.0106002079206224,0.01108879911926,-0.00693419304368216,0.00249334701064924,-0.0150315304779931,-0.0358461212661833,0.0243192876205872,0.0635254274230126,0.0421089009129541,0.0142929090436457,-0.00938782914678013,-0.01778220223514,0.0122067907916192,0.0606750665441128,0.0190168158806091,-0.0107743649538274,-0.0183250597849118,-0.00618551887523525,0.116967604207504,0.00512020425331509,-0.0010515645098067,0.00208831809427425
"SRR30310357",0.018285732597889,0.0226187162557225,-0.044828942336532,-0.00954248852447839,-0.0349248781633518,-0.00541431538737247,0.0749931081110134,0.00894588756176293,-0.00300972954270147,-0.0227045318374087,-0.0187075893876534,-0.0212790065824868,0.0302391835024131,0.0295751945298159,0.0590009075449432,0.0385681067917557,-0.0150694868844681,-0.0231161623782594,0.0663742656034366,0.00679008537724346,-0.00394909807034105,-0.00524388184274686
"SRR30310358",0.0362504844193989,0.0383654124369444,-0.0962610519525324,-0.00605688916165934,-0.0415041016058368,0.00447213990399868,0.100400539582186,-0.0109175297132356,-0.0309671612113751,-0.0477954535751254,-0.0303147268688636,-0.0190379554789832,0.0582756533574433,0.0491525082913439,0.0754625462476445,0.0572759793912883,-0.0133816136262687,-0.0335298027903302,0.0485596544378968,-0.00574264257261466,0.00331432483940801,0.0400258920934702
"SRR30310359",0.0157918796307638,0.0324638706784982,-0.0668235764050773,-0.00351710316717928,-0.0306730355793759,-0.0267804016968305,0.0405475029107718,0.0248756604023423,0.0159260501327538,-0.0173402463758818,-0.0276190595035521,-0.0276658526689144,0.0204154922342722,0.0369070937016982,0.0261949676627647,0.000703332676451001,-0.0220854937068232,-0.0165013288618702,0.0701698897746995,0.00436370587774763,-0.00465590550816953,-0.0284094253772503
"SRR30310360",0.0218630395868405,0.0297477332394417,-0.0440454243107074,-0.00570844956696461,-0.0263664151129366,-0.00918747187952786,0.0629511013566061,0.019752704144946,0.0010478669340335,-0.0254734980106494,-0.0251251245553054,-0.0252514801393184,0.0296634591576288,0.0480916179635275,0.0548415998492884,0.0213782675342304,-0.0188760656839627,-0.0269702542375281,0.0742418935901642,0.0147955355180537,-0.00538443986269288,0.02667054485629
"SRR30310361",-0.00253095614993367,0.0221504666225081,0.0327119124086709,0.08222677347569,0.0323844082520652,-0.0240188251393697,0.0632689162512612,0.044392680096973,0.0298572272285783,-0.000614912150976587,-0.0138846623673028,-0.0226914384363279,0.00718391162964907,0.0600075838627706,0.0382503000376441,-0.0022217225787587,-0.00984792088646264,-0.0120139952710018,0.292764660320414,0.0471348338132872,0.153459278170906,0.00225328990378616
"SRR30310362",-0.0120631244140346,0.0200129991153365,0.0132434723087551,0.0686784443134171,0.0330200288748254,-0.0306674801699653,0.0530828979974125,0.0585548487217272,0.0367377498978506,0.0064665628198965,-0.00943846068184698,-0.0284450443803797,0.00334103712952984,0.0758903356813013,0.0323225252798951,-0.018580430774856,-0.00990449665237172,0.00757967880565053,0.223398513415011,0.0300809699509037,0.171667738101124,-0.0242282187318156
"SRR30310363",-0.0241905637677938,0.0171338136576623,0.0128115639138842,0.0472457768909855,0.0242621876604636,-0.0477591887560023,0.040006640515135,0.0661790630807107,0.0418998732362694,0.0167902165164259,-0.0153976954037412,-0.0175146269315717,0.00800325016224887,0.0830512067759073,0.022417344113066,-0.0238025193312012,-0.00648455230155503,0.0273678886750032,0.249911730584524,0.0247157635262396,0.130245302440623,-0.00477634376418878
"SRR30310364",0.0052513684905991,0.0229033542087231,-0.0446500651831867,0.00627015267885383,-0.023244531140503,-0.0293898967607407,0.043878842478783,0.04189244707074,0.0376028030704406,0.00203801541315295,-0.0111938252060864,-0.0122951480630667,0.0364419672305654,0.0380080535797946,0.0231895379259449,-0.0124941325542798,-0.0212275054285208,-0.00898017748890416,0.139292367160092,0.00837050163809975,0.00270621371655684,-0.0351166890647872
"SRR30310365",0.0125802591284434,0.0240865382503145,-0.0278923116140725,0.00559421434423698,-0.0241702461559969,-0.0202371449926359,0.036980657814547,0.0347337047801115,0.038847600625679,-0.00116594616196729,-0.00829770505798606,-0.0140712602300322,0.0301510284446595,0.0211162672974036,0.019659892701253,-0.0125879760162503,-0.0234629900347331,-0.00126079891064401,0.168323265515965,0.0382770815781234,0.00465812514799869,0.0294586464153926
"SRR30310366",0.00350695519454782,0.0187720543302422,-0.0283912824314718,0.00766239197513506,-0.0195889738177924,-0.0278160886795174,0.0380356602326067,0.0505685262931619,0.0347270422616405,0.00176749271049937,-0.0117408476520119,-0.00998640878793238,0.0333069013554326,0.057882353269595,0.0198610290298099,-0.00813850704676136,-0.0197219763041828,-0.0109274116480958,0.142441433989048,0.0176286748025016,0.00608943319211546,-0.0299769736779064
"SRR30310367",-0.00171964754886725,0.0126090130023091,-0.00972123857332658,-0.00700734182514369,-0.0287915125354577,-0.0309262937639535,0.0437869563315736,0.0335392699271745,0.0378896733658267,0.00860513729311304,-0.00842847691257219,-0.00627124367456396,0.0267691426363582,0.01634791012825,0.0191797482187909,0.00235475706758509,-0.0200747407244048,-0.0125580717329926,0.0569590339825243,0.0139286695601307,-0.00833750386091108,-0.0184260855664515
"SRR30310368",-0.000357103438125411,0.0220262342629947,-0.0020448335647043,-0.006525293966196,-0.0211040865928834,-0.044079183963432,0.0265797975697063,0.0294156974589493,0.0414025022711616,0.00600393201914369,-0.0173297936622729,-0.00187204857664606,0.0189007828339765,0.00366799466844291,0.00432952661456187,-0.012065097653103,-0.024203345990046,-0.013238055931411,0.0386668335989404,-0.00635247165820462,-0.0103929420184187,0.0161245290889878
"SRR30310369",0.0531216909554151,0.0598410332898051,-0.0432518366588468,-0.00292237831074841,-0.0287074900673491,0.0154898533582751,0.0423407651738891,-0.00753194830503788,-0.0132491861187274,-0.0603740583766244,-0.030090749355581,-0.0446887183979347,0.0159306414588258,0.0345106156487325,0.0350161437019459,0.00399834202991088,-0.0348929613002149,-0.0346196165986168,0.0143489748313815,-0.0143218683835811,-0.0146085394102992,0.0341598738662546
"SRR30310370",0.0469313042988126,0.0475580778534636,-0.0313148987903683,-0.00327307214222175,-0.0291694948427483,0.0113997864327629,0.0719978551471148,0.0139759007719725,-0.0122864318070623,-0.051123032201793,-0.0308601456198217,-0.0358324925421657,0.0189036276507635,0.0637786029822278,0.0384396448572337,0.020844473280958,-0.0297901986839716,-0.0241427606125511,0.0140902836236089,-0.00969705701396249,-0.0114375164649067,0.0268126853313117
"SRR24657655",-0.0363219933632628,-0.00421140497997193,0.133521081433143,0.350540427091512,0.0957971837270029,-0.0175887265427741,0.0491801595558978,0.100338667290666,0.0775237388047521,0.0436898409444828,0.0133557622006581,-0.0161658098821706,-0.0192989923528467,0.100174339641574,0.00607472899417813,-0.00534752833744406,0.00649692741304596,0.0708657021521847,0.1498534374524,0.374847506387154,0.0690278136146119,0.771116478798581
"SRR24657656",-0.040297903657865,-0.00905930727409137,0.139809810979434,0.315658908772157,0.112725319845236,-0.0344204338024533,0.0266007685940819,0.116453410916053,0.0887667860508831,0.0587986925273171,0.0162713072320055,-0.0301539428453263,-0.0129844959252626,0.0934409153090611,-0.00442162200185917,-0.0259896631853394,-0.0124512833128772,0.0659892017185732,0.102064581142308,0.00187660174366845,0.0151440715700979,-0.00431582979850751
"SRR24657657",-0.0449564879607386,-0.00854247237782303,0.143810339124769,0.307718250554051,0.110581284004507,-0.0402660820122795,0.0152126163189087,0.114325016458235,0.0872762079149264,0.0610920648292381,0.0170876467267505,-0.0337050901994952,-0.0189165082570629,0.0998492402566809,-0.0110887334646023,-0.0377435646086289,-0.00963778550926281,0.0723560200999935,0.0985862095370403,0.000950483056436796,0.0240618699027211,-0.0181321653749461
"SRR24657658",-0.0202439536369851,0.0192789982051607,0.128653538071097,0.315722295300986,0.107551103849174,-0.0397584212953742,0.00342061005273168,0.0903231711136728,0.0713700689822722,0.0271767794860861,-0.0106863051576674,-0.0150754595801396,-0.0112901576918787,0.0947493947189202,-0.0236927732964597,-0.0438998161186147,-0.0237383556277535,0.0098107571929545,0.025254624112881,0.00665639067467226,-0.00229063988737418,-0.000319343744924566
"SRR24657659",-0.0505904759227173,-0.00971218841974158,0.138466574393578,0.289075706817919,0.109470062870816,-0.0478024166508697,0.0250606605872664,0.119751111374654,0.0796600618744757,0.0607160065145095,0.00638847954002504,-0.0318750802354516,-0.0143451651119898,0.108849062727754,0.00288491725043986,-0.0359719194890948,-0.00712647580869093,0.0617586555746308,0.110536469360847,0.0244152112862622,0.0229371340579941,0.0213368457566908
"SRR24657669",-0.0523869408521019,-0.0497701108231875,0.166052762773356,0.270579668225366,0.131258198561236,-0.0226665162687454,-0.00137607064858962,0.104134769001075,0.0954144352260914,0.0905667413113093,0.0339207574919042,0.00442668743706867,-0.00789679461625544,0.0427619647332333,-0.0345277949482826,-0.050186031890984,-0.0149110447029126,0.0316860915772466,0.00286399407119288,-0.0126007280141023,-0.0138547521836513,0.00536295036290501
"SRR24657680",-0.0463328960024761,-0.0483093311970387,0.144186032929163,0.273826953386205,0.124097995907948,-0.0129620686118076,0.0132754492596598,0.104672565415331,0.0786839220948948,0.0773967241482954,0.0293263751840892,-0.00015362516921703,0.0101467475725974,0.06569664926935,-0.00844613600875554,-0.0204758386794649,-0.0101270006563149,0.024555932652982,0.00891662459303244,0.00365345885931329,-0.00846800485443652,-0.00468884352313688
"SRR24657691",-0.0522769303469006,-0.0502609137719888,0.15247644134892,0.26493000404708,0.124436876039564,-0.0259843421274532,-0.00191488899632891,0.104741105822353,0.0957668010183563,0.0907925309146344,0.0347489234345684,0.00511166057760565,0.00500939854702029,0.0431502431889899,-0.0354362734428456,-0.0519272214925683,-0.0145995300518635,0.0316127805405229,0.00420501605581919,0.0036377345993384,-0.0126489916793569,-0.0177913991727061
"SRR24657702",-0.0491774917992313,-0.0493851752589023,0.149056744479221,0.26995463926264,0.124910112642508,-0.0228551821857993,0.00755286088929297,0.0990673191528812,0.0860530931061546,0.0839025195150345,0.0331802289587062,0.00632268858614483,0.00964468978009023,0.0461482099893468,-0.0321265918186021,-0.038174881283342,-0.012485351492758,0.0358033209866988,0.00632402427461991,0.00545110604798062,-0.00771456184760311,0.0115990269042571
"SRR24657703",-0.0395723141288231,-0.0433053177768989,0.139678903420621,0.267403051447604,0.122935477312623,-0.00977029247223887,0.0168512795007911,0.103871747194979,0.0800723446801922,0.0711160566072049,0.0288108072889215,0.002585697911964,0.00987762051544475,0.0559487968564054,-0.0162100270206512,-0.0300940812575553,-0.0139322844967728,0.0288343219990683,0.0254583600965021,0.0442779682414036,-0.00535733401827361,0.00169880109941248
"ERR7738942",0.0312537605183833,-0.0108521024741783,-0.0790727126678001,0.0106271463946977,-0.0303906464015595,0.0635344782876894,0.0465627231252413,0.0587517940790395,0.0197933339433938,-0.00770764313610419,0.0232557427940317,-0.0121023837115274,0.0236599876780577,0.0624590120156839,-0.000817403784167197,0.0064946314978027,-0.0270598314405706,-0.00413379602983351,-0.0118985356655979,-0.0103533204882118,-0.0161914085659086,0.00269838007646583
"ERR7738943",0.0273165721634042,-0.0178377261407974,-0.02375155369642,0.0142602701257523,-0.0223192415517917,0.0585220151102209,0.0320529701144346,0.0713000092996638,0.0286069255840064,-0.00221945087548247,0.0227702025049543,0.0044713904742945,0.00828093035984317,0.066999291700952,0.00203157146004976,0.00769275085090579,-0.0274557334966099,-0.000983135852813078,-0.0121258050639883,-0.00826450103924462,-0.0190675547819721,0.0368982118801988
"ERR7738944",0.0318728642178026,-0.0106665486251128,-0.0334006638939545,0.00962773185337242,-0.0183081798697445,0.0727514313716439,0.0435037319917301,0.060028443494742,0.0169647941841443,-0.00916005904436052,0.0265927385329524,-0.035150771096453,-0.0281590524722446,0.0699775867989167,0.0131372759028162,0.0179873653111972,-0.025955401858789,0.000283278025752286,-0.0114900550610626,-0.0118957431256116,-0.0169197935437577,0.0977709226678376
"SRR30606508",0.01523032530857,-0.0258456055011079,-0.0257705149081186,-0.00911627550131721,-0.045424568844827,0.0111439896666245,-0.0332785567445009,0.04372028978441,0.0654647831707319,0.0312580638261773,0.0381130826915555,0.00579248132574444,0.0427001014495027,-0.0317779518933399,-0.0870982332212138,-0.0658627975294851,-0.0456470336986698,0.112174103548531,-0.0233302533770804,-0.0159771783041399,-0.0257708405408264,0.0217652668542947
"SRR30606509",0.0296318417637039,-0.0117538289519894,-0.00479059807161641,-0.0151796289292706,-0.0430938743155534,0.0804951652683127,-0.0209626806294055,0.00392150239093623,0.0373640925991054,-0.00409589437698589,0.040006435321041,-0.0377566029093835,-0.0559040754071655,-0.0337296733821315,-0.0644605453121179,-0.0674449530821354,-0.0487413393933641,-0.0156557359045007,-0.0218985168316714,-0.00335392943230076,-0.0274693006131013,0.0551141232495809
"SRR30606510",0.0551894506053863,-0.00655114453218142,-0.0545142601531649,-0.0128549338780817,-0.0462164488099935,0.0966743287204682,0.0350625760982315,-0.0443593020197984,-0.0192666774912843,-0.0362033861162686,0.022241166227654,-0.00329427988111476,0.0325757072587,-0.0415674282416359,-0.0207919896098506,-0.00429481736412437,-0.0347944443374318,-0.0211788526616331,-0.0202857814086081,-0.0156474363976991,-0.0234677321783133,0.0575185580511644
"SRR30606511",0.0397647863833838,-0.00714773752277162,-0.0483734519924554,-0.0107290867687622,-0.0565148430906959,0.0842563347757455,0.0198681306052846,-0.0195300456370524,0.00691723272234545,-0.0214351205540656,0.0281073875794018,-0.0143421286818359,0.0109973512557535,-0.0372386028604794,-0.0465304519080072,-0.0313956879735638,-0.0412222794494877,-0.0195736324938128,-0.0196483288256594,-0.0073132759662288,-0.0234193955851785,0.0655980403184878
"SRR30606517",0.0208002872614822,0.0452028233616004,-0.0300782202443437,-0.00306965776478911,-0.0442409658165907,-0.0566449221954315,-0.0582092706063314,0.00571036795746985,0.0548259375196501,-0.0048354761055177,-0.0255876532225751,-0.014858756661046,0.0314572777878454,-0.0406191379229102,-0.119830581851684,-0.104350256896203,-0.050164923912684,0.0332340459888186,-0.0194484395585461,-0.014775113046364,-0.0274486946826464,0.0408432040628487
"SRR30606518",0.0418694272772519,0.0582907121297129,-0.0261670466939131,-0.00977159415858065,-0.0270225190100412,-0.0392295854405864,-0.0457192431157431,-0.0284101862785954,0.0203104521114775,-0.0354532145993353,-0.0398615508999209,0.0132339107181525,0.0511315067746311,-0.0506736839021293,-0.107430046402115,-0.0882214977848851,-0.0504703576497331,0.0108950364763609,-0.0230089614089823,-0.0181199877222292,-0.0250797115313829,0.0964573836367157
"SRR30606519",0.0379509085196116,0.0562406024740892,-0.0340401915602655,-0.00725657070452727,-0.037950338553474,-0.0404902415674008,-0.0405918789746095,-0.0241561024402714,0.0226109503470945,-0.0336072298271784,-0.0402448260682366,0.0105637726038083,0.0543527347643917,-0.0480963816660921,-0.0918204309287012,-0.0793405399010142,-0.0483364993084306,0.0041071113209557,-0.0215369715667539,-0.0164875101227363,-0.0263535064407833,0.0170541072407857
"SRR30606520",0.0250660055562099,0.0485760582627094,-0.0272100979587163,-0.0106174163351237,-0.0391390922741424,-0.0588140236770505,-0.058804770859875,-0.00312623053099809,0.0479058475991264,-0.0130843030509409,-0.0351666272791015,0.00697437084981369,0.0441183975852047,-0.0435763576414313,-0.11597813480922,-0.103685588334405,-0.0500125483260769,0.0249812268807238,-0.0215930324489364,-0.0161449514466965,-0.0267248650117317,-0.0242847838231814
"SRR30606521",0.0359607152310123,0.0345292351757063,-0.0557406477586147,-0.0146282539350186,-0.0580187054859787,-0.00360920242289339,0.137171241610352,-0.0766412851547245,-0.0592901256110556,-0.0564198557644235,-0.044898175386612,0.0184210278582408,0.0991978250496934,-0.0342909018163551,0.0392561598504944,0.0831073321988787,-0.00792577266643716,-0.0455862557146649,-0.0059508112804352,-0.0121409085032483,-0.0124386997211924,0.0374043394820191
"SRR30606522",0.0195923124674441,0.0179598805186731,-0.0711783176819437,-0.0113387489359681,-0.0524125054217737,-0.0284405406713614,0.105841167881257,-0.043509191782723,-0.0176167615117096,-0.0199127716728116,-0.0377539060577701,0.0528794842078141,0.130560924919898,-0.0398423319402641,-0.014315321224109,0.0382878214746438,-0.0125412039352496,0.0110302070816784,-0.0107141473345609,-0.0137463849521393,-0.0166847338610655,0.0289901687022545
"SRR30606523",0.019378413096723,0.0471295835662108,-0.0390367859759784,-0.00776888113759025,-0.0486424795615568,-0.0672516463410462,-0.0505281781783207,0.00541390107490545,0.0544453999723448,-0.00470500065971107,-0.0297017420298975,-0.018098214659413,0.043324309293387,-0.0399362252134079,-0.120528462469936,-0.101879672197025,-0.0491797255721348,0.0527321598786799,-0.0177106201294313,-0.0173238420493989,-0.0250330947622792,0.0282846940438331
"SRR30606524",0.0190740459846773,0.0234724518813197,-0.0610424721925661,-0.00620209691155568,-0.0423014911028992,-0.0427245364001277,0.0648295701289101,-0.0267048420790112,-0.00170236632808442,-0.0110388371100887,-0.0412873194949777,0.0598623155663072,0.125125054315774,-0.0356411468235276,-0.0423338322989309,0.00352158396964361,-0.0189970356114999,0.111155063101786,-0.0119928550857142,-0.00858164564130281,-0.0193789614051082,0.0800107514616657
"SRR30606525",0.00323522900264103,0.0355093488795622,-0.0352258081189105,-0.00194887668088464,-0.0443978261175183,-0.0941362551241718,-0.0738893238122529,0.0230768980046921,0.0678525782649238,0.0170102353136483,-0.032440271236296,0.0244674572792609,0.0712586071972964,-0.0373171091178924,-0.135306492033465,-0.121175248440788,-0.0437694452604144,0.140615979665554,-0.0193867285606734,-0.0197815285198527,-0.0259783896891908,0.014495922564202
"SRR30606526",0.0134012492995626,0.0349199565660999,-0.0677320438896537,0.0026531212174942,-0.0556175788264048,-0.069497443986412,-0.0264760078736508,0.00827045469181968,0.0426481038969089,0.00464726479658764,-0.0348851510942319,0.0385001622053607,0.105469072103779,-0.0338890058748908,-0.102380950905235,-0.0839912701629155,-0.0380588468454379,0.16284870923649,-0.0157692626670955,-0.00631005987294301,-0.0217675214935484,0.0155677856922418
"SRR30606527",-0.0140098529034885,0.0198844880315249,-0.00825497438667753,-0.0094506741389046,-0.0179701457430721,-0.111775147718575,-0.0482462690278561,0.0426042253906299,0.0787770871798462,0.0418826763260573,-0.03430754902876,0.0630168291278103,0.089118927064367,-0.0344730300020152,-0.133430375140094,-0.119385381753537,-0.0369060225062682,0.197441807404185,-0.0206005314231323,-0.017775588572162,-0.0235412404446509,-0.0193544738841064
"SRR30606528",-0.0313397358718269,0.0110127566575792,-0.0288712024099316,-0.00672464142978249,-0.0415018636335345,-0.117438329742765,-0.061845712742591,0.0564409685795887,0.0874081415735057,0.0525616577564052,-0.0218474260054734,0.0527314103650161,0.0998937841952847,-0.0294294773641352,-0.136161274949013,-0.121585636489557,-0.0365366676409193,0.213206501883841,-0.0180524047748786,-0.00648236328588366,-0.0230843069961696,0.0167232507823955
"SRR30606529",-0.00582597544168221,0.0137133257344182,-0.0305743122300116,-0.0134978005004634,-0.0412057285026374,-0.0801773321794561,0.0330399379684567,0.0215181868875411,0.042904588272466,0.0237044312480307,-0.0342586633150151,0.0758522263429658,0.126082455884379,-0.0310112861867168,-0.0822560731162147,-0.0475104557513355,-0.0237020889384474,0.191897769162839,-0.0165282419832822,-0.0132069070836953,-0.0223725798700782,0.0690216759641224
"SRR30606530",0.0255819446836522,-0.0313881996500383,-0.0484044541612107,-0.0164794915789025,-0.0479934453835704,0.0181362749168797,0.0330417017900471,0.0195685529740356,0.0308947517484594,0.0195615093980627,0.0216584497817091,0.0284998640512196,0.0885781200619445,-0.0313818258856755,-0.0377235551400889,-0.0048044344746389,-0.0283992053641716,0.0816218169906615,-0.0209735243943321,-0.00790253988807627,-0.0227881173595524,-0.000643974046864448
"SRR30606531",-0.00862378703927755,-0.0370441623266906,-0.0218798817465027,-0.00355832410977635,-0.036539609113019,-0.0302905049439342,-0.0438140181194656,0.070015707560953,0.0878934424746028,0.0630013462409806,0.032366305641992,0.0417033243076768,0.0816605403058988,-0.0241517537787486,-0.115012661468856,-0.0855703253673149,-0.0400261566652921,0.183545016063928,-0.0221204133929389,-0.0101829802233429,-0.0269777455649969,0.0295643767350978
"SRR30606532",0.0794975686870365,0.0882307223886593,-0.0547504644205405,-0.0114564106050484,-0.0263225249416195,0.00967239392989413,0.0344957272113936,-0.0816119772063215,-0.0510896850564424,-0.0968511901035972,-0.057695929609181,-0.0743094537774639,0.0225292314722425,-0.0453929355959362,0.00536421957511391,-0.0153780624488596,-0.0453863158462077,-0.0423173416222508,-0.018082479681029,-0.0101911365640923,-0.0227384892512167,0.0169602974015499
"SRR30606533",0.0661942823375696,0.0831206949857438,-0.0516967166368111,-0.0103047283643097,-0.0238751842261529,0.00334418709736628,0.0393000976394924,-0.0786815849911872,-0.0505718725918411,-0.0898407257543201,-0.0593945933910585,-0.0361850344589529,0.0339759860319477,-0.0423945947985295,0.00872217717565117,-0.0139340838288597,-0.0412981849691138,-0.0467459067708764,-0.0183782304069549,-0.0129708843732196,-0.0249727364096495,0.00354664114772049
"SRR18568313",0.0119482157651098,-0.0334137898962328,0.0305455408486213,0.00277737806170395,0.0651357298946052,0.0579485470280849,0.0467287712506275,-0.0290133203300726,-0.00722970760873709,0.0260670767180698,0.04797821839921,0.00071589784392593,-0.0515558926483523,-0.0357181093795011,-0.0632791450070648,-0.0251587606122434,0.0349247976279404,0.0064987424736871,-0.00755970296086551,0.116077827916189,0.0856520410346333,0.0214703166481272
"SRR18568314",0.0197854435565704,-0.0241817920539907,0.0403663858055039,0.00501401359231276,0.0825854678171747,0.0606365022713584,0.0495849101424142,-0.0363800799103737,-0.0125054227766396,0.016482790564321,0.0418812563705487,0.00190082104860508,-0.062570604663764,-0.0379832612909634,-0.0681848707869498,-0.0246583801324469,0.0349791180594237,-0.00766757723417126,-0.0120268052310113,0.051858936018702,0.0784696526000054,0.0168989863689116
"SRR18568315",0.0240737292853609,-0.0255567773563533,0.0291504024124413,0.00150346830717833,0.0702576813656706,0.0763278913572434,0.0567107023069424,-0.0577842693031644,-0.0324140779155529,0.00461461408131773,0.0458890547153595,-0.00806657256671796,-0.0537484990541201,-0.0465851667342647,-0.0469709264236784,-0.00454276861515349,0.0408729609576041,-0.022279788759329,-0.0126632024477404,0.123960231024803,0.0723050211323496,-0.00834328396214268
"SRR18568316",0.0251274142085809,-0.0473227999257748,-0.065107614793993,0.0068228273122645,0.0643670888772176,0.0884845168027005,0.118502018734289,-0.078810356307759,-0.0603831025860766,0.0162512402223599,0.0410387274245934,-0.00625406779511094,0.014378812015266,-0.0491181947174096,-0.00152347640678121,0.0611088045907221,0.0695756608325927,-0.0223442674568178,-0.00255163510092522,0.266900749019836,0.158844506753143,-0.0291761213455614
"SRR18568317",0.0281730899049674,-0.045545796747048,-0.0795700879755985,0.00444430088901426,0.0724285201375665,0.0851506222677763,0.129592195169087,-0.0839995976621934,-0.0657212915669679,0.00937032920680307,0.0371702993555222,0.00216652886488166,0.032007258778767,-0.0482966336697802,-0.00401451163093937,0.0618258334265293,0.0664749635148449,-0.0237378305454916,-0.00635807275100104,0.178191121824107,0.249964247813339,-0.0224586998719509
"SRR18568318",0.0378885574884602,-0.0455099577355441,-0.113158243203331,5.80791540131916e-06,0.079695547428218,0.0815161266001221,0.148885039503556,-0.101511613987738,-0.0823302185060602,-0.00518519454683924,0.0267612273957431,0.0225826982824736,0.0710571024081829,-0.0465659896490963,-0.0104401569580378,0.0646243770970262,0.0560592150144376,-0.026255436576233,-0.0156392694219978,-0.0124374796207348,0.344120470105639,-0.0655983549958433
"SRR18568319",0.0252911171305021,-0.0450837273178781,-0.0518886716803527,0.003880886122841,0.0909368286263137,0.0655947417458099,0.156175699386879,-0.104892791110761,-0.0988228237284282,0.00588223122446895,-0.00872138051448396,0.0429204215753992,0.0801795849651331,-0.0467256350420634,0.0150798562613308,0.10361021889606,0.0958298646277119,-0.0102203338074278,-0.00603018003908433,0.0367337570584233,0.216836893850384,-0.0324929739231052
"SRR18568320",0.0242288720941765,-0.0489197502377858,-0.0751526949172165,0.00417505870700803,0.0796304732202661,0.0759726088690791,0.150579451362935,-0.0974019307132039,-0.0874880708264764,0.0145801755634898,0.00888497382623755,0.00167595019418125,0.0537516364340457,-0.0459603179450879,0.017697944538183,0.0938847641769873,0.0933878691171061,-0.0143803296963777,-0.00789681098470122,0.0309789442873157,0.170162990966871,-0.0162612267133493
"SRR18568321",0.0285153959839168,-0.045593349929499,0.00318465302887661,0.00465254574885818,0.0951712976064143,0.0720242967915662,0.162708273584632,-0.115338577996635,-0.104809230337792,-0.000665706231865235,-0.00989390725107599,0.0364038521329742,0.0533424055877453,-0.046425062976698,0.0306744740286676,0.111902989596028,0.0897088018181057,-0.0155934089414697,-0.00079983168385288,0.00935226562917147,0.333139476043993,-0.00862368913113885
"SRR18568322",-0.0277831073637831,-0.0529162791266473,0.0515037304466132,0.0110028098957591,0.0717734460124764,0.0158209170302533,0.0449351365993315,0.03757864778875,0.0444900689171079,0.0842133203192635,0.0556419241618268,-0.0499166733731616,-0.0705531921475106,-0.00160411410228027,-0.0669053625797211,-0.0188020792986046,0.0398340536302068,0.230085575429552,-0.00286935253322203,0.0682254271329511,0.0479366547580304,-0.0118114586540906
"SRR18568323",-0.00985209501795918,-0.043563518792372,0.0476544140183976,0.00999517843050611,0.0699819430503803,0.0302435523919999,0.048662419280314,0.0124910489293833,0.0274700472399038,0.0626023846307203,0.0473503832665555,-0.0393989678554255,-0.0584039899696684,-0.0146129717614055,-0.055687790630336,-0.00552188308871074,0.0375633705794035,0.152781343575062,-0.00632566009169697,0.0422039105353016,0.0373254490502634,-0.000363429158707555
"SRR18568324",-0.0164056140878088,-0.0474324872557107,0.00774862488253341,0.0100926933582203,0.0569847211754154,0.0273764771569137,0.0528151265597345,0.00678123132490925,0.0260200057285776,0.0635144634384052,0.0475510066831597,-0.0163477973961372,-0.0262236241467858,-0.0219434552737956,-0.0680889414129316,0.00136787161985335,0.0497246907019732,0.185739700040109,-0.00950991511456863,0.0531159010718058,0.0493501796695223,-0.0124222126124755
"SRR18568325",-0.0110196385397149,-0.0531776814193705,-0.0493386293092884,0.00629751263273394,0.0787316764616315,0.0373400184460177,0.0891576651547575,0.0110676401552108,0.00923110221828435,0.0627669645078695,0.0432721529222833,-0.0244184316455457,-0.00489458220574234,-0.00245068129303401,-0.0403134707213315,0.0168840811600667,0.0436849671010555,0.313242033534911,-0.0121029341719904,0.0230023084417896,0.127822473153171,-0.00912019763876326
"SRR18568326",-0.0145133344445954,-0.0548533343628742,-0.0338469773587454,0.00434979842587084,0.0736999880527513,0.0359715458178769,0.0863481120033043,0.0103205409154158,0.00853353994462872,0.0634477578955197,0.041618759407888,-0.018839994244127,-0.00773964919981287,-0.00336737046979313,-0.0386539392110916,0.0231840049591005,0.0470189813911735,0.312346134138646,-0.0135790405048118,0.0334863524182404,0.0693872872508408,-0.0253167770729537
"SRR18568327",-0.00265462301154702,-0.0538967482946181,-0.0860477320784239,0.0028488264951284,0.103069162976623,0.0439534459420107,0.0895505082498628,0.00272726823940964,0.00773319294382563,0.0599162928383866,0.0493124088002726,-0.0400012248231876,-0.0256259020772526,-0.00118579816123208,-0.0375317906549692,0.00781967821511055,0.0407252312003952,0.321330945673533,-0.011509683340848,0.0101893865772722,0.202803585109823,-0.00697598457782562
"SRR18568328",0.0245116829900343,-0.0477449276745348,-0.0734636923772087,-0.00331666128051527,0.0710431508449224,0.0632385579595636,0.165235339569459,-0.0915081492678695,-0.0853007507636901,0.010121962819764,-0.00507956735643583,0.057018895462689,0.100191949312234,-0.0435610421032776,0.0032000474311987,0.101902103522754,0.0858815844129967,0.104149656608616,0.00236609160930227,0.236831490858347,0.275826462935589,0.0220899212493344
"SRR18568329",0.0198432196520598,-0.0496535769178771,-0.108469529226173,0.0258648466292929,0.0538284750416256,0.0675643764339085,0.172275029777505,-0.0692883071427569,-0.0630902327717957,0.0238095581301619,0.0192712366849806,0.00146824423200677,0.0792863941085638,-0.0300830523458644,0.00504143526077018,0.0878433855667998,0.0801833137587452,0.143632896206269,0.025488983517136,0.565888104436248,0.294503002086382,-0.00794189189473605
"SRR18568330",0.0226687122128675,-0.047797609908605,-0.0786435556968573,0.0134247640698906,0.0678978839536135,0.0665280298441126,0.164308226281972,-0.0828633924026284,-0.0757245414956074,0.0165186448934073,0.00473705175755398,0.0347521680603594,0.0965024010377946,-0.037286906777704,0.00382859735138722,0.0954964787582304,0.0842999098337134,0.125769794144222,0.019385133396105,0.506761721975413,0.288275319301099,0.00235138005667098
"SRR24107301",-0.0965487244893675,-0.0448270967474581,0.0513684169477144,0.00111526180463491,0.0228886545376558,-0.0654776508488118,-0.0616287347662233,-0.0146452449536528,-0.0677973875498015,0.0416684926490282,-0.0218837286751818,0.0764451838160088,0.066747385493173,0.0390838925278695,0.0268742302046487,0.0318218029367509,0.0949955943994737,0.0207445088578439,-0.010971406213149,-0.0143778051183835,0.0339628563982828,-0.0014354813798843
"SRR24107302",-0.0974465678366555,-0.0472254004410818,0.0580521140501902,0.00625766546054354,0.0239422920549567,-0.0664648313621968,-0.0614671420012469,-0.0150164370617057,-0.0672403672736873,0.0426244667639138,-0.0210281464409617,0.0750123144391223,0.0571507600774333,0.0401337869113644,0.0287537477268401,0.0328721351692992,0.0958267610848283,0.0182494513903292,-0.0095926917245024,-0.0160445186900359,0.0310963653421315,-0.0205248950063974
"SRR24107303",-0.101775152150981,-0.0546643459998828,0.0104307068093482,-0.0046583572977184,0.0164059011944761,-0.0700432429764175,-0.0600434818949776,-0.00155690757499555,-0.0702448635750955,0.0466848004761406,-0.0280931063230638,0.101636302789764,0.089968082920672,0.0574606896283626,0.0222768076808516,0.0381920320842838,0.0994622166821272,0.0346894560923744,-0.0123448720516754,-0.0204179135991025,0.0265685078897836,-0.0306951880588702
"SRR24107304",-0.102866430224512,-0.0503534074440713,0.0409658842804857,0.0093645623165129,0.0204813862632531,-0.0725537884239382,-0.0535115157226735,0.00395729140197305,-0.0656711808036396,0.0489679099001194,-0.0283116809725619,0.0909591141568363,0.0842437527685727,0.0626900793444445,0.0242934478925722,0.0352038774866812,0.10082341728143,0.0365050093473776,-0.0085855893538898,-0.0171803186655831,0.027815653049413,0.00383078003270813
"SRR24107305",-0.0913987600073074,-0.0545478467750924,0.0378937229208392,0.0214746956849819,0.00737655619212041,-0.0472607630950422,-0.0527340871629248,-0.0108861658188887,-0.0742029270081207,0.042616216687798,-0.015075510694607,0.0788460678170544,0.0834942867310963,0.050205955220174,0.0573694454784302,0.0726928911903611,0.111255190251394,-0.0116284154035272,-0.00904487253709452,-0.0119560886793704,-0.00511529209589783,0.00332234276505437
"SRR24107306",-0.0914692469532954,-0.0545308124938535,0.0318422965059809,0.0203970323008277,0.000734513317928532,-0.0474838977866598,-0.0548147180786623,-0.00923311659114125,-0.0728775441067618,0.042477369465469,-0.0149307831755953,0.0784957984262228,0.0841211896600799,0.0508501728518397,0.0568403253483654,0.0725498110648861,0.110035498717301,-0.0140195307301878,-0.00922838161552592,-0.015499172089688,-0.00677749295222071,-0.00905886605451531
