"","MEgreen","MEviolet","MEblue","MEdarkgreen","MEpurple","MEblack","MEcyan","MElightyellow","MEdarkmagenta","MEskyblue3","MEyellowgreen","MEdarkgrey","MEdarkolivegreen","MEorange","MEdarkorange","MEpink","MEtan","MEyellow","MEgrey60","MEskyblue"
"ERR7738945",-0.0113357625622617,-0.0494388760511103,-0.0148229074347918,0.0335998572298135,-0.0181945877336463,0.0728570111642802,0.0423444145820733,0.00449440280408336,-0.00734668128320631,-0.0158092624442211,0.000848449324126611,-0.0466102043592338,-0.0594775474155137,-0.00930605027751985,0.00545336620992995,0.0142363804206639,-0.00937615656775309,-0.00433337033427771,0.0862092720573394,0.0707820386858858
"ERR7738946",-0.0108915286981686,-0.0505099160514545,-0.015203327914893,0.0318153599275668,-0.0186422668733234,0.0724912729444869,0.0420991706217184,0.0044736970481527,-0.0098567703063992,-0.0124835265712073,-0.000225450555820032,-0.0472187355065571,-0.0595267764907398,-0.0122284298265707,0.0042401431495132,0.0139668429512045,-0.0115096991684868,-0.00590290948817401,0.0860493674668108,0.0697127426678893
"ERR7738947",0.00259022548999677,-0.0357764865312055,-0.0236341094140723,-0.017437415737921,0.022779520341866,0.0639642139708304,0.0378671228921791,0.0249817615830081,-0.0115489735319062,-0.0173801589728884,0.0283280383592837,-0.0259473509394214,-0.0459849410907221,-0.198350415626756,-0.0398201749838264,0.0164850879416821,-0.0064116492516017,-0.00209914498620578,0.0718481725051877,0.0479671308300209
"ERR7738939",0.0297256333569171,0.0438556520478443,-0.0341334212613845,-0.0434964529638149,-0.0169643370020999,0.0104861274582295,0.0124285543225952,0.0353643443463532,-0.0155981412950222,-0.0152733217918301,0.0497193281242031,0.051398154463055,0.0217382965930141,-0.0571964135197125,-0.0260252843994715,0.0025180449951971,-0.00951793789979247,-0.0111912189453702,0.0677722892032032,0.0565106828049543
"ERR7738940",0.0282949344751349,0.050105506104087,-0.035208899852987,-0.0462555814477831,0.00323000631212914,0.0124932091973358,0.0128071863218077,0.0352891057694692,-0.0139159683278192,-0.0109914979569266,0.0500203065582063,0.053191912820349,0.0225689247934205,-0.0606015232197505,-0.0246701194462974,0.00843834417740754,-0.0115500745379687,-0.0108072659236095,0.0687442460673736,0.0603811892417718
"ERR7738941",0.0271187498058217,0.0537649418284892,-0.0390708997040305,-0.0437278040046068,-0.0037839863697125,0.0102727803699346,0.0178571114451206,0.0404308912120149,-0.0179295979698411,-0.0126555260629977,0.0307767872666116,0.0668035814390877,0.0221598447239388,-0.0567431311144244,-0.0236907271736516,0.00784609429859531,-0.0119629201943068,-0.0152891113720611,0.0636368128711362,0.0556460081092126
"SRR8689382",0.0376276086732477,-0.0462898784130422,-0.0489492761329211,-0.0971082131392129,-0.133525950854527,0.0584700891871976,0.0193556435749683,0.00947855186303118,-0.0231470347025093,-0.0173801589728884,-0.0705687388881794,-0.0177954082092851,-0.100261509990739,-0.0232177119122597,-0.0538738689247266,-0.0213274686699066,-0.0141750859963487,-0.0216926611024641,-0.0195636697150225,0.0160941930228587
"SRR8689383",0.0384061617519681,-0.0459543000382318,-0.0493942603702372,-0.0938902277322551,-0.138879312939047,0.0574527286145478,0.0172169916499564,0.00783422437228199,-0.0201130174848755,-0.0173801589728884,-0.073283590658847,-0.0168063607094847,-0.0981284961015504,0.000437781165040604,-0.0525456675550014,-0.0217540700745054,-0.015832363792285,-0.0223150292576378,-0.0200388548636779,0.0200428897531439
"SRR8689384",0.0368537135328881,-0.0481781671267087,-0.0488859559145676,-0.0917592846564173,-0.153795108258516,0.0590937681980985,0.0179377459772378,0.0093742299554604,-0.0214182213872164,-0.0123245851724454,-0.0697218171711307,-0.0166653922746149,-0.0982456710331348,0.0265967739595098,-0.0459333970113878,-0.0244846538028403,-0.0131166724241837,-0.0212917230078751,-0.0211494722541874,0.0235420704256221
"SRR8689389",0.00373603270763554,-0.107655471354303,-0.0428676584128964,-0.0835318239361783,-0.0947207260773101,0.106501518395378,0.0546048873128905,0.0020198249403634,-0.0206696648912664,-0.0173801589728885,-0.0898056762778734,-0.067897533054252,-0.156879414043659,-0.0832839565162045,-0.0568299325007799,-0.0211889265158551,-0.0142087485218871,-0.0135815451348967,-0.0113319346298766,0.0300450735363834
"SRR8689390",0.00352841743246347,-0.106916940318952,-0.0424379007536852,-0.0767467792427541,-0.121340309687285,0.106270945131227,0.0516147117408204,0.000772413787745748,-0.0219172938534913,-0.0173801589728885,-0.0936257409379443,-0.0751169210984386,-0.153590182425888,-0.0398200751316046,-0.0468686891287013,-0.0154313905038568,-0.0125440533267512,-0.0152340089868931,-0.0137418368673836,0.0329523763759103
"SRR8689394",0.0130969891720177,-0.0965323197131997,-0.0499872390503621,-0.107853753077678,-0.11184952397173,0.100592254923962,0.0476840559157115,0.010159528628277,-0.020938212173264,-0.0173801589728884,-0.0892350431224458,-0.0609219741050114,-0.156694930272209,-0.0939474313786268,-0.0633950546082159,-0.0230497537544066,-0.0123301603064779,-0.0145103553511398,-0.0155405163273708,0.0215370547106687
"SRR8689395",0.0145429093106384,-0.0907153596545478,-0.0499170618428717,-0.0955983302387174,-0.15665519057472,0.0979162430587778,0.0422025203453067,0.00658213635039957,-0.024640405691219,-0.0173801589728884,-0.0943879659853673,-0.064544781594316,-0.152420474601621,0.0185022397820446,-0.0388531993506656,-0.022276847488177,-0.0141532607884132,-0.0181619660976198,-0.0201255416668845,0.0257250849155777
"SRR8689396",0.0140330284100959,-0.091833128116875,-0.0492776689730707,-0.0979751020182574,-0.167381911772298,0.0991435296972809,0.0418138831217706,0.00703600502531576,-0.0231074600567679,-0.0173801589728884,-0.0887292770356035,-0.0637362076357637,-0.150404519901243,0.0304182547601198,-0.0376756605568025,-0.0193465673994878,-0.0126819957554135,-0.016249659801908,-0.0207401242277043,0.0279246430153257
"SRR8689400",0.0747920777152606,0.0390282093318284,-0.0516857648291607,-0.100938384385223,-0.127656438507192,-0.014458182542947,-0.030679328036113,0.0135747572048962,-0.0190344547273111,-0.0173801589728884,-0.0296912948752047,0.0352822066723727,-0.0264132293158645,-0.0403007241296195,-0.0449453158989239,-0.015203369347561,-0.014312615999773,-0.0171677370773077,-0.0422682283528933,-0.0251463034728873
"SRR8689402",0.0758606032007862,0.038150101813834,-0.0524337415450774,-0.0999094049301164,-0.134716593008893,-0.0166837628791388,-0.0313339166710391,0.0138613510631799,-0.0177237253376118,-0.0102553413887221,-0.0287420539164196,0.0371983888328553,-0.0255375473924474,-0.0367915729880577,-0.0433422079082342,-0.0171761539834341,-0.0146969541735431,-0.0190399458087914,-0.0426577631650249,-0.020734537653485
"SRR8689407",0.0676486043409578,-0.00267814096550635,-0.0556458033636106,-0.133019238574271,-0.169792590995688,0.00732265949938535,-0.0079945296582665,0.0240406069716386,-0.0176457993564433,-0.013516912303172,-0.0604989926594592,0.0154192413392525,-0.062675430410705,-0.0270239569059454,-0.0558786986331405,-0.00914766057646292,-0.0124806490712766,-0.0205870034412156,0.00328781641146654,0.0150284991081288
"SRR8689408",0.0674279486377542,0.00288447035842992,-0.0551962553127388,-0.131378882657268,-0.169209330794976,0.00763804316056051,-0.00699862133393896,0.0243788377407579,-0.0175004059902272,-0.0125601167222101,-0.0513976308809906,0.0158859561023487,-0.0625924658862475,-0.0492102312456974,-0.0564735742659014,-0.016801503737386,-0.0146724618520104,-0.01834897973958,0.00440178963160973,0.0151803966379065
"SRR8689412",0.0869696656121455,0.0471542693382214,-0.0610751853398586,-0.0848049302938661,-0.10170165081906,-0.0181398680578154,-0.0380776368356702,0.0108951289657765,-0.0194664835225881,-0.0073031722271303,-0.0543663024402579,0.0152843970946693,-0.0510487478588408,-0.0378442774305352,-0.0388105800012437,-0.0173493928766624,-0.0173136903917099,-0.0231123637739127,-0.0379957699044216,-0.0217906369401151
"SRR8689414",0.0846834608068686,0.0456629474079191,-0.0606450066002813,-0.0898670621780677,-0.0935799110625042,-0.0179856336484122,-0.0372457046139565,0.011001128362331,-0.0219489250983687,-0.0173801589728884,-0.0543069166026362,0.0125627802749797,-0.0510747200005144,-0.0517959851280728,-0.0436171939088935,-0.0162764555409172,-0.0145860247962138,-0.0200655208320591,-0.0376039889967518,-0.0267017911182569
"SRR8689388",0.00611465946768532,-0.11248476289735,-0.0419440751238852,-0.074128644011083,-0.129807850916267,0.105397163870703,0.0496602729915924,-0.0038375953622945,-0.0246100816087171,-0.0173801589728884,-0.0930375442458821,-0.0763241691785172,-0.152444283156706,-0.0270776493942039,-0.0475704684327046,-0.0237245942577175,-0.0152011493098812,-0.013485329320612,-0.013324720523058,0.0342586362610837
"SRR8689401",0.0747719477752006,0.0399278847263732,-0.052768815236044,-0.104961856823292,-0.117397076111729,-0.0148061820026351,-0.0277881471046981,0.0146092494703101,-0.0190595342757323,-0.0120218916847243,-0.0223509209684612,0.0327434784824693,-0.0280463712497888,-0.0793383342669322,-0.0525087459932818,-0.00955964989299366,-0.0125398460331755,-0.0172888602941348,-0.0405841879688125,-0.0242430323365234
"SRR8689406",0.0678909226210178,-0.00112379881544652,-0.0550894533462252,-0.13278924135728,-0.163041013456897,0.00705933377355535,-0.0072218484177465,0.0230996200372318,-0.019258628631304,-0.0141259937031359,-0.0502952817316595,0.0153820790764186,-0.0617418478388428,-0.072468290460278,-0.0559531286060635,-0.0159767255458955,-0.0132861644971227,-0.0180517000855239,0.00507145671766756,0.0144413290633218
"SRR8689413",0.0856639040828286,0.045602315309509,-0.0604965029290684,-0.0893668867409736,-0.0930599099231598,-0.0170034900007618,-0.0367851016600626,0.0113596212618867,-0.0203112138224024,-0.0173801589728884,-0.0477621091092689,0.0128391965190664,-0.0504089924127145,-0.0675764965647815,-0.0408949658799895,-0.017012569092056,-0.0150016764175473,-0.0193816574139013,-0.0369242222923945,-0.0224092079665859
"SRR8800677",0.135775336627995,0.12134099767088,-0.0732244844320611,0.0865416433819143,0.0133026756951669,-0.0780459504682067,-0.162409964033342,-0.0786423363430761,-0.0316015626363836,-0.0173801589728884,-0.0633757674508923,-0.132570287528411,-0.0651175203238368,0.045577557896246,0.128872380885769,-0.0151911981339332,-0.0196358917068613,-0.0332962335254425,-0.0703924046237702,-0.0637079582671984
"SRR8800678",0.139919153654064,0.117360741049851,-0.0741888024368734,0.0857170687033208,0.0181446418594297,-0.0763749993068031,-0.163148775292023,-0.0779735091601294,-0.0292125018231308,-0.0173801589728884,-0.0674422153544326,-0.134528340266801,-0.0708120401807092,0.0430925522806526,0.135662569387866,-0.0104056399797334,-0.018803479688955,-0.0354193294304902,-0.072500573720138,-0.066924197026257
"SRR8800679",0.135166099045546,0.121030791394428,-0.0676231044414219,0.0846353078566863,0.0163237692058318,-0.0743527276197743,-0.156265370431154,-0.0785446839343446,-0.0262662165499629,-0.0152572635500782,-0.0503940187564103,-0.133224540024033,-0.0591434702101535,0.0457660662902262,0.127331215246622,-0.00792594668968166,-0.0171150753688052,-0.0306470819832151,-0.0670879030457757,-0.0604590441342242
"SRR8800680",0.135287392357878,0.117778274358114,-0.0677337193769136,0.0860512289433857,0.0174571379014012,-0.074675385342854,-0.157204264851828,-0.077864668714575,-0.0265183180656118,-0.0125510902944264,-0.0647448117005555,-0.131105557312527,-0.0609080986573075,0.0445580519787347,0.126922382246055,-0.00571188463278217,-0.0181110392261322,-0.030328450129025,-0.0675851709860976,-0.0605716306872972
"SRR8800681",0.135149860247444,0.117745088215007,-0.068195335860709,0.0857735066800844,0.0150809879409958,-0.0729821788514694,-0.156984694796899,-0.0778355318481168,-0.0290526788600944,-0.0173801589728884,-0.0599148936827913,-0.136074999776846,-0.060317555274254,0.046075039047623,0.123335862585099,-0.00721434785773705,-0.016239202708414,-0.0303895447671261,-0.0684011457091704,-0.0623384426259844
"SRR8800682",0.12718328848916,0.113653753562175,-0.0690097547124679,0.083456464854141,0.0108089247243245,-0.0657313208020593,-0.145322912949623,-0.0707733667609687,-0.0355101628748103,-0.0173801589728884,-0.06294289865569,-0.12785774508728,-0.0718640145564388,0.0469199370896155,0.121657422186086,-0.0164712061148659,-0.0189609323142995,-0.033404978293405,-0.0613647580918023,-0.0481573748100383
"SRR8800683",0.130333976647396,0.102682943214435,-0.0697730037101233,0.0828278453386945,0.00692801864843117,-0.0658203424295599,-0.147252389543984,-0.0737117349476343,-0.0342504301227725,-0.0173801589728884,-0.074260709235737,-0.122497714837523,-0.0739535092313502,0.0334791470401015,0.117036642382305,-0.0140288069102835,-0.0192335869531869,-0.034477438421845,-0.0642199702331569,-0.046652180824056
"SRR8800684",0.124866353052982,0.101386714651471,-0.0651952079055731,0.081046554512333,0.00996459335229254,-0.0631397010002466,-0.142206042416587,-0.0680922613989753,-0.0308097655530661,-0.0173801589728884,-0.0660821500231577,-0.119646407227687,-0.0663603494834044,0.0443241053277851,0.111472690052396,-0.00652230073573528,-0.0175254944287551,-0.0291670741381833,-0.0568994486673251,-0.0466341777678049
"SRR8800685",0.124536801780789,0.102682580738044,-0.0666718332285972,0.0822313277996368,0.00620863826424744,-0.0630401026350202,-0.14232317558033,-0.0706826626963014,-0.0280464546484798,-0.0173801589728884,-0.0672484543809231,-0.123997785944492,-0.0668122882842284,0.0459033561463901,0.113420016634658,-0.00813736721746584,-0.01882629604355,-0.0301000325964692,-0.0569560611456016,-0.0429219126168215
"SRR8800686",0.124245000404852,0.100827082269695,-0.0658905072823803,0.0841898317481084,0.00983661689156899,-0.0624505480395984,-0.142221833153285,-0.0707240227398129,-0.0290204966717178,-0.0173801589728884,-0.0748552539106713,-0.115595684716743,-0.0675429951059249,0.0440344259594901,0.112569241671805,-0.0059832745587615,-0.0172305201698346,-0.0294183577716346,-0.0580392256585147,-0.0455262412325697
"SRR8800687",0.123208667642171,0.0944684355619438,-0.0695472907447215,0.0754772384334186,-0.0161723175338259,-0.0502116378893635,-0.135660843127376,-0.0707402470475694,-0.0331250016971848,-0.0173801589728884,-0.071226734762785,-0.132047550161846,-0.091348379105383,0.0405130304173976,0.120195906376046,-0.0100205234257853,-0.0193993638905639,-0.0344728489887836,-0.0533239414387331,-0.0443113513176526
"SRR8800688",0.123431059799192,0.0940637735561333,-0.0717028376457792,0.0764837385191881,-0.0186007418066615,-0.0530730890202267,-0.136993631928832,-0.0703156755588611,-0.0352041846391897,-0.0173801589728884,-0.0921552914450568,-0.138601294194141,-0.0946412661198393,0.0505380433370034,0.121066470046588,-0.0102782558749138,-0.0190476045619964,-0.0352111763327425,-0.0523303475082328,-0.0406064640207742
"SRR8800689",0.121555733834899,0.0886193122225397,-0.0656122065392846,0.0753502076859852,-0.0117127904394009,-0.04866842817742,-0.131075395468152,-0.0653184807587293,-0.0287375245046386,-0.0173801589728884,-0.0699722154304456,-0.126054398119106,-0.081438805737789,0.0482044275246505,0.109775428818279,-0.00570607009239006,-0.0183696374169002,-0.0298531401595653,-0.0482629503807785,-0.0360955230255021
"SRR8800690",0.120103316296649,0.0855367116291318,-0.0651130395196289,0.0759817863475145,-0.0153558741201255,-0.0475481497479807,-0.131784320305904,-0.0654450015469885,-0.0289071863325174,0.00105075349780085,-0.0707789645893012,-0.12398176981977,-0.080541573065728,0.0482184480295283,0.109744079802207,-0.00684443006833212,-0.0169168475533907,-0.0291101433655706,-0.0486932124128649,-0.0350544604238802
"SRR8800691",0.121482155261441,0.0860098151107108,-0.0658838640348358,0.0774184228364532,-0.0168551076241171,-0.0490806252271189,-0.131627395640178,-0.0639462695192566,-0.0300700422161185,-0.0173801589728884,-0.0700071807444816,-0.127001068255398,-0.0812450421218491,0.0467652728888333,0.11428727103516,-0.00346392466893588,-0.015835723892613,-0.0292353736607871,-0.0490050750324716,-0.0379640372000282
"SRR8800692",0.116610698308378,0.0910543653259783,-0.0606979320541746,0.0800871721273074,0.0198401553686309,-0.0441236679982052,-0.127987062915137,-0.0662965964857128,-0.0228866535691295,-0.0150921998954864,-0.0495233877457368,-0.11693945335698,-0.0647526731566848,0.0273015556169195,0.101230418999412,0.00384978682282603,-0.0148357496140414,-0.0248412952429588,-0.045245234139504,-0.033722252619118
"SRR8800693",0.0990468038054753,0.0698932992866612,-0.0566775102494951,0.0779914525053562,0.0337619973246998,-0.0202679733995237,-0.105171436817287,-0.0621724512402504,-0.0254724491311956,-0.0159764558534128,-0.0573927079323272,-0.119633502274922,-0.0727688593621219,0.0251460911668819,0.100829031107053,0.00426943554737979,-0.0170460323491904,-0.0238605822624663,-0.0267638836916855,-0.017546728965814
"SRR8800694",0.0984975956340577,0.0666974649483774,-0.0572819800712436,0.0788874820764402,0.0339215624212098,-0.0205737965086523,-0.104703009846396,-0.0609570467320887,-0.0254302397694578,-0.00804040144332202,-0.0563602584789967,-0.121695781732041,-0.0740558684331455,0.0244640964119053,0.102174087109985,0.00460823010061058,-0.0171951781318222,-0.0247723049534788,-0.0282018519988463,-0.0167664983555747
"SRR8800695",0.126274958216568,0.0933985617362422,-0.0639819941790131,0.0852245793653313,0.0115501493283877,-0.0566758065307088,-0.140412553375122,-0.0732587608454276,-0.0243405045064842,-0.0173801589728884,-0.0623175730688573,-0.127266833605928,-0.0698295417417154,0.0266069021097942,0.11102914978799,0.00293062705185846,-0.0171704677513463,-0.0252261150426866,-0.0571036318904411,-0.0437772432612843
"SRR8800696",0.127114925838983,0.0932342444828873,-0.0651160753854153,0.0852915720198207,0.0119810243370897,-0.0560310128112806,-0.141404738039373,-0.0728395229778825,-0.0280790614187116,-0.0173801589728884,-0.0693823082799265,-0.130103587888251,-0.0704065989688892,0.0269856326623777,0.111488150403455,0.00239091639002325,-0.0161984285534526,-0.0274619005617399,-0.0580188625493889,-0.0451051660705878
"SRR8800697",0.126769987663288,0.110907231655206,-0.0694304189412226,0.0892481462926352,0.00808644381542796,-0.0636777612649018,-0.14702991989968,-0.0711272129231241,-0.0339577453491999,-0.0173801589728884,-0.0677085452393089,-0.119275325171919,-0.0675713921046757,0.0441859664196761,0.120901379439939,-0.0160407430980352,-0.0196128605123066,-0.0354925586726839,-0.0753782866735525,-0.0520248393198706
"SRR8800698",0.126883116279422,0.111805235229216,-0.0698814706542517,0.0899248382526286,0.00356837599409626,-0.0606645081507541,-0.148276963835706,-0.0723125491473388,-0.033783966963543,-0.0109053528240695,-0.0824210402886158,-0.116141948769372,-0.0685130697359554,0.0413697669450514,0.112025067269745,-0.0120354512264777,-0.0189764187556863,-0.0371715381390443,-0.0749525149441412,-0.0494568211735467
"SRR8800699",0.122512837853387,0.106232013963706,-0.0646220599681447,0.0858127029034719,0.00628392952110707,-0.0598620799840667,-0.140677783839835,-0.0693834138912747,-0.0283844924879769,-0.00818996478137104,-0.0555150638212737,-0.111567720224511,-0.0585479615087893,0.0436931811013287,0.112368519801813,-0.00656520131303308,-0.0181331651564855,-0.0315076604251813,-0.0689958389316554,-0.0465363880243058
"SRR8800700",0.123980004038823,0.101596330199707,-0.0645516798877291,0.0880153493750621,0.00503221370677376,-0.0571608382785082,-0.141526293054023,-0.0704421559769257,-0.0288691613555717,-0.0153449832391717,-0.0571184682869308,-0.113273315958895,-0.0600035562250945,0.0429788149029728,0.111625794493892,-0.00740659521053898,-0.0174798528394401,-0.0303023593223432,-0.0697810775657027,-0.0456648511992427
"SRR8800701",0.123370951282015,0.106501418195033,-0.0643170534049286,0.0872653199490411,0.00338098514208386,-0.0571810687298737,-0.142109432368057,-0.0680971478702127,-0.0297230850980093,-0.0127044914127072,-0.0560653922376203,-0.110191323464409,-0.059266188651765,0.0480652298919207,0.114717160836364,-0.00794400145038926,-0.0179969101642658,-0.0312816938925561,-0.0713275600321871,-0.0465876444715679
"SRR8800702",0.121056890344219,0.10131551257291,-0.0661396002088362,0.0885567020099853,0.00291116719218463,-0.0569086383793201,-0.137142500411203,-0.0676035454026524,-0.0357715041420313,-0.00725972983006232,-0.0866363326263115,-0.105456639855854,-0.0641844620807977,0.0255503981405651,0.108718870739872,-0.00867293076720349,-0.018880821268315,-0.0355962768228796,-0.0741930034465784,-0.0477943551493569
"SRR8800703",0.119708753419648,0.104111377862056,-0.0684149935592427,0.0874199227767601,0.00350626490081319,-0.0559673819129855,-0.139540795053329,-0.0665645535497063,-0.0367571273583598,-0.0173801589728884,-0.0768421710569861,-0.115450393673441,-0.0684525020949647,0.0417136518337165,0.114974608334935,-0.014662680644681,-0.0198605492638427,-0.036149844566563,-0.0769044946550427,-0.052652156990535
"SRR8800704",0.114920506185193,0.0964290764114491,-0.0625627708608869,0.0863168989304274,0.00589716960836474,-0.0549896169248306,-0.133865464785412,-0.065295099038921,-0.0302718999499791,-0.0146239590373024,-0.0622423014933711,-0.0982863305769608,-0.0584709727330607,0.0370406273140608,0.110618862541082,-0.00563364684993448,-0.0187620187995781,-0.0300819935256078,-0.0682518700744265,-0.0524267046482451
"SRR8800705",0.116958957694264,0.0971378721154026,-0.0617811540163392,0.0852231612949455,0.00574649959054011,-0.0531564345896862,-0.13311074098512,-0.0625020653247306,-0.029677624308394,-0.0135870302792892,-0.0643326359639467,-0.10282185108813,-0.0542883516232107,0.0361060299481255,0.111062113280861,-0.00614496334822789,-0.0178496733826081,-0.0303550605158949,-0.0680389452712922,-0.0462924266002517
"SRR8800706",0.117099624392702,0.0984914930313718,-0.0651225302094646,0.0859797724614442,6.34091284656315e-05,-0.0551045030366416,-0.135660346043209,-0.0664452067125425,-0.0307113909285549,-0.0173801589728884,-0.0691203796241035,-0.0978766847455947,-0.0615775563578827,0.0372749262992605,0.111701129804648,-0.00775146499787959,-0.0180934777774109,-0.0334022352774141,-0.069979551791548,-0.0472448081036927
"ERR9604272",-0.0690449741448081,-0.0286514359187532,0.124364147311408,0.11275756973973,0.0336707184333529,-0.109857025949436,-0.030088332785178,-0.0685669070332056,-0.0167356132483744,-0.00103793843233552,-0.0419128445901376,0.00885313716187065,0.0798151113718052,0.0496344120609146,0.0506827404949569,-0.0262260907944939,-0.00879709339148423,-0.0190235931278924,-0.0593339774487523,-0.131817479584616
"ERR9604276",-0.0670427183611236,-0.0193438588869144,0.125010846991605,0.124807412136135,0.13349095857238,-0.117442938026532,-0.026749391224975,-0.064495511762226,-0.00771683975182407,-0.00418514449650683,-0.0390539132853485,0.0220180534760933,0.0838412838609612,-0.0907630925602906,0.013452395997786,-0.0255914302309259,-0.00500702497054218,-0.014788616188542,-0.0642689078865213,-0.152893152398835
"ERR9604277",-0.0673066423684302,-0.0176027781178736,0.123054713373035,0.121972091266825,0.100039877740601,-0.115260311542127,-0.0267013365045543,-0.0619273526685342,-0.00576853959553701,-0.00389674628392079,-0.0368201584548866,0.0216769491785871,0.0817728411614024,-0.0395205306897825,0.0296376632288644,-0.0241812883173674,-0.005632216239374,-0.0146437319032697,-0.0642064380271116,-0.147398089487789
"ERR9604278",-0.0703319033029255,-0.0189413965716861,0.124538152227646,0.122914867622765,0.0833849845516619,-0.114804275535757,-0.0260022239249458,-0.0629833361984607,-0.00037443292711184,-0.00445002614344101,-0.0406778638784303,0.020613830023779,0.0822810088601811,0.00279609074001967,0.0400773109121138,-0.0247940930243037,-0.00490783368338179,-0.0159707590534092,-0.0624307173769993,-0.146159975926933
"ERR9604282",-0.0675481574357227,-0.01622898884056,0.117588681566143,0.120101257574757,0.100841283233785,-0.104302571638215,-0.0178874268874582,-0.0571744688027172,0.000388123900934994,-0.0125756005102557,-0.0321098226842982,0.021711091444859,0.0960704328660692,-0.0192451177155313,0.025325712157918,-0.0210940287418796,-0.00447179980996871,-0.00976503691519896,-0.0521734533849218,-0.120212356693791
"ERR9604283",-0.0657838228192889,-0.0357454327216336,0.118830625458624,0.100934288421597,0.0508397824326273,-0.102871508380906,-0.0270517859047358,-0.0643074978351718,-0.0169689078907244,-0.00415636762004254,-0.0436374891453294,0.00599467952207063,0.0714516753026871,0.0224434641889801,0.0423177625042374,-0.0218123597657647,-0.00584392706394237,-0.0162101608450594,-0.0570998124394084,-0.128576808079575
"ERR9604284",-0.0687248238451836,-0.0168579857232393,0.118469630944836,0.123158946622736,0.0976441438583151,-0.102940052052085,-0.0168715206604287,-0.0566047206158435,-0.00519019860573858,0.00159525884311144,-0.0291892817718229,0.0187324698192673,0.0955288614601236,-0.000592269103423634,0.0295191262883512,-0.0226713175027932,-0.00166185987260957,-0.0110453294309719,-0.051563062058811,-0.121461119908267
"ERR9604285",-0.0698485075698893,-0.0172506000284864,0.119105342011535,0.124274096642655,0.090898047244245,-0.102786702609009,-0.017025074358694,-0.057408325242594,-0.00205562740726523,0.000598106652913458,-0.027858822545157,0.015635937549932,0.0945579934539753,0.00994170053404022,0.0325904301082207,-0.0213099602986375,-0.00317061351704468,-0.0103377126078801,-0.0508497720783557,-0.120693703296508
"ERR9604289",-0.0658017663963174,-0.0215011002337247,0.108244289285936,0.108790888066347,0.0586921964028157,-0.0864104803619554,-0.0109366877179218,-0.0509174752464796,-0.00708915541679003,-0.00649776512131344,-0.0108471263355088,-0.00188112548525812,0.0786645070251965,0.0259323359017396,0.041632318003663,-0.0193352981901973,-0.00306437574675676,-0.0117006122261532,-0.0349786151649081,-0.109523789822223
"ERR9604290",-0.0596343555202913,-0.0104547281236449,0.0956054719543539,0.102856159666524,0.0544373979935117,-0.0768939361349041,-0.00901136646291646,-0.0405420122723615,0.00307618958913944,-0.00701317890709523,0.0180955841714537,-0.00133103835713422,0.0751738924074807,0.0314444758426341,0.0492041048223131,-0.00983954569762679,-0.00474618353107814,-0.00912359062361818,-0.0317398181377929,-0.0974884303502316
"ERR9604291",-0.0612673935910763,-0.0181797004492484,0.100700502020783,0.105715302943906,0.0275283743433562,-0.0825392829667695,-0.0102680111066237,-0.0443846462324077,-0.00205391349708117,-0.0145646704848249,0.00181913312012823,0.00147326848226654,0.0780876333566818,0.0578130798403404,0.0512704247508618,-0.021150325422858,-0.00617021930626432,-0.0107880587415594,-0.0354878013587327,-0.103331255019842
"ERR9604294",-0.0689219540977239,-0.0267364965440486,0.125372883725554,0.117596589702402,0.0401073579490791,-0.112735166698983,-0.0313606538380957,-0.067764238408535,-0.0116211213507256,0.000320567486644248,-0.0385265750132123,0.0111930904077983,0.084601228777164,0.0529118813711904,0.0520726439561154,-0.0278371359959895,-0.00570254138351703,-0.0165083490131644,-0.0590081176670613,-0.134470052182792
"ERR9604296",-0.0816423960404571,-0.0371614837596619,0.119906639825832,0.0968147554873696,0.0346942342437537,-0.0805315299335758,0.00368792037531093,-0.0529008339614218,-0.0108410328975317,-0.00903048394340353,-0.0480787018101377,-0.00132930284675577,0.0586395009793586,0.0303538369202912,0.042468942995177,-0.0221912989251872,-0.00529736773189152,-0.0151468557553297,-0.0261321822450583,-0.100268806276746
"ERR9604297",-0.0865672174605562,-0.0428815112718286,0.118924341016948,0.08958476364621,0.0620325674044679,-0.0713025026505605,0.0133185380254004,-0.0506200155865053,-0.00803056875522256,-0.0145832047403069,-0.0488797509142271,-0.00569349090986648,0.0512355847053561,-0.00606156375130707,0.0312324405863877,-0.0156134719353595,-0.00233254521231318,-0.0149630025003158,-0.0160946755412286,-0.0947986129915332
"ERR9604298",-0.0851087741701194,-0.0429484280088854,0.119765567739154,0.0958703353467663,0.0306178927879463,-0.0741828452548901,0.00838683326669491,-0.0532400396191463,-0.00808435844257657,-0.00938219230589393,-0.0443067847048702,-0.00736678435621446,0.0527974034020118,0.0304764388667787,0.0407845875549157,-0.0191722206827567,-0.00280984256747682,-0.016342282312321,-0.018522627904622,-0.0926400349847556
"ERR9604338",-0.0677051530249723,-0.0301854677336848,0.121303118887523,0.101734334104272,0.048772141704357,-0.104665701980058,-0.0237916302487079,-0.0621378157668538,-0.0193238404679151,-0.00498134229265188,-0.042333599574526,0.00919216255939601,0.0715180951949044,0.00996412033242807,0.0341254169543432,-0.0267344447749001,-0.00586875436879847,-0.0172458032315236,-0.0620115650948945,-0.137597957077921
"ERR9604342",-0.0617690623785917,-0.0170914954615805,0.113515902251831,0.106428051522148,0.0803879055215158,-0.107769504683912,-0.025703082877265,-0.053106003846085,8.37401106061347e-06,-0.00888553483464967,-0.0152558259380342,0.0185488281216484,0.0767459317362018,-0.0150965868338732,0.0430098663708524,-0.0210243697586125,-0.00700619613422801,-0.0161490676670896,-0.0607095557334423,-0.139098117807137
"ERR9604343",-0.0555399007789404,-0.0166436210504153,0.106716189737078,0.105598400658453,0.045494941279542,-0.103446611451369,-0.02719939663063,-0.0487080829916138,-0.00491827768382047,-0.00761738601026334,-0.00652224916945401,0.0111788148887687,0.0746012139468748,0.0182853265647552,0.0452232071737763,-0.023662637390442,-0.00566483078112949,-0.0153700733151084,-0.0604310132446731,-0.133258813443373
"SRR10030449",-0.0182119296938538,0.0245878962291322,-0.0299339236972702,-0.0504656102498565,-0.0150463038612761,0.0397805970840995,0.046041571225163,0.0923380296422805,-0.0199185559801136,-0.0173801589728884,0.0680270980366922,0.0682371889190019,0.0467799565747074,0.0263585738691709,-0.0438614828293149,-0.0307747207835879,-0.016093666490393,-0.0279013527620749,-0.0287230920372602,0.0168332142200029
"SRR10030450",-0.0172536220724616,0.0191496223307251,-0.0307989067989031,-0.0497401683587003,-0.0149160570606939,0.0401582842568498,0.0471478449812213,0.0910489158724243,-0.0233222492331849,-0.0173801589728884,0.074153556202622,0.0764231111771955,0.0449476740922919,0.0251160116754075,-0.0461227526380286,-0.0281107679303613,-0.0158230905827704,-0.0260599117722834,-0.0271435131113698,0.0187019843739036
"SRR10030451",-0.017561276417398,0.0177100071942431,-0.0310194763763933,-0.0504822437853117,-0.0158370154253128,0.0407532499887207,0.0455418883218314,0.0919213701025087,-0.0247576534179002,-0.0173801589728884,0.0602958912301114,0.0767409245120917,0.0451957810735938,0.0270613966215288,-0.0530698999784225,-0.0304827668137184,-0.0160045954948719,-0.0261610666289417,-0.0283201906695671,0.0255541293320593
"SRR10030452",-0.0174413533528059,0.0249092620499555,-0.0308164342299812,-0.0513319170763337,-0.0159152144804399,0.0387613043558468,0.0455615560585134,0.0940683808166637,-0.0238160047753282,-0.0173801589728884,0.0575050825101116,0.0692675631163706,0.0454261836722523,0.024309737937831,-0.0456642870584132,-0.0322450144612531,-0.0165597190845471,-0.024466013063301,-0.0277895748675541,0.020231559358116
"SRR10030453",-0.0165455891118216,0.0215604444780315,-0.030659460338496,-0.0512555479379658,-0.015112893974574,0.0395333133813124,0.0454178848400141,0.0908125728625658,-0.0214546391996717,-0.0173801589728884,0.0601340618729205,0.072067523236863,0.0454412840279168,0.0261672028957895,-0.0483387504709977,-0.0288881653601425,-0.0162885448115361,-0.0270104635946603,-0.0284220686012717,0.021598284262339
"SRR10030454",-0.0176755219884087,0.018802788409953,-0.0301934224721026,-0.0508652349291864,-0.0156870304275134,0.041068604365127,0.0455799557441559,0.0950566783089025,-0.023006864523547,-0.0173801589728884,0.0655614905568967,0.0724375531656175,0.0471645016838523,0.0272802066923517,-0.0461516113827499,-0.0305736644934571,-0.0142071336231295,-0.0260906375465599,-0.0275946546063147,0.0187011920891705
"SRR10030455",-0.0179616692165161,0.0254290818566242,-0.0305491776995748,-0.0499083363345624,-0.0150041412700096,0.0409663016497799,0.044620634405554,0.0923994651039975,-0.0242687747088018,-0.0173801589728884,0.070170484945894,0.0744436885565226,0.0450732614068067,0.0285866812637185,-0.0490336477284092,-0.031210060540883,-0.0141838377033155,-0.0260114189502733,-0.0278559139561763,0.0182308919894703
"SRR10030456",-0.0162538954932003,0.0189493471121005,-0.0300200225021881,-0.0523596128704835,-0.0164636465181744,0.040022186558339,0.0460735347647649,0.091326730005731,-0.0221546581319391,-0.0173801589728884,0.067324472218828,0.0730995109900967,0.0468013487597661,0.0256757652748751,-0.0464383170675298,-0.0295290583056243,-0.0165393732084945,-0.0254053925642111,-0.0283142148472396,0.0189915771752794
"SRR10030457",-0.0175946268439924,0.0231516755987619,-0.0301144750653774,-0.0510778854498537,-0.0132036500304158,0.0391176660584929,0.0461721648993053,0.0889434108235964,-0.0225205808796386,-0.0173801589728884,0.066015414994155,0.0706004379621188,0.0452493096097976,0.0245794929769215,-0.0450318829968749,-0.0277852934336367,-0.0160690652887256,-0.0277328130206076,-0.0276069960114128,0.0129258334658871
"SRR10030458",-0.0165204562496774,0.0231151436512136,-0.0302264039363962,-0.0499213903043964,-0.0143984588257495,0.039406729102382,0.045882751784674,0.0954838836822361,-0.0178384666437683,-0.0173801589728884,0.0722989872946495,0.076677727362658,0.0444972086537118,0.0280197683642917,-0.0534771142315988,-0.0311791891371205,-0.0161252865637034,-0.0265678134250224,-0.028607053693197,0.0172732607030108
"SRR10030459",-0.0180240203399959,0.0164393411553267,-0.030524382480156,-0.0490078476794907,-0.0143849019817161,0.0392493042343494,0.0461135667088544,0.0911136720927057,-0.0236103977766645,-0.0173801589728884,0.0618648386243426,0.076801684388156,0.0466879715034855,0.0267835878459256,-0.0465791471933929,-0.0284346511780026,-0.0153827014267581,-0.0273213983934627,-0.0278188636185097,0.0205702722644106
"SRR10030460",-0.0175367362050959,0.0192075453138069,-0.0302653019661225,-0.0524033438028082,-0.0148567669794793,0.0397865935194512,0.0465864261513665,0.0935669112072311,-0.0237522647054476,-0.0173801589728884,0.0612914029281169,0.0734420024001241,0.0457004403038505,0.0245335187383628,-0.0491362509728407,-0.0314035272604937,-0.0168668485934396,-0.0266457863089513,-0.0285890901909976,0.0185001785819255
"SRR10030461",-0.0183458217405543,0.0251584580769147,-0.0299592700086924,-0.0503494295610443,-0.0145992187095183,0.0402877639906704,0.0455734211148486,0.0934809696633052,-0.0247590782712281,-0.0173801589728884,0.0669302380884163,0.0707711751943206,0.0456626875170321,0.0249242079886272,-0.046575903316646,-0.0306962333765643,-0.0161135256689412,-0.0247967991323469,-0.0280081111261785,0.0225514529711128
"SRR10030462",-0.0169192627269807,0.022935858129622,-0.0301630035994309,-0.0492249310889057,-0.0124198736940494,0.0411310762586932,0.0458492978423983,0.0910888158605024,-0.0252157031047298,-0.0127350772834973,0.0629093836318495,0.075547298632404,0.0452846774221236,0.0314051128872173,-0.0528670310268408,-0.0308292224458618,-0.0161435783769373,-0.0260593592057272,-0.0289292862633091,0.0164543127550075
"SRR10030463",-0.0171122214907439,0.0201409663974464,-0.0308387211945475,-0.0506092497646385,-0.0151441339632965,0.0399049350098969,0.0467017262996944,0.0952633687342879,-0.0259501635377711,-0.0121840110504671,0.0674595927930006,0.0701541642058843,0.0451352517336347,0.0276066895048939,-0.0449528639303818,-0.02697048530792,-0.0149211890222706,-0.0272611301381185,-0.0278409437682197,0.0193636827398672
"SRR10030464",-0.0180313084095293,0.019495014041552,-0.0305675377398971,-0.0498111563136372,-0.0140346199443283,0.0405301727988939,0.0470073547176324,0.0936819466952951,-0.027398580471655,-0.00590652995054116,0.0732332846803393,0.0728545411388601,0.0464085938307083,0.0257011919036595,-0.0491898312900008,-0.0307752316298033,-0.0158550322239115,-0.0273711932741457,-0.0276999936809822,0.0218078300437138
"SRR10030465",-0.0179685326212801,0.0256809092761721,-0.0304770063424046,-0.0507093309677532,-0.0130176847896854,0.0407674466450467,0.0463204813518823,0.0913690461969536,-0.0272115945638547,-0.0173801589728884,0.0612017167591784,0.0714035036649849,0.0453559597862617,0.0304339813224406,-0.0421324222382625,-0.029976465524661,-0.0179661340182146,-0.0276443600761818,-0.0282480593524929,0.0181951911028567
"SRR10030466",-0.0163757211756241,0.0213911128541018,-0.0305406600559463,-0.0485586614673598,-0.0143370393644609,0.0390639449248012,0.0468480490305581,0.0916396301556592,-0.0234969729870928,-0.0173801589728884,0.0688075397012358,0.0724329353357541,0.0454365955616065,0.0266102715790506,-0.0447126122621404,-0.0285858591711637,-0.0159433928604673,-0.0273139854055819,-0.0286592743108682,0.0220191552755685
"SRR10030467",-0.0180723740301369,0.0262113290924295,-0.0304193223858321,-0.0516757069112471,-0.0128492322877478,0.0410359581604643,0.0450798181647689,0.0930959162942818,-0.0240349680213152,-0.0173801589728884,0.0765011867316188,0.0707547459875831,0.0461794199810559,0.0271992643094381,-0.0503937241727633,-0.0268674154513935,-0.016271132473377,-0.0265440891013304,-0.02832543540203,0.0169753259500531
"SRR10030468",-0.0174573971972797,0.026701533582408,-0.0307885469681317,-0.0496632511866716,-0.0139679189497108,0.0406297989352517,0.0453668668569414,0.0952075309425584,-0.0239495923730284,-0.0126962533486361,0.0638959913424272,0.0675697076745688,0.0462998477884649,0.0256825061499284,-0.052105969240248,-0.0269981311180216,-0.0154666871842896,-0.0276312311845751,-0.0277063701873359,0.0145676970604794
"SRR10030469",-0.0177566454562158,0.0192498274230158,-0.0306820266363695,-0.0485921764793549,-0.015186596294316,0.0396383316416203,0.0455294519632893,0.0955430410607262,-0.0250004878761794,-0.0173801589728884,0.0689614880235453,0.072238507541725,0.0455011787637526,0.0240218244451463,-0.0430740467605673,-0.0309141137128663,-0.0139405370530306,-0.025828488609287,-0.0296655954806188,0.0168732164654933
"SRR10030470",-0.0175886828414218,0.0137888131676293,-0.0302914606090303,-0.0497571474070008,-0.016922838059926,0.039271484910845,0.0457579397104791,0.0934315573521336,-0.0248138799085376,-0.0173801589728884,0.0616169720806555,0.0724826932548833,0.0456813805074978,0.0250751463881185,-0.0452322847283478,-0.0283353902808402,-0.0145889327173522,-0.026417381314557,-0.0270274724834176,0.0173628244037546
"SRR10030471",-0.017255012828979,0.027006487507219,-0.0301451064578875,-0.0514021903018543,-0.0166802647006346,0.0403735438064534,0.0463039422144262,0.0907822904006496,-0.0244124466750057,-0.0173801589728884,0.0726874737119533,0.0739828799407767,0.0450543440715478,0.0292214875870708,-0.0425699017076858,-0.0303858193235413,-0.0147613160556846,-0.0267004372289522,-0.0291804066224528,0.0192820333052659
"SRR10030472",-0.0172866186024044,0.0205963177297274,-0.0305753156321419,-0.0492453215372355,-0.0142663842364534,0.0397775338402194,0.0448810665077792,0.0902951740591343,-0.0267976472439015,-0.0173801589728884,0.0740348983604931,0.0746561228356928,0.045279835256158,0.0272656599200356,-0.0497347305557941,-0.0304707639133998,-0.0130098653971784,-0.0262965534743612,-0.0275599022547077,0.0167616604586151
"SRR10030473",-0.0171300363196043,0.0245803045081547,-0.0305961593708816,-0.049116122801079,-0.0127886419876989,0.0407177813285721,0.0453941850189757,0.0928167816041444,-0.0222824684192099,-0.0124336950860508,0.0599257397346322,0.0710642689860891,0.0457452975188169,0.0269684195593409,-0.0427464708959067,-0.0299544608467221,-0.0157402272811672,-0.02670894515866,-0.0274106739391319,0.0191510927237917
"SRR10030474",-0.0167589580459121,0.0220708951824335,-0.0301333378410641,-0.0489112935027389,-0.0138655709341276,0.0422468788420835,0.0459932541494158,0.0916656972534524,-0.0251038841886436,-0.0138351920349689,0.0621537772372058,0.0763337814395238,0.0464869471698518,0.0283680706067162,-0.0453557865446419,-0.0320662794440999,-0.0139195245303378,-0.0240795757387394,-0.0292820651156735,0.022583087465428
"SRR10030475",-0.0188287488097954,0.0205819297681157,-0.0313238921909435,-0.0486643765268514,-0.0173277953619994,0.0403071200191557,0.044824405500163,0.09069161871911,-0.0244258491507103,-0.0173801589728884,0.0689665737911804,0.0719898304107525,0.0458126619412196,0.0256162984967835,-0.0471782497493448,-0.0276937413504934,-0.0151779781044061,-0.0256351781688983,-0.0296021715341764,0.0187753350747016
"SRR10030476",-0.0168737822527626,0.0262571618820643,-0.0345539283798069,-0.0525249441838655,-0.0144210569946685,0.0382605102967701,0.046169466699724,0.0954567547543481,-0.0296558028248961,-0.0173801589728884,0.0550318619316256,0.075948061550659,0.0456101041493886,0.0244545563735739,-0.0509403873140174,-0.0310026771080314,-0.0189359850901399,-0.0307086665470271,-0.0311290408421842,0.0114987116731005
"SRR10030477",-0.0158975313286675,0.0207461560928491,-0.0304433158042046,-0.0494534928404972,-0.0120425509323098,0.0397903403309168,0.0453821672925494,0.0917694289288121,-0.0226998739936601,-0.0173801589728884,0.0737291639821716,0.0741473018806015,0.0469682884760427,0.0243544519539446,-0.0500494616394643,-0.0305549649054263,-0.0158409733084973,-0.026868178397827,-0.0285702050332306,0.0196485989902531
"SRR10030478",-0.018285483035393,0.0220688352355971,-0.0310426847746645,-0.0494558220174581,-0.0136925533081528,0.0397234955622328,0.0458419324811055,0.0907147566298707,-0.0205434163850183,-0.0105399312031903,0.0511496485059198,0.0728051630449709,0.0478391134290011,0.0282130942135629,-0.0481801592126461,-0.031838281622629,-0.0147962948984027,-0.0247919030153538,-0.0283630601826756,0.0185632023623586
"SRR10030479",-0.0185766804176653,0.0168710294717382,-0.0304231345914873,-0.0484481169148493,-0.0146637620018292,0.0411280188384908,0.0467214349619689,0.0927144930624241,-0.0251230209831557,-0.0173801589728884,0.0636744020495787,0.0747152383106349,0.0476179642648527,0.0288292677928829,-0.0492833938923143,-0.0296748359693555,-0.0151804214382891,-0.0262672982941569,-0.0276215106670086,0.0161120789121672
"SRR10030480",-0.0177337621954111,0.0241326498213306,-0.0306065622925893,-0.0498162085623755,-0.0128892629468466,0.0401559988343998,0.0459147625656143,0.0921485121561232,-0.0256855375108195,-0.0173801589728884,0.0628833469544906,0.0720994413097893,0.0453932032095185,0.0309270375703477,-0.0434507900610019,-0.0308663414509818,-0.0137684499906496,-0.0261963545649496,-0.0281782796353701,0.0149130696169224
"SRR10030481",-0.017127938414287,0.0239976511730453,-0.0306875074596393,-0.0513540018312088,-0.0165028113867831,0.0402234166165025,0.0451735848565352,0.0954208831482129,-0.0258853457950069,-0.0173801589728884,0.0682589931968811,0.0722268937516656,0.0460142594490359,0.026084312478731,-0.0481998524994742,-0.0318430292266768,-0.0154781514269694,-0.0261957252344732,-0.0282126333535368,0.0144950934116099
"SRR10030482",-0.0184238186533014,0.0254658112053879,-0.0301777870425165,-0.0488604975790764,-0.0151191462292225,0.0407787977740788,0.0462725146010734,0.0950919681128356,-0.0237190069060031,-0.0143400652573319,0.0691829204122221,0.0705942820703062,0.0459158028610105,0.0266621153360746,-0.0427361415689639,-0.0303912074120483,-0.0163399186427483,-0.0254904946768043,-0.0297735627924553,0.0132769790155309
"SRR10030483",-0.050209733905915,-0.0277731997811935,-0.0270556259869479,-0.0704145259649949,-0.0376721397461691,0.0877576858959528,0.0841668499368274,0.0939941363274273,-0.0281248220226513,-0.0173801589728884,0.0428288440753948,0.0282753152084205,0.00111581970397389,0.0500217829918997,-0.048956124803961,-0.0347397896487436,-0.0141772144555383,-0.0271264162795857,-0.00687316897851921,0.0468471116879927
"SRR10030484",-0.0507539202653829,-0.0245952259989606,-0.0275180456617978,-0.0682265698817751,-0.0402498333936822,0.0869638306642281,0.0846319455976476,0.096270246059619,-0.0246255548113842,-0.0173801589728884,0.0318986935433293,0.0274763867518347,-0.000445560277530882,0.0448589339000682,-0.0469117954683031,-0.0302213706721873,-0.0139557766693253,-0.0296627582243701,-0.0074532123823016,0.0421885440045978
"SRR10030485",-0.0500506984004017,-0.0270476435059805,-0.0275964537040275,-0.0681671266451367,-0.0382023958537172,0.0880969639621751,0.0847377758409528,0.0965747554651644,-0.0272553333553893,-0.0138631216987842,0.0341049475392946,0.0271373835825886,0.00114634973998189,0.0467804024874312,-0.0453670545429791,-0.030773813248849,-0.0155288465696239,-0.0274591772808735,-0.00755642514554988,0.0456138735361393
"SRR10030486",-0.0491102232440804,-0.0270807114327332,-0.0266531467911631,-0.0687497198026944,-0.0380419158397458,0.0868141084422182,0.0853597682865797,0.0944278389306021,-0.0252444353435695,-0.00957954190868894,0.0385921334608402,0.0349242722316241,0.000961045483548944,0.0493072924683912,-0.0410826901373027,-0.0318273198196182,-0.0127821040243017,-0.0271259107468291,-0.00719495351106118,0.0461098871179965
"SRR10030487",-0.0496606827891193,-0.0337812276548708,-0.0270453437361098,-0.0674473190735996,-0.0381714220303252,0.0866598305140216,0.083909196589313,0.0960347468607907,-0.0257391651204988,-0.0173801589728884,0.0385722375932849,0.0345210725529072,-0.00022113244469379,0.04836107180372,-0.0426306861099884,-0.0333813703677714,-0.0144157210331864,-0.0294370139934418,-0.00594570080788086,0.0451172644101052
"SRR10030488",-0.0507169208917813,-0.0346886331411461,-0.0273817958139292,-0.068362613068767,-0.038072113201409,0.087017287436882,0.0837405792747412,0.0932995649089752,-0.0285277775620095,-0.00570578359390921,0.0267177567061467,0.0282621120506177,-0.00034463739818012,0.0487720993512273,-0.049015782865092,-0.0308952231434016,-0.0166811788736982,-0.0309176620710339,-0.00714792304778648,0.0424173296868196
"SRR10030489",-0.0502258636428812,-0.0282918784228912,-0.0276886285725315,-0.0674245157256375,-0.039942639344526,0.0863444470900938,0.0860415295086315,0.0980269635646431,-0.0309729939440109,-0.0173801589728884,0.0342713363783241,0.0284705025981184,-0.00095873621417591,0.042003780228761,-0.043508127812419,-0.0321830817507888,-0.0144539221961479,-0.028100556045828,-0.00868888369578229,0.0411047678577975
"SRR10030490",-0.0513347339698258,-0.0319109792940047,-0.0274233533786128,-0.0674027512976653,-0.0404150674731608,0.0870259764554485,0.0840144020154552,0.0947407080155485,-0.0301774678926384,-0.0173801589728884,0.0426423944708031,0.0323310261168588,-0.0016441920060843,0.0482172683874061,-0.044926121981926,-0.03377418494358,-0.0163194747166914,-0.0280182330801014,-0.00713264910559976,0.0405164927797563
"SRR10030491",-0.0521712611271003,-0.0265514384951136,-0.0271521174448704,-0.0675512251170413,-0.0387509441815406,0.0862874160037259,0.0840198308610786,0.098119099986814,-0.027999787563634,-0.0118964565810687,0.0385601016863661,0.0330211434769936,-0.00194764253709987,0.0440597431713185,-0.0435581782877297,-0.0314372515092673,-0.0158454562434896,-0.0292677030586968,-0.0079293347276708,0.0432072824009758
"SRR10030492",-0.0496367480585151,-0.0350178238904705,-0.0267872357207383,-0.0677563898135805,-0.0373308212004175,0.0864700734222009,0.0836359122415813,0.0986953916273382,-0.0289350977829371,-0.0173801589728884,0.0300789940137912,0.030845701704853,-0.00243148040464815,0.0474372180641167,-0.0451730551167233,-0.0314134788207568,-0.0173145367834864,-0.0282948737342611,-0.00692094605008008,0.0422193623634276
"SRR10030493",-0.0524932700419645,-0.0283491665701256,-0.0268739114200801,-0.0707467381501953,-0.0397216332962395,0.0878441843972193,0.0851121617913079,0.0931783092782342,-0.027680325309916,-0.0173801589728884,0.0371288695551833,0.0344047752177116,0.000710509211629305,0.0531377446214554,-0.0401432408092802,-0.0311970939545124,-0.0136850847019271,-0.0285771370780767,-0.00808246396172459,0.0365876795229907
"SRR10030494",-0.0522780530829757,-0.030038552557584,-0.0267397931442275,-0.0713166790840094,-0.0381885015170607,0.0860132750699922,0.0841370274922486,0.0979927924316274,-0.026823513230464,-0.0173801589728884,0.0385566840537984,0.0290940369546684,-0.000731943355531411,0.0471355260027001,-0.0410313844644802,-0.0342854854061416,-0.0144944554552069,-0.0282686392736325,-0.00683832774228059,0.039551868773478
"SRR10030495",-0.0506104544872475,-0.0276965791285047,-0.0270621494821014,-0.0681192800879028,-0.03820606809694,0.0853103606926208,0.0851646942617478,0.0956107707956103,-0.029408147305122,-0.00976284892261862,0.0382810844294134,0.0353009222282541,-0.0006864946607229,0.0506356306680543,-0.0423437285353538,-0.0318739711592347,-0.0157318860540717,-0.0287119180683584,-0.00662092128507144,0.0409566657513959
"SRR10030496",-0.050088779316209,-0.027224550165609,-0.0272585881785625,-0.0668122985922847,-0.0378662104023661,0.0857408810521551,0.0831707137397108,0.094910182735099,-0.0274855109411886,-0.0173801589728884,0.0292452374596165,0.0340678476896174,-0.00256976002131659,0.0464145702106604,-0.0464799025868939,-0.0315721040669867,-0.0130570195890575,-0.0263385133279017,-0.0079858582724474,0.0438504652834987
"SRR10030497",-0.0512385782936859,-0.0288313347822016,-0.026885691598276,-0.0659152504187658,-0.0380846522296044,0.0853815409995639,0.0835439244536747,0.0961222917620438,-0.0264552867832766,-0.0173801589728884,0.0477209420917768,0.0347848765591411,-0.00207068721734372,0.0474361582877995,-0.0428829338829018,-0.0327477287040775,-0.0158460983959947,-0.0280105026568234,-0.00607717538071387,0.0451950108656772
"SRR10030498",-0.0498339766047213,-0.0301497990203429,-0.0293641621806119,-0.0678810046911835,-0.0402297279599838,0.0883529026412652,0.084361084610099,0.0945958145945907,-0.0271246436428615,-0.0173801589728884,0.0214606258536037,0.0276700997062234,-0.00171201975953945,0.0470947042222698,-0.041925212436479,-0.0309561489350681,-0.0151691965845709,-0.0299118337939333,-0.00864323406469997,0.0425574582261521
"SRR10030499",-0.0509458036660681,-0.0369740398542675,-0.0270505785226305,-0.0685700638381409,-0.0388709996289043,0.0878669577429973,0.084020916713092,0.0983875347912588,-0.0220939811918304,-0.0173801589728884,0.0369526254440361,0.0360307451041844,-0.000452307341163353,0.0466979068985961,-0.0404469423181493,-0.0307066183311773,-0.0156249897668489,-0.0301232399892118,-0.00775928604209769,0.0427307059285822
"SRR10030500",-0.0516893771385584,-0.0251604539209207,-0.027393546701879,-0.0680630176622264,-0.040664162237073,0.0863506111518993,0.0842940533604379,0.0989670702434449,-0.0275047730891129,-0.00852793798920108,0.025551213578538,0.0289747506892675,-0.000247148949819294,0.0535400373613934,-0.0478776537101304,-0.0324449037725242,-0.0153578227707945,-0.0275824892051531,-0.00647678623703603,0.0433686336065821
"SRR10030501",-0.0517675999167381,-0.0267929457624234,-0.027223772068659,-0.0674826857679344,-0.0391154732711421,0.0844284297923093,0.0836835320370473,0.0942018765595222,-0.0280013619640956,-0.0173801589728884,0.0304191373805559,0.0319143251967879,-0.00042903515084613,0.0472525777321241,-0.0463649077559922,-0.0324321754189205,-0.0151664998449035,-0.0286877653673646,-0.00857237405719368,0.0439417152371692
"SRR10030502",-0.0502195241230675,-0.0318741430673643,-0.027425083360345,-0.066934341360244,-0.0389540425780949,0.0866843260722161,0.0838811834401551,0.0914572397730994,-0.0281441631307801,-0.0140403567046354,0.0314623843600018,0.0305414531838843,-0.00289418668676938,0.0485740738836369,-0.043250813701612,-0.031228750027214,-0.0168863451635019,-0.0315889634657224,-0.00677671376481968,0.0419456596140897
"SRR10030503",-0.0508532441276607,-0.028078755347496,-0.0273008060183043,-0.0669414696966022,-0.0397996643350113,0.0873074346171689,0.0843329548164106,0.0959064933216659,-0.0243656617978555,-0.0173801589728884,0.0357358100855629,0.0357579023414353,-0.000135825715232384,0.051384035613056,-0.0430044132517657,-0.0311144065144148,-0.0157610868765953,-0.0280650658386684,-0.00749897247804381,0.045005751975326
"SRR10030504",-0.0501881617671147,-0.0355615060731976,-0.0273438115785409,-0.0709074112557255,-0.0399944045108522,0.0871722542890602,0.0837518963314317,0.0948829460686206,-0.0290727245281389,-0.0173801589728884,0.0276037967244394,0.030911294409015,0.00130940772045415,0.0518165972507676,-0.0434688636878621,-0.032772768005453,-0.0165261337254764,-0.0285372019481392,-0.0051567426860912,0.0384781021979542
"SRR10030505",-0.0522179114838796,-0.0379025021989372,-0.0272458320777525,-0.0673527786815041,-0.0383963063917895,0.0869896641303252,0.0849074557786973,0.0962873815428925,-0.0279750125315334,-0.0173801589728884,0.032759821641999,0.0265691194345293,-0.00034159758379658,0.0504055594702036,-0.0459875023028704,-0.0302551998391354,-0.0149645003554898,-0.0268761548299281,-0.00780448150565187,0.0405131368518792
"SRR12330763",-0.0597029934774412,-0.056512375458688,0.0992286831459688,0.0504096117818262,0.163060909357644,-0.0696955972797567,0.00515998220523412,-0.0506210020947017,-0.0225726118022855,-0.0157183788745724,-0.0407708015466422,-0.00916347907385729,0.0776868239479212,-0.238992474039094,-0.0808528532538163,-0.0272073494746905,-0.00458591116210811,-0.0186185022160407,-0.0427984884139074,-0.0991002542645839
"SRR12330764",-0.0642239433076686,-0.0638127784307491,0.101318888479922,0.0512304364858402,0.162571424582077,-0.0707158143648038,0.00927482951596969,-0.0528447298568499,-0.0274053180583599,-0.00951474022932171,-0.0359545580540105,-0.00224367378234109,0.0779209416499788,-0.268225672637461,-0.0914466633033569,-0.0312318077672744,-0.00750131749371704,-0.0213828550100642,-0.041296494423329,-0.101254156440356
"SRR12330765",-0.0596433203983334,-0.0408706105090688,0.0984427345476488,0.0505092752011875,0.159007666851783,-0.0736875224825205,0.004529401717334,-0.0459990107043468,-0.0199732373902145,-0.0117566827434959,-0.033747599639867,0.00564805730019891,0.0841167157310635,-0.227860896012461,-0.0793970122565481,-0.0276015979413104,-0.00600880219274542,-0.0192442472815956,-0.0484731359455719,-0.103505201032919
"SRR12330766",-0.0689683882948682,-0.0672787584376135,0.0833707894951701,0.0100997541899799,0.09836698169592,-0.0518137287202446,0.031833580760433,-0.0164882399381647,-0.023319060018079,-0.0173801589728884,-0.0613926625783218,0.00162133846824001,0.0189343677452115,-0.192290340184246,-0.0971930460692304,-0.0337300380226198,-0.0113476835825082,-0.0239406178671508,-0.0565982235125962,-0.101929817769458
"SRR12330767",-0.0748600717366548,-0.0757034516633658,0.0839091743546561,0.00466137990484304,0.113096756253148,-0.045845039435373,0.0405232537358862,-0.0139800103722117,-0.02568880999653,-0.011629968367885,-0.0644774805825215,0.00199316927982588,0.0159582685764057,-0.207059072409983,-0.10449646620661,-0.0338370365174888,-0.0142161158965675,-0.0243893666396412,-0.0590485890617113,-0.104880805791251
"SRR12330768",-0.0760311438905738,-0.0791619530381102,0.0852377367204043,0.0108856577710249,0.102016183997879,-0.0460083031521886,0.0417434057712638,-0.0104283534396604,-0.0281863878474679,-0.0173801589728884,-0.0606114469724188,0.00360087221097605,0.0252786374182608,-0.196226307718435,-0.104480872617801,-0.037828040179989,-0.0129735699354318,-0.0252456199157625,-0.0581275233749829,-0.0998161378090668
"SRR7811358",-0.057120992574632,-0.0861716447073863,0.104689396838683,0.0416227001989359,0.00383554124692605,-0.051004306455411,0.00226148260936918,-0.100299044979293,-0.00890402768472411,-0.00631325698313338,-0.0374611265937041,-0.00934637593855062,0.0781004907706062,0.0227098449540015,-0.0249030162954984,-0.000846608809196967,-0.00518572156705636,-0.00714677034511503,0.154422221827518,0.0902543555085304
"SRR7811359",-0.0656136796930503,-0.101456118441896,0.110617388006778,0.0362787218766484,0.00927754313638622,-0.050395428325357,0.00820308996140934,-0.0877877663721834,-0.0142822535016959,-0.0136418005423663,-0.0503437917062888,-0.000754709834955722,0.052398258864051,0.0295295957042263,-0.0383332882728704,-0.0112738233374268,-0.00945890338464532,-0.0115473514877704,0.127486998207942,0.0609650892550224
"SRR7811360",-0.0821553757888801,-0.0854935475589119,0.111533047083529,0.0478924363964106,0.0544824714391817,-0.0367292283693592,0.0207410570506261,-0.0816021592734406,-0.0198841700562471,-0.0116683605268469,-0.0604952062358456,-0.00518198042123415,0.0650957194633382,-0.0131177790420133,-0.017442410374497,-0.00966243901381975,-0.0101938075870716,-0.0173710072273692,0.124531263170376,0.0704991037792386
"SRR7811361",-0.0615815407798711,-0.104964084366828,0.103347669901002,0.0356842661836516,-0.0199300252955159,-0.0406929613505236,0.00826057267723288,-0.103115182411209,-0.0118903871548314,-0.00946507811557053,-0.0506232139467078,-0.0287745887375236,0.0499468956153845,0.05069226289963,-0.0199366115217537,-0.00113301456722932,-0.00590019228224355,-0.00873197105063906,0.157325333428968,0.0947478130119456
"SRR7811362",-0.0705094759100567,-0.10121184116532,0.111343996977604,0.0475987143081189,0.00395729546996706,-0.0389324480472198,0.0125808429401544,-0.101563323362103,-0.00692180480429469,-0.00691884229834643,-0.0514484310690047,-0.0239254175983565,0.0555736097662899,0.0315317360191094,-0.0129656091663594,0.0115774112946832,0.000898296273054035,0.00115586015558385,0.166446760268468,0.0940162534935915
"SRR7811363",-0.0528599628113814,-0.0743167538364623,0.117354175014919,0.0352684632395592,-0.0191284556730166,-0.082596738966215,-0.00566601516937043,-0.0787617345388788,-0.0113840476671756,-0.0023159898283403,-0.0323912765784237,0.0458369226572608,0.098258474097078,-0.00202601850772612,-0.044005707517452,-0.0272547684484323,-0.00492151571316561,-0.00904474179334343,0.0920804422467328,0.0176181715991758
"SRR7811364",0.0558263259374744,0.0684879634513945,-0.0531013462128005,-0.0417955047584839,-0.00620356929201991,-0.00839890337229569,-0.0218378255300575,0.0155078956581854,-0.0260762322184307,-0.0136999694765887,-0.0476306424563305,0.0415516757501259,0.00283279545192461,-0.0230247999387836,-0.0289761072633282,-0.0135076230074062,-0.0152717290739325,-0.0250119531927944,-0.0305247554288606,0.00554418496140461
"SRR7811365",-0.0616200771858258,-0.0769760048422931,0.118222838695902,0.0445956212799022,-0.0147705970931284,-0.0802658900094335,-0.000775818171587615,-0.0797563717279829,-0.0141868073114028,-0.015524603332956,-0.0523166766384076,0.0368406945294314,0.0876093838922661,0.00559456019354113,-0.0311625559704092,-0.0266342315234478,-0.00929269568411798,-0.017740106253089,0.0864384040044914,0.0117375862580576
"SRR7811366",-0.0642446754524554,-0.10173183647883,0.111847309472266,0.0359941201178319,0.0140356081017663,-0.0521399261699479,0.00490059434248633,-0.0934263976372621,-0.01325886030817,-0.00672734374172685,-0.0512687911065791,-0.00241622834914272,0.0664324466233899,0.0226758435209846,-0.037726571345923,-0.00627010846373783,-0.003281196236062,-0.00983361640310004,0.142490868173955,0.0713460347980263
"SRR3124722",0.0677502821865593,0.0475879749788391,-0.0463853908987668,-0.0359689284349722,-0.0997298440149796,-0.0298810644007977,-0.036484747734159,-0.0031291781168323,-0.0249864027667912,-0.0173801589728884,-0.040707873757495,0.0355571375238051,-0.00281139353565344,-0.0351102483614652,-0.0463411614716459,-0.0302821666797011,-0.0158619041247217,-0.0256295398536888,-0.0559143023103143,-0.0287030021579917
"SRR3124724",0.0179919144732632,-0.0562023634681302,-0.0363101134358852,-0.0041437197473023,-0.0426199876846407,0.0607404373372565,0.0160652246003585,-0.0302008582508538,-0.022836967662575,-0.0135822412719469,-0.0839824073396948,-0.0572782299212606,-0.105554646187413,0.0269959748497268,-0.029734120387817,-0.0150764992110831,-0.0155236129836909,-0.0236276899515076,-0.00183513925454491,0.0606005810044556
"SRR3124726",0.067552093607353,0.0590367523335337,-0.0465053544280267,-0.0199457470558361,-0.0458673326208088,-0.0316131397104697,-0.0441442944438776,-0.00769877627628166,-0.0267078948463827,-0.0173801589728884,-0.0364236532765049,0.0217069232656991,0.0107212877458637,-0.0254700404568523,-0.024785970603808,-0.0104259580280002,-0.0168474645792926,-0.0256069130775868,-0.0569372618258462,-0.0238120950953242
"SRR3124729",0.0450718905580488,-0.012007756932623,-0.0398662858708052,0.0427137113601719,-0.00925126271745154,0.0190289955849391,-0.0267783182390942,-0.040121684688374,-0.0226109175124009,-0.0151203920345801,-0.0700418157902287,-0.0533876968108757,-0.079878185973264,0.00895294195035124,-0.0197939017010366,-0.0136251784475142,-0.0164318269263104,-0.0234039331534094,-0.0433675873456804,0.00807016958530384
"SRR3124731",0.0279358485321943,-0.0613263928331344,-0.0373097240257126,-0.00344147116832225,-0.059797051019584,0.0541523073922677,0.00449406236309051,-0.039224614493017,-0.0219079001337852,-0.015350674528715,-0.0809624618678405,-0.070711447743876,-0.118475019989621,0.0317933703703227,-0.0291019680722256,-0.0113745840487625,-0.0149884457047603,-0.0187709804713137,-0.0068815318583945,0.0432890342025576
"SRR3124735",-0.0528599628113814,-0.0743167538364623,0.117354175014919,0.0352684632395592,-0.0191284556730166,-0.082596738966215,-0.00566601516937043,-0.0787617345388788,-0.0113840476671756,-0.0023159898283403,-0.0323912765784237,0.0458369226572608,0.098258474097078,-0.00202601850772612,-0.044005707517452,-0.0272547684484323,-0.00492151571316561,-0.00904474179334343,0.0920804422467328,0.0176181715991758
"SRR3124737",-0.0642446754524554,-0.10173183647883,0.111847309472266,0.0359941201178319,0.0140356081017663,-0.0521399261699479,0.00490059434248633,-0.0934263976372621,-0.01325886030817,-0.00672734374172685,-0.0512687911065791,-0.00241622834914272,0.0664324466233899,0.0226758435209846,-0.037726571345923,-0.00627010846373783,-0.003281196236062,-0.00983361640310004,0.142490868173955,0.0713460347980263
"SRR3124740",-0.0615815407798711,-0.104964084366828,0.103347669901002,0.0356842661836516,-0.0199300252955159,-0.0406929613505236,0.00826057267723288,-0.103115182411209,-0.0118903871548314,-0.00946507811557053,-0.0506232139467078,-0.0287745887375236,0.0499468956153845,0.05069226289963,-0.0199366115217537,-0.00113301456722932,-0.00590019228224355,-0.00873197105063906,0.157325333428968,0.0947478130119456
"SRR3124742",0.0558263259374744,0.0684879634513945,-0.0531013462128005,-0.0417955047584839,-0.00620356929201991,-0.00839890337229569,-0.0218378255300575,0.0155078956581854,-0.0260762322184307,-0.0136999694765887,-0.0476306424563305,0.0415516757501259,0.00283279545192461,-0.0230247999387836,-0.0289761072633282,-0.0135076230074062,-0.0152717290739325,-0.0250119531927944,-0.0305247554288606,0.00554418496140461
"SRR3124743",-0.0656136796930503,-0.101456118441896,0.110617388006778,0.0362787218766484,0.00927754313638622,-0.050395428325357,0.00820308996140934,-0.0877877663721834,-0.0142822535016959,-0.0136418005423663,-0.0503437917062888,-0.000754709834955722,0.052398258864051,0.0295295957042263,-0.0383332882728704,-0.0112738233374268,-0.00945890338464532,-0.0115473514877704,0.127486998207942,0.0609650892550224
"SRR3124745",-0.0705094759100567,-0.10121184116532,0.111343996977604,0.0475987143081189,0.00395729546996706,-0.0389324480472198,0.0125808429401544,-0.101563323362103,-0.00692180480429469,-0.00691884229834643,-0.0514484310690047,-0.0239254175983565,0.0555736097662899,0.0315317360191094,-0.0129656091663594,0.0115774112946832,0.000898296273054035,0.00115586015558385,0.166446760268468,0.0940162534935915
"SRR3124747",0.0250877699139457,-0.0351097566975788,-0.0376649987765715,0.0385269040504351,-0.0243795653376373,0.0528126206469336,-0.00117746847061713,-0.0317462363770487,-0.0248145326600304,-0.0173801589728884,-0.076932098462545,-0.0656389016821183,-0.101553010831024,0.0382220829149919,-0.0167815340833864,-0.010284040146038,-0.017383068931731,-0.02267494425905,-0.0331892839345462,0.0238939288933102
"SRR3124748",-0.0616200771858258,-0.0769760048422931,0.118222838695902,0.0445956212799022,-0.0147705970931284,-0.0802658900094335,-0.000775818171587615,-0.0797563717279829,-0.0141868073114028,-0.015524603332956,-0.0523166766384076,0.0368406945294314,0.0876093838922661,0.00559456019354113,-0.0311625559704092,-0.0266342315234478,-0.00929269568411798,-0.017740106253089,0.0864384040044914,0.0117375862580576
"SRR3124750",-0.0821553757888801,-0.0854935475589119,0.111533047083529,0.0478924363964106,0.0544824714391817,-0.0367292283693592,0.0207410570506261,-0.0816021592734406,-0.0198841700562471,-0.0116683605268469,-0.0604952062358456,-0.00518198042123415,0.0650957194633382,-0.0131177790420133,-0.017442410374497,-0.00966243901381975,-0.0101938075870716,-0.0173710072273692,0.124531263170376,0.0704991037792386
"SRR3124752",-0.057120992574632,-0.0861716447073863,0.104689396838683,0.0416227001989359,0.00383554124692605,-0.051004306455411,0.00226148260936918,-0.100299044979293,-0.00890402768472411,-0.00631325698313338,-0.0374611265937041,-0.00934637593855062,0.0781004907706062,0.0227098449540015,-0.0249030162954984,-0.000846608809196969,-0.00518572156705636,-0.00714677034511503,0.154422221827518,0.0902543555085304
"SRR3124754",0.0631024731457604,0.0771539090448183,-0.0486708016632659,-0.0209389833563449,-0.0257049671283799,-0.0290143446423696,-0.0370333390843139,0.00973303936060062,-0.0224122202708663,-0.0173801589728884,-0.0279626816631701,0.0371556770587771,0.0177214029013799,-0.0116170734112955,-0.0208167706481994,-0.0140171604444372,-0.0155615437945356,-0.0241243516039001,-0.0559388793760947,-0.0232311818836136
"SRR3124756",0.0184287764165543,-0.00688338813655735,-0.0372044988429813,-0.0707639190342444,-0.12041723891465,0.0285633378455974,0.0200538263337018,0.0188727412835176,-0.0222369230295901,-0.00752983322496637,-0.0563491496588878,0.0353736734422034,-0.02371577911575,-0.0125790608137917,-0.0487733586064693,-0.0253226917479807,-0.0129720450530965,-0.0247739879894764,-0.0334087173165817,0.00596242262421472
"SRR3124759",0.046576952435348,0.0313698593622582,-0.0464904639789608,-0.0540347219731822,-0.10314080667931,-0.00184935970137258,-0.00328013168551275,0.0198746085257258,-0.0267328194893142,-0.0173801589728884,-0.0531650917511405,0.0528581635366801,-0.0117082835781078,-0.0195762586906582,-0.0453482288466732,-0.026065881492721,-0.0143803004835492,-0.0265613397087126,-0.01349882165005,0.00455725415917804
"SRR3124761",0.0595791317214017,0.0768505026057361,-0.0490020526104916,-0.0240209455326375,-0.0134065527595393,-0.0305354494572464,-0.0341911151864176,0.0142562174660537,-0.0253601547723812,-0.0173801589728884,-0.0312720392920988,0.0495986791286158,0.0236358040724189,-0.0222696747333554,-0.028446898864779,-0.0179506427483473,-0.0159220171710687,-0.026595245869428,-0.0596439985965894,-0.0219192224257416
"SRR3124764",0.036905990104768,-0.00346161661359112,-0.0461845736498086,-0.0954431364315203,-0.148655994854873,0.0126624331546494,0.00848863482722964,0.0244686070265751,-0.0184638981439617,-0.0140295978184774,-0.0566251891347479,0.036855789288041,-0.0382117226917951,-0.0276697495587774,-0.0536146113511563,-0.0288754590531423,-0.0162669469716572,-0.0252100639135609,-0.040624943220197,-0.00634076993655831
"SRR3124766",0.0497513733198229,0.00382956708223081,-0.0492006132480076,-0.0680675134561475,-0.155799674189178,0.00354444225752445,-0.000651904015262509,0.0181927836267239,-0.0218836905330276,-0.0154226974002416,-0.0667598323202002,0.0311060015433731,-0.0545479150676067,-0.00305180456802384,-0.0514331334234357,-0.0308501590589408,-0.0138928170388947,-0.0211423870406585,-0.0271094859610288,-0.00526068289727074
"SRR3124767",0.0604200427930586,0.0745180408783217,-0.0503362329121321,-0.028811854034452,-0.0193189766081219,-0.032335284684464,-0.0341999221803672,0.0141631233415905,-0.0258307573857923,-0.0173801589728884,-0.0246293553672361,0.0495772751036419,0.0235236122286456,-0.0189943527959737,-0.032535695811768,-0.0196923671981386,-0.0174251567915186,-0.029169859354697,-0.0579788441112853,-0.0180093158619208
"SRR3124769",0.0120405544915802,-0.0814663081002334,-0.0259872723764703,-0.0100857364676896,-0.0948706302049632,0.0671134856347362,0.0258327026353203,-0.0439674755023789,-0.0227128121683505,-0.0173801589728884,-0.0864767218497782,-0.055102896385392,-0.103438256158517,0.00871467189263391,-0.0325849436250437,-0.0208235173070167,-0.0144215028644648,-0.0213752404015162,0.0519010121229056,0.0828008878991358
"SRR3124770",0.0335177148332186,-0.0039098672482816,-0.0404324312590353,-0.0654177370704558,-0.134572639092147,0.00932732263061724,0.00380749374345981,0.00897904367850024,-0.0244248820747258,-0.0173801589728884,-0.0556703599463154,0.0310906672786894,-0.0224307534789926,-0.0263549217873232,-0.0450699036864796,-0.0331515766476939,-0.0164459788188187,-0.0255596477800776,-0.036652926051662,-0.00661309773942181
"SRR3124772",0.0474742039058142,0.0371246253894092,-0.0465069622854087,-0.0448548559867003,-0.105408970716069,-0.00524835079491824,-0.00477441721078497,0.0217001770292713,-0.0252718374606042,-0.0147895887431503,-0.05507297073685,0.0540565595365463,-0.00963133318804671,-0.0147573508036991,-0.0447869833353586,-0.0272677849845378,-0.0157930705983207,-0.0264849411784336,-0.030724513750184,-0.00704845924851157
"SRR3124775",-0.060125140940251,-0.083602211144138,0.111054675839599,0.0343416999832011,-0.0334703022868704,-0.0676382019747968,0.00755897238983439,-0.0671957634597597,-0.015198196127276,-0.011923879172472,-0.0474986209021037,0.0371022499531549,0.0721630250686546,0.0266555910463206,-0.042389147395117,-0.0288460187817416,-0.00663948668321668,-0.012668301151217,0.0878964810047928,0.0205074226345505
"SRR3124986",-0.0739287968931733,-0.092434405343217,0.104157075077844,0.0356722163318132,0.0531894656915275,-0.0363436008487277,0.0223757528867337,-0.0791863907393876,-0.0121042895540829,-0.0133755077122802,-0.056550880605585,-0.00085560796155866,0.0661520939339235,-0.031845329954151,-0.0312437178560917,-0.00680862941043341,-0.00814500785655122,-0.0139706556211738,0.15370548924154,0.104114506099442
"SRR3124987",-0.0683196671820603,-0.0709521584297188,0.109201927325758,0.0282027516256735,0.0321747762940885,-0.0613731878427106,0.0135399664631403,-0.0553501478780596,-0.017674472968335,-0.00824520951079986,-0.0435887944303699,0.0423795834891648,0.0808281352526889,0.00067885058584848,-0.045282829732662,-0.0173305782434206,-0.00463657145000487,-0.0130869896151666,0.0733912992286439,0.0134743128888942
"SRR3124990",-0.0569764071445014,-0.0873181497860403,0.112072303285071,0.0454782961531609,0.018204840979208,-0.0796458001440692,0.00213617144566096,-0.0761834325019569,-0.00729158040748884,-0.0100981547314036,-0.0326765185448934,0.0416120568569719,0.0906089122200848,-0.0353586766410722,-0.0577419139884607,-0.0148045405298631,-0.00427387807318168,-0.0106602327070248,0.117682787329431,0.0292989637297591
"SRR3124992",-0.0789063252976802,-0.108785186795563,0.109662767250851,0.0276537669858587,-0.0182148656679921,-0.0332902049066976,0.0328559704021135,-0.0775490355774567,-0.0185374370210026,-0.0101437682116137,-0.062485589372097,-0.00443812572643589,0.0474844429756702,0.00919616432718623,-0.0376703622385059,-0.0255758675604151,-0.00898619853132797,-0.0130123570824673,0.157938346736962,0.0954459166169119
"SRR3124994",-0.0616328233803488,-0.0834269516440457,0.103626242911092,0.0239653811548949,0.0320480609838826,-0.0544680838347464,0.0114726707605389,-0.0717257950319144,-0.0143275597358379,-0.00217472962771045,-0.0482187175358126,0.0246591101011532,0.0775231124551793,0.00592219884040981,-0.046685305785015,-0.0093261312069117,-0.00619882529611979,-0.010293005217202,0.129389014761943,0.0645698596753263
"SRR3124997",-0.0618311392098931,-0.0774539774262721,0.111307771809525,0.0632449206647058,0.0733354122157021,-0.0723729248090055,-0.000327136347673699,-0.0890705635746963,-0.0108657530572596,-0.00474142953855443,-0.0412436994259521,0.0186255680484977,0.0909727157085207,-0.0210881836150974,-0.0283049122091123,-0.00919221914901528,-0.00440186658366334,-0.0109839778596468,0.141048227260148,0.0598544501388091
"SRR3124998",-0.0732201884337535,-0.111462685890975,0.109248983201602,0.0262150126256384,-0.0112930549078999,-0.0383016319021596,0.0285646422535596,-0.0891476676818079,-0.013362452247558,-0.0140665409779551,-0.0628405292839479,-0.00689961581109521,0.0526185647688556,-0.017752337215366,-0.0339475170859081,-0.0154218805010352,-0.0086024855869943,-0.0141114731766342,0.175821525668776,0.104413153890477
"SRR3125002",0.0669771455438839,0.052999933471776,-0.050518314901097,-0.024084156446077,-0.0329381770384445,-0.0224340805896047,-0.0422023478824202,-0.00768409094663658,-0.0292408138451648,-0.00578339028052196,-0.0387882750945164,0.0167478427128955,-0.00107724213423415,-0.0127458070025286,-0.0262023857849747,-0.0107929237557158,-0.0161388488140268,-0.0258685274340891,-0.0604625912626234,-0.0205049965553814
"SRR3125004",-0.0688633666828569,-0.0829850440190199,0.110561233742812,0.0437053400059442,0.0469959849292046,-0.0586531847728805,0.0124924823800625,-0.0707031657176445,-0.0156389387489112,-0.00973221456436145,-0.0542477409857945,0.0271329997911089,0.0693537062525203,-0.0113636342810516,-0.0466345461137649,-0.00377291982514422,-0.00519122156012026,-0.0144149447923515,0.110895298766134,0.0363445702344396
"SRR3125005",0.0307098291380731,-0.0458628194954921,-0.0344609046039974,0.0280748237839289,-0.0890385178935996,0.0452191276614193,-0.00200593823347828,-0.0339865246769503,-0.0221535660674561,-0.0173801589728884,-0.0818159973169247,-0.0550520935625218,-0.104515893804486,0.0403508337782004,-0.0252077576971483,-0.0236991668514758,-0.0152835287571756,-0.0223305678874076,-0.0279133153886976,0.0137122882794549
"SRR30310344",0.00758787241130626,-0.0267974926724552,-0.0156447752875533,0.00154896155720685,0.0317092130427179,0.0515110587520946,0.00112903808322193,-0.0177539310662711,-0.0113012246276818,-0.0160082341148906,0.0513210596043495,-0.0348018189381464,-0.0182311104371952,-0.0292069710306848,-0.0179088382060888,-0.00185799707552377,-0.00924548131645678,0.0311124496336245,0.020459954302625,0.0359740261219015
"SRR30310345",0.0239217622329788,-0.0189800944619392,-0.00284300867424683,-0.0305571000519402,-0.00392465509951927,0.00352285232241358,-0.0144995065472313,-0.0349033651307398,0.0829565609195018,0.000210833307397792,0.0253963751978905,-0.0121075302779142,-0.00418100442908404,-0.00357988771473481,0.0154659323396428,0.0562410042771699,0.178269337545424,0.153615459895606,0.108252856807757,0.0890023609353515
"SRR30310346",0.0328670968669265,0.0200474032087846,-0.00216612863582802,-0.0267612889149561,0.0162461504268327,-0.0071981718944509,-0.024341377799572,-0.0226243389967066,0.104626506996814,0.0509789703785139,0.0982428597569417,0.00581084124038502,0.0273854218657317,-0.096314566612734,-0.0277501597014877,0.00525141061928374,0.62064120966049,0.327682190572681,0.0760449923901527,0.0520830059115385
"SRR30310347",0.0379107005656579,0.014480227748437,-0.00636267916865215,-0.0334589693636104,0.0247008505718603,-0.00814993286946685,-0.0260356250785741,-0.018286515800557,0.164550389631438,0.0468244895179861,0.0780413871809269,0.0032041976195667,0.0118880924594784,-0.126130496261622,-0.0288440095256439,0.0125752165051721,0.605999839334008,0.278843079202912,0.0809200595275794,0.0550777804496552
"SRR30310348",0.0395701808835059,0.0263888780508782,-0.0125105309148711,-0.0395070995720549,0.0170242757469489,-0.0157332488424274,-0.0295080312408595,-0.0217402926002318,0.0377470618876789,-0.00331790767200327,0.053159669313994,0.0222551798957868,0.0319324405941781,-0.0371049052746418,0.0176797761436005,0.0507474697703807,0.100775177514719,0.155777574077232,0.0905534742229081,0.0649942956450766
"SRR30310349",0.0443630184304588,0.034445564820153,-0.0255601342189924,-0.0445720017122712,0.0221111623409693,-0.00857018398858436,-0.0268658633155104,0.00119420145360464,-0.0106264942655291,-0.000473158040766479,0.0540176473229415,0.0334422583516409,0.0138971394667162,-0.102930174630826,-0.0381843768224428,-0.00389770376833263,-0.0105023208212,0.0575580161094088,0.0583575104653819,0.035370925861376
"SRR30310350",0.0406430864546884,0.038966408228024,-0.0110868922878401,-0.0194540743617891,0.034836291222332,-0.0198363332655144,-0.0360419281282566,-0.00992956964443708,0.0298322952806271,0.0274973888019461,0.0948895191089606,0.0284518542212469,0.0502986891721847,-0.0318935520567109,0.0221037468542384,0.0515771371989234,0.162506013571879,0.178323374629041,0.0792797358675721,0.0490573178727462
"SRR30310351",-0.0100984966011288,-0.0676605458625728,0.00514106792212129,-0.0182876403327454,0.0142391310033419,0.0528207326605818,0.0162635434337067,-0.0298157369651835,0.110333359100088,-0.00809301253551881,0.0218131570700055,-0.0622473528361784,-0.062326034887748,-0.00657743768836228,0.0210369861046172,0.0307212622988315,0.0494018837190441,0.142177204784499,0.0681852911154973,0.0637543859970515
"SRR30310352",0.00127074247356433,-0.0258997609046548,-0.00905436874743129,-0.032915665325503,0.0271270316156785,0.053391596853035,0.0156283464066197,-0.0186403427851845,0.0824561954375056,0.00489823504738698,0.0471246289723051,-0.0159904460783946,-0.0215736212556328,-0.0237090341294702,0.0260122775591916,0.0556177623614687,0.0524984273843497,0.203814341879483,0.0881534094474976,0.0825291642969672
"SRR30310353",0.00447680688963046,-0.0351184155471595,-0.00432971732090856,-0.0346449452051562,-0.00215675284379518,0.0527587845484342,0.0121478206620166,-0.02018129882765,0.129950829176649,-0.00153308188442111,0.0479076772466759,-0.048740013035635,-0.0500762049088414,0.0338639531777362,0.0421910133759342,0.0848252062036054,0.0837548223361266,0.287509284129396,0.0663954194104297,0.0607912767644224
"SRR30310354",0.00803653525078115,-0.0154166792402915,-0.00822943728692029,-0.00826303900985318,0.0332632422180956,0.0311469428384864,-0.00300111218174048,-0.0182357130679211,0.0081118626194753,-0.00592592603284457,0.063388225325798,-0.0134076477050425,0.00539261005687534,-0.0443540024316967,-0.0136804006263391,0.00013334327125141,0.0107647261078356,0.119792296702438,0.0324831245632567,0.0457646944154456
"SRR30310355",-0.000566480481139915,-0.0314010538077899,-0.00594020826482892,-0.0128314886237991,0.0210466093478864,0.0383510629681275,0.00375822773749277,-0.0172844235349841,-0.0101648966351331,-0.00542474700361115,0.0580519538479063,-0.015692371223929,0.00132833796616121,-0.0255447643146462,-0.0232372429084875,-0.00810216666543359,-0.00973369668643051,0.0412764365420986,0.0195503835522381,0.0453593684165758
"SRR30310356",-0.00115657970496514,-0.0337968673311354,-0.0058914616183288,-0.0129622581280575,0.0160656323239736,0.0482247387939497,0.00925928820088033,-0.0193306592681898,-0.00117992039937633,-0.00710721541041172,0.0541030304986179,-0.0234771593792887,-0.0122436675788219,-0.0117882971219658,-0.00683954835793589,0.00546676957679587,0.0205918870479755,0.148618268404974,0.0661459462647721,0.0671817644423024
"SRR30310357",0.0295684994849353,0.0210003193759767,-0.0154641511591604,-0.0195300944732282,0.030580731757938,0.00226280634179019,-0.0238348773540279,-0.00738610530743343,-0.00366146505810371,-0.0076494914834625,0.0916154468744892,0.0229864355621047,0.0418596871362212,-0.0569559466947388,-0.0278697555959856,-0.00669797006027696,-0.00450261538504718,0.091514154039897,0.0270302629341146,0.0296165016403653
"SRR30310358",0.0518087902895372,0.0515513252633139,-0.0217756837484887,-0.0179497957095862,0.0584691225792371,-0.026444840254598,-0.0475117603664706,-0.00829253015270771,0.000943303858581359,-0.00940000731515001,0.11306951575175,0.0313451345942524,0.0629232977613836,-0.118981036035318,-0.038256762136032,-0.00372265322180588,-0.00399503709958272,0.0671030036036201,0.0395114900371233,0.0153845064422982
"SRR30310359",0.0298061149706313,0.00249787908710832,-0.0196219958762852,-0.0215030702620613,0.0233742171329544,0.0225466752573031,-0.0206296630047322,-0.0243576734970372,-0.00520962768823811,-0.00757322361759034,0.0520784342665503,-0.0151634977987745,0.00229285175117979,-0.0835245967903037,-0.0188070564840962,0.000532951439634337,-0.00340755769806169,0.0953880686991899,0.0369275464295983,0.0405728821248984
"SRR30310360",0.0336431048513679,0.0224644993011777,-0.019667885359187,-0.0208957918048492,0.0321236562167917,0.00688113871738955,-0.0266014668966895,-0.016403544610256,-0.005914559216985,-0.00707608273553317,0.079413322639706,0.00893168660413388,0.025226896055737,-0.0570694688522571,-0.0220120878585627,-0.00156755362797799,-0.00137632006533353,0.101353886426481,0.0461961485559116,0.03842916331056
"SRR30310361",0.0130664182970903,-0.00762470463451778,-0.00392840056589119,-0.0198465427316742,0.0106472422105715,0.0354400823513123,-0.00314341613290707,-0.0199151424792286,0.150649325515846,0.0231828680808546,0.0843657329858186,-0.0191621199048953,-0.00372361314513238,0.0332484085065,0.0392597516629059,0.0816160268016504,0.232155903873304,0.29392301067749,0.0580663617320937,0.0550690055233354
"SRR30310362",0.00703625235206194,-0.0307840475809996,-0.000234345655804326,-0.024506122899491,0.00856390967878243,0.041908352892722,0.00472986749246778,-0.0212452108593937,0.171369199820033,0.011288111711205,0.069538875557707,-0.0299708443486938,-0.0226715171089214,0.0181155713740066,0.0375422194662256,0.0687680889057079,0.147417927601814,0.234971497692136,0.0754116858242772,0.0673841969729214
"SRR30310363",-0.0029499640705817,-0.0463385056013415,0.00693817024662119,-0.0125411304974442,0.0145660505005844,0.0479187160683053,0.00836351833381674,-0.0298745140534983,0.126902637674738,0.0165821976513159,0.059569326309016,-0.0467129706600015,-0.0298809494165607,0.0156621437586507,0.0312251068000324,0.0485007031026387,0.177989098311727,0.260118816256973,0.0816447891386041,0.0695813164636085
"SRR30310364",0.0128495734954982,-0.0178972981279506,-0.0141793064069927,-0.0118864571549633,0.0410955262337174,0.0430892370461683,0.000254109250609474,-0.0123018149507769,0.00115592068927306,-0.00512187760106417,0.0571509120908347,-0.0204277699453134,-0.0133523129836737,-0.0545929795122705,-0.0147712846982625,0.00827264722139199,0.0355875365653208,0.17264881237463,0.0399189669006516,0.0440555316016942
"SRR30310365",0.0158680894286964,-0.00736262571485012,-0.0189254817191624,-0.0136835888086033,0.0338654348346543,0.0433786844096884,0.00056337248716557,-0.0076098021298243,0.00561946633970487,0.00940739393325049,0.0509749307622974,-0.0156647525005525,-0.0119532894710768,-0.0366721291379704,-0.0164387174623298,0.00839100216853843,0.0225578379748374,0.216028453262728,0.0230221888630314,0.0366726974329019
"SRR30310366",0.0120198389001276,-0.0156509754499856,-0.0125091949811419,-0.00872906646508162,0.0377382526453552,0.0400204801893528,7.94406451064739e-05,-0.0133493124257697,0.00551570728929144,0.00671733389271885,0.0655586968993304,-0.0137035592385871,-0.00782380302775314,-0.0397065046699678,-0.0111827344214198,0.012290160583973,0.0333039885745907,0.176114273630582,0.0603637781512718,0.0560000626501847
"SRR30310367",0.00287592997169272,-0.0194695746713847,-0.0105235627657008,-0.00594626155112043,0.0292659588180716,0.0437438770759129,0.00391930207477844,-0.00698184979447123,-0.00757195530702208,-0.0041625150613632,0.0671887630293538,-0.0146981531162655,0.00263212558198715,-0.0185541248880262,-0.0192140154227648,-0.00385052646274691,-0.00417042433445857,0.078153020194296,0.0160259164731485,0.0376593248310526
"SRR30310368",0.00787113070547868,-0.0274584988702681,-0.0141754319079627,0.00018089492494475,0.0212305946718148,0.0474396238105693,-0.000213550416485314,-0.0192513013136081,-0.0108823164023531,-0.00783320388692199,0.0459767121900942,-0.0339446294573265,-0.0124662161546091,-0.00868650606552214,-0.0125409955028025,-0.00229217428201917,-0.00389427459139886,0.0523924410552511,0.00460468206889481,0.0340244586530903
"SRR30310369",0.0695575641514675,0.0532581341955624,-0.0439190169289691,-0.0388335123476945,0.0174607806215082,-0.00718730281259837,-0.0489518792826868,-0.00607010917040834,-0.0145436434129509,-0.0173801589728884,0.0355878972864105,0.00969750944616803,0.00879397145875869,-0.0498975725664901,-0.0276752588365829,-0.000643648679632643,-0.00982737176821614,0.0241133032578321,0.0313121116435986,0.0231576208112857
"SRR30310370",0.0595852573244542,0.0579582375528925,-0.0376578256086441,-0.029899835175097,0.018730942191533,-0.00856123508150704,-0.0425089052019958,-0.00997494969405505,-0.0114587585152413,-0.0173801589728884,0.0695860393680251,0.0157747728333412,0.0266009824916098,-0.0421259739382142,-0.0223886125115636,-0.00136257324471457,-0.00755298960829084,0.0229450261330921,0.0636786757208408,0.0387278773332379
"SRR24657655",-0.0245117916319561,-0.0447557673856384,0.0210210750889098,-0.0157184070988668,-0.0213055505235754,0.0810429350110116,0.0396269929423056,0.000312648073534027,0.0698895140616143,0.345173490268416,0.0724434177034992,-0.0379568956128561,-0.0086438551048074,0.125515936151466,0.117342653945528,0.362092358922048,0.122777254407338,0.14990319461132,0.0907806665116492,0.0957260342582439
"SRR24657656",-0.0371349185617063,-0.0622731001665938,0.0111042762947661,-0.0234356853314504,-0.0147780244065631,0.0912607104001705,0.0520404915589575,-0.00357099185610941,0.012416495903989,-0.00566112634146591,0.0507067784042035,-0.0630257266485174,-0.0309544144316863,0.129544093617217,0.136024880273359,0.316499587292031,0.0178420030142356,0.126810237833532,0.0956987351299268,0.108634761518894
"SRR24657657",-0.0400290653665444,-0.0689184633194229,0.0144433046076835,-0.0271585718275437,-0.0187805164697752,0.0911095327385324,0.0530355075637891,-0.00255788459631711,0.0203699311198796,-0.0124137848744285,0.0387090895986755,-0.0713229670529684,-0.0455444687844436,0.138677827011012,0.135240053489936,0.308550922183718,0.0221046223341754,0.121080716624327,0.1004636570801,0.105922276580392
"SRR24657658",-0.00787511209924968,-0.0462066797066944,-0.00524974106684304,-0.00895429683335625,-0.0114668331372749,0.0764588182572953,0.018691454545992,-0.0202195149925183,-0.00348190197790975,0.0165165995218652,0.0224949153148342,-0.0658506571313469,-0.0468823313506982,0.114248246749211,0.133495683951547,0.31666058939269,0.0108819749998383,0.0276236014811442,0.0902986574766792,0.0954570990710974
"SRR24657659",-0.0415604758656475,-0.0752504852016837,0.0183737930887414,-0.0221246961069857,-0.0122308772947826,0.084085659637356,0.0479205513797408,-0.0177974135007044,0.0212999631842166,0.00410755848022076,0.055497832566581,-0.0766138463656915,-0.0436970845345589,0.133400738363891,0.132184286460614,0.289049538950022,0.0106494059434374,0.141463327633817,0.113112406645477,0.117508462875391
"SRR24657669",-0.0738098963725921,-0.0869214948023449,0.0148331345519569,0.0079393999352875,-0.00675238647285521,0.0980824170438845,0.0791232695620648,-0.000321050337506404,-0.0145255432090498,-0.00676702622390034,0.0182061352075649,-0.0642349282519168,-0.0539541586634671,0.15385689122118,0.157202267029913,0.26775924843481,-0.00433678866407412,0.00434678402139662,0.0548337066401652,0.0788716387280791
"SRR24657680",-0.0651436739866801,-0.0644660377590933,0.0157816525200241,0.00430672511665646,0.0115333376377667,0.0818593678161335,0.0678196708151265,-0.00274298035802488,-0.0082888442239317,0.00365134911522553,0.0332057970989646,-0.039866156947827,-0.0224603902421775,0.129613137391059,0.150192841101801,0.271686155467338,0.000670026873902695,0.0106770007174347,0.0753776393561008,0.0930987260958095
"SRR24657691",-0.073971545160598,-0.0798560441977366,0.0149249900133137,0.00861421344810436,0.00803799200756847,0.0982025351586187,0.0795324436612276,-0.000331293123045431,-0.013588015577548,0.00407626832268144,0.0129443449495264,-0.0598108548118067,-0.0559313891220341,0.139820325619878,0.150950727036026,0.263141898913098,-0.00504528885850032,0.00634707289298784,0.0571858745219737,0.0798506975265858
"SRR24657702",-0.0699018225082864,-0.0712005989544788,0.0149624254373649,0.00938394684953561,0.0117462615798589,0.0881973796701239,0.0734826991107298,0.000996784585885301,-0.00871989363018848,0.0146881796492899,0.0236016088725573,-0.0489296183362408,-0.0415523838873285,0.13830706997411,0.148740209590044,0.268739359346555,0.000908843200964945,0.00707713454550504,0.0577485688764233,0.0817739594921127
"SRR24657703",-0.0582479167283578,-0.0546911079555296,0.0102776977274425,0.00627148828314296,0.0125936220276402,0.0844856443040059,0.0655591189868589,-0.00214257893304716,-0.0080524960791122,0.0359044444842031,0.0347490009270851,-0.0468230587103828,-0.0317807373541914,0.126049993848338,0.145519065335502,0.265207473996758,0.0051372000824689,0.0327250489629968,0.0703407570297544,0.0914897102746361
"ERR7738942",0.0188746628951021,0.0355378095385889,-0.0279340913250113,-0.0159106190075108,0.0228183093248889,0.0195437526615305,0.015643844223759,0.0213198607369364,-0.0150002046878273,-0.0111204314106706,0.0446059624818614,0.0448484616929747,0.0117923507833855,-0.0983434685517886,-0.0232850548368212,0.0117458241898788,-0.00992536139930628,-0.0117987634730779,0.0767164075525788,0.0647157507686014
"ERR7738943",0.0123878507355636,0.0276681139965225,-0.0261283422459176,-0.00096805958551679,0.00492560833283975,0.0280615821171669,0.0212347433392545,0.016909055030103,-0.0176270713924826,-0.00585143528784095,0.033269964367989,0.0371141577727151,0.0136385512883056,-0.0377272901240166,-0.0122075682954517,0.0157337380819169,-0.0114628407914559,-0.0116940596743765,0.0827473873117062,0.0819512873087279
"ERR7738944",0.0202601774663985,0.0308123850489814,-0.0276612057825436,-0.036691643943259,-0.0319899208131033,0.0168601514601271,0.0175340316812416,0.0227845172123186,-0.0169157654708243,-0.0094528955918189,0.0405313553476149,0.0465884720022937,0.0227279069728375,-0.0399249417149603,-0.0161069437892128,0.00998937528000734,-0.010173744715125,-0.0105386536967976,0.0828112847764997,0.0747494566366948
"SRR30606508",-0.0166728680820211,-0.0285762747492751,-0.033513941706125,-0.00289114657240204,0.0433971547869009,0.0617255051983477,0.0493722429923621,0.0218415060567476,-0.0239765223964719,-0.0173801589728884,-0.0596587774608706,0.00232339803511118,-0.0611136463275091,-0.0296415260813202,-0.0483609340338367,-0.00840174915815428,-0.0122744101132675,-0.0259892763125953,-0.0161121896849621,0.0264514954137125
"SRR30606509",0.0146872301972611,-0.012422824525673,-0.0429699065607597,-0.0414720397627392,-0.0542579581301621,0.0385565746124799,0.0263553894835009,0.0299526159362192,-0.0250642446044782,-0.00629917042710061,-0.0483284254296182,0.035614873864815,-0.065670524814718,0.0035188370646251,-0.0463876623601059,-0.0144331289782815,-0.0134750820376186,-0.0239973089636,-0.0300418972356424,0.0143460816515042
"SRR30606510",0.0396149651199041,0.0627669666706753,-0.0434411040539764,-0.0123952130892198,0.0323582076076822,-0.0177568418695443,-0.00913141200088332,0.0277560181693676,-0.0226713407674436,-0.0142614824583275,0.000262795462140823,0.0761199416591642,0.00425734767832031,-0.0593342908853431,-0.0479852063894985,-0.0116765171556966,-0.0143954187465047,-0.0215637388555223,-0.0473417411360463,-0.0199021168706282
"SRR30606511",0.0287319482748838,0.0274878237459257,-0.0416193133005918,-0.0227304585979352,0.0123380639181006,0.00852243367047785,0.00616170937779433,0.0233211470894832,-0.0208874214748892,-0.00736655459463475,-0.0110727267288053,0.0521696911107645,-0.0264561030926947,-0.0468014055207497,-0.0594449809994125,-0.0105267781121496,-0.0127642408208938,-0.0211820332208059,-0.0395314559223239,0.00231928690773146
"SRR30606517",0.0214650883147169,-0.037599420900737,-0.0418426064727691,-0.00866305240332626,0.0372378075064162,0.0546987624735256,-0.00654538757829065,-0.023431175629852,-0.0265677602960937,-0.0132094458383304,-0.0635679246825558,-0.0639254968623005,-0.105346120689649,-0.0276038712948713,-0.0410217960207009,-0.00231468548332706,-0.0145184867964147,-0.0200758221517002,-0.0389777764387984,-0.00136153341700522
"SRR30606518",0.0445788276929856,0.00829359072457251,-0.0509235686151672,0.0151227053072113,0.0566038361675714,0.0201626840278917,-0.0349269925975597,-0.0221395159177292,-0.0248362459561139,-0.0146078497302646,-0.0574804411415017,-0.0491588026178175,-0.0857036776882844,-0.0290036173121664,-0.0248644481821121,-0.00930999877774855,-0.0130957367594087,-0.0251032973507593,-0.0545377773636619,-0.0257317513373168
"SRR30606519",0.0432770384497762,0.00422380498083207,-0.0476611356073468,0.0132991855593055,0.0592384482412879,0.0235878937638498,-0.0342811728721979,-0.0250242451642052,-0.0248468832902609,-0.0141201717514291,-0.0527194990415398,-0.0438992882582217,-0.0767967298405615,-0.0368830967409893,-0.0333481352141953,-0.00656792914846616,-0.0140220011431629,-0.0229027033973168,-0.0516665166543694,-0.0142655072560697
"SRR30606520",0.0259994193674968,-0.0274354147277026,-0.0436666583707213,0.0107450818390993,0.051907564710649,0.0470850112587659,-0.0166325383679322,-0.0260111359283929,-0.026088336441142,-0.0124274784757668,-0.0666592840230907,-0.0626529713070152,-0.103987499257038,-0.0275480091502994,-0.0353550778294175,-0.0103770598948148,-0.0141803294641604,-0.0226560595505711,-0.0428710905390647,-0.0087999162690368
"SRR30606521",0.0532025310108981,0.0793743139023005,-0.0183692614490839,0.0162364830789441,0.097736364359223,-0.0539532453849721,-0.0677007593997773,-0.0131430267794675,-0.0123898289646338,-0.00788898887421533,0.169506943143944,0.037179388414048,0.0911938568139584,-0.0683511759290003,-0.0465407286479681,-0.0124489361527058,-0.00789777177884643,-0.00535189048898347,-0.0537027566505491,-0.0362770003518136
"SRR30606522",0.0209204694336059,0.0485628024342128,-0.0148188991394274,0.0484841683680816,0.132265366723354,-0.0192446929159446,-0.0367333939576585,-0.0100070154351057,-0.0159885558358978,-0.0107189638018746,0.13579201824958,0.0159432074990623,0.0446784879218047,-0.0873301282453164,-0.037298881991494,-0.00829041358040924,-0.00936109256561224,-0.0108507099576679,-0.0506094467007464,-0.0323697366927252
"SRR30606523",0.0210274712654057,-0.0389540377279074,-0.0407660421137113,-0.0106351666364023,0.0493358800175197,0.0535444934836883,-0.00784615459142739,-0.0278882056109905,-0.0246999197166368,-0.0148443073976959,-0.0588560926608868,-0.0726297052034583,-0.102430488669074,-0.0353014145715471,-0.0433781951362667,-0.00762055730461006,-0.0113162535997221,-0.0190859578811818,-0.0385098941262941,-0.00531105568943966
"SRR30606524",0.018158114209542,0.037906396632877,-0.0191704022848096,0.0563459931374658,0.129233173329415,-0.00476236900739637,-0.0277811675234018,-0.0212981962732897,-0.0180812994440085,-0.00797305417268869,0.0610785716169411,-0.0155085810063669,0.00749712829198693,-0.0750763604308517,-0.0268804361388871,-0.00472877067028086,-0.0117296579576703,-0.0117851125334114,-0.0384465966417789,-0.0286638993389114
"SRR30606525",0.00396696173049856,-0.0591797438191374,-0.0304780499975124,0.0284280796479008,0.0780009661504358,0.0645174526393123,0.00644902691432785,-0.0343297940292509,-0.0254948195071571,-0.015666318746336,-0.0762647413462284,-0.0902807660487076,-0.122224381747182,-0.0329038454676446,-0.0322095762035901,-0.000709854519246584,-0.0125796360708799,-0.0207291396682474,-0.0288239822248689,-0.00773960349116695
"SRR30606526",0.0128996289282794,-0.01610441239304,-0.0301232119206587,0.0380263959127341,0.112179000071174,0.0392941765554011,-0.00663494804556185,-0.0295760886082735,-0.0213207543670288,-0.00104856390494628,-0.0424119964125023,-0.0557275620960959,-0.0814761598041823,-0.0720390253123397,-0.0426648501652826,0.00358774633528606,-0.010682985175714,-0.0169304167990042,-0.0284130201215433,-0.0171366421736348
"SRR30606527",-0.0200161973058118,-0.066278261221124,-0.0187722781303833,0.063939646581077,0.094323254377747,0.0721140323618744,0.0217045281534976,-0.0339716311915588,-0.0224380154568917,-0.0151735568159932,-0.0647209635084218,-0.101772647074276,-0.121323325027487,-0.00792195126642515,-0.00308771291514021,-0.00795025300867148,-0.012259660831885,-0.0224563149369021,-0.0174176855156052,-0.00303021488338016
"SRR30606528",-0.0298713265784661,-0.0976141634571902,-0.0112938799615647,0.0523834398752894,0.106847043048357,0.0816872531589052,0.0350987202480939,-0.0354581276078655,-0.0201424452083752,-0.0112804325797516,-0.078825271568666,-0.0984714295841782,-0.125846044444217,-0.0214780964276766,-0.0284231005435876,-0.00573861984239068,-0.0109514811924064,-0.0198537714253759,-0.0108284631198518,0.00866127781527616
"SRR30606529",-0.00881508932412904,-0.0217608223193127,-0.0124149603168885,0.0718919104277341,0.13113351998945,0.0377419005358784,0.00555595225365611,-0.0294133373522705,-0.0204019912102398,-0.00842956252405401,0.0331251729699856,-0.0573283416273397,-0.047101754963385,-0.0331258334975223,-0.0242219896584008,-0.0118304328934866,-0.0112180296677423,-0.017758363014192,-0.0212734145394912,-0.00565083365618508
"SRR30606530",-0.00995084873768247,0.0266363654916188,-0.0256573855988691,0.020892901768143,0.0882174032121765,0.0269256543592186,0.0288526077088697,0.0167337117645129,-0.021743229491514,-0.0161082537393327,0.00117949895640338,0.0329406840122597,0.00471038735218484,-0.0631377781982656,-0.0383131976917964,-0.0146412386541341,-0.00943107326684385,-0.0240600574935228,-0.0193743848630927,0.00994685440464275
"SRR30606531",-0.0434167525691253,-0.0596564401841565,-0.0202036807726277,0.0330071116578875,0.0849840523849155,0.0805776478714521,0.0692584022422298,0.00938419975514059,-0.0238108368856601,-0.0116547186528651,-0.0700629938121538,-0.0319991468572886,-0.0827331718021044,-0.0224818425396061,-0.0297015277990344,-0.00346670259654823,-0.0109067116969859,-0.0248218946222741,-0.00131242184413928,0.0286831871762913
"SRR30606532",0.0993882346991512,0.0951841338325264,-0.0628380305997638,-0.0588611224069491,0.0248408442284354,-0.0401412815719942,-0.0891738817266825,-0.0196671215984468,-0.0231976245859665,-0.00902600175843219,-0.00746906916263888,0.000770452799600065,-0.00881280720973254,-0.0539167512880655,-0.0220964463335993,-0.0107949517997643,-0.0136066933873708,-0.0183223946888003,-0.0594935812269844,-0.0324794400478577
"SRR30606533",0.0899734621556065,0.074085117817539,-0.0548315795629234,-0.0269876323433141,0.0360068593163304,-0.0410030528188306,-0.0871802811245643,-0.020197313102549,-0.0241808873697251,-0.0134288148410605,0.00361452268934038,0.000614793855699718,-0.00741124614702484,-0.0558121099605647,-0.0218014605510978,-0.00977535178678412,-0.0163558268670287,-0.0174936561993896,-0.0573386855895103,-0.0292618535021486
"SRR18568313",-0.0266135610658047,0.0206191826325528,0.0155804232074199,-0.00540018098853708,-0.0468402555080504,-0.0170921299884592,0.0360136137808691,0.0584225116322346,0.0827259015897187,0.11010791979025,0.033793750983626,0.0420450844567708,-0.0374342408075926,0.0392667357758618,0.036609571298808,0.000304553848037978,0.000761742532403446,-0.00956476454718459,-0.0363020177983405,-0.0646136302761245
"SRR18568314",-0.0173340538910137,0.0317542814046901,0.011887470525646,-0.00264162407945025,-0.0566373655163215,-0.0211257896681998,0.0278679687880324,0.0534181871800047,0.0739235150587927,0.0379320376059365,0.0342643549836519,0.037547310919602,-0.0373837048534044,0.0517353111089938,0.0468025271871873,0.00149414853801204,-0.00325019585125671,-0.0142844978957074,-0.0410263978145874,-0.0735240428237141
"SRR18568315",-0.00980698567608438,0.0403233789682579,0.0138919351325252,-0.0150008493369168,-0.0512266929834174,-0.0383967626033757,0.0174469966099886,0.0612317679601767,0.0720127313766826,0.101241307647258,0.0465383006428212,0.0598029780477057,-0.0148768496279052,0.0355210780837094,0.0371179997589067,-0.00193014213859843,-0.00747980513927209,-0.0129030221672868,-0.0535873154893726,-0.079256853592821
"SRR18568316",-0.0233938880058012,0.074920499439562,0.0323452280211567,-0.010232923912125,0.0135772073727739,-0.0695055524140885,0.0154573951536679,0.0626207603041456,0.161139963933591,0.249715372046582,0.0939870876144773,0.104701707999644,0.0550935277813642,-0.0727916683561522,0.037452675764947,0.00594822755373995,0.000314698006241681,-0.001503298142187,-0.0567452075989226,-0.109000667036486
"SRR18568317",-0.0179676536808548,0.087291524501856,0.0292525633782135,-0.00348891345926147,0.0327779332349179,-0.0747964780193334,0.00930491311756147,0.0591597063242816,0.254542153912314,0.148356885436961,0.10789880050775,0.105229917768137,0.0566173128243095,-0.0867614505563294,0.042407350878083,0.00287701590712086,-0.00099226427612948,-0.00589945153022814,-0.0571919668661774,-0.110734594677098
"SRR18568318",-0.00658716882917741,0.119386573126728,0.0191337664109238,0.0143282915886286,0.0729410968312975,-0.0913810356714068,-0.00379687440139144,0.0449138638987162,0.33793720647064,-0.00728248841789067,0.121466950032647,0.110539975394189,0.0620533425662714,-0.121154544788229,0.0499611986287151,-0.0022548611110757,-0.00722500243977472,-0.016877812844101,-0.0591409497131057,-0.125424350125118
"SRR18568319",-0.0209119983445163,0.125557451125152,0.0484383698542089,0.0412833479057445,0.0804788347521033,-0.108412520761056,-0.0196034980345082,0.0159364196832448,0.21199652471558,0.0235326771122534,0.137871716957315,0.101787114034145,0.102318966780089,-0.0630164527416861,0.0725305495246771,0.00317452074287216,5.65070493886098e-05,-0.00835348285567285,-0.0584001166025292,-0.1356922762
"SRR18568320",-0.0259372636987863,0.110010309882315,0.04718702630616,0.00278787553648784,0.0517190772253304,-0.0974452868238542,-0.00520982327663186,0.0294671335155549,0.169155115036996,0.0358155237199971,0.126337522121508,0.110150495512671,0.0909832940598036,-0.085725085791714,0.0570754249897002,0.00342782824478121,-0.00213359880056639,-0.00960740310346876,-0.0573813558972606,-0.13062715992677
"SRR18568321",-0.014570471967703,0.129795489602914,0.0439747290709242,0.0352841313415467,0.0517486104500728,-0.113334535911827,-0.0242686639851001,0.0137251705587062,0.330906202068154,0.00539679130009713,0.14727027715394,0.0981441846270523,0.110713101476182,-0.00297777520369557,0.0768117788661719,0.00473595771320384,0.00281751274702551,-0.00336888226891973,-0.0636305295715294,-0.140131730485418
"SRR18568322",-0.0736713075588026,-0.0335221620926001,0.0352409324773128,-0.0437965879734381,-0.0680997008346768,0.0277301611524122,0.079601129461924,0.0505502330482001,0.0420736508406206,0.0828575407962339,0.0157157471420217,0.0111820327599094,-0.0338893642405513,0.0723745211336318,0.0463965092846688,0.00920254589449252,0.00189077859631318,-0.00532871999687707,0.0139745713422349,-0.0255418902007393
"SRR18568323",-0.0550349601947584,-0.008100722412403,0.0263758191132721,-0.0354338656324577,-0.0563235150851248,0.0117933396082376,0.0606777017273832,0.0495169179305907,0.0338328635672204,0.0404538273823818,0.0273733284578301,0.0241185842752794,-0.0179727108635669,0.0606043221416997,0.0458903939519827,0.0084179553888557,-0.00218024139297197,-0.00819732620344501,-0.00383005755362843,-0.0390292677712329
"SRR18568324",-0.059123073250712,-0.0131062162319369,0.0361804715689368,-0.0165316158478214,-0.0224819649546203,0.00969334098146492,0.0609129500651674,0.0497997941261894,0.0446822728601183,0.0499641814530684,0.0371401120161989,0.026077773522651,-0.010944696884076,0.0200035668766319,0.0306287318238521,0.00607492949473478,-0.00551464031147201,-0.010832281288811,-0.0135567023492985,-0.0472218917689702
"SRR18568325",-0.0578839307550476,0.0184196898015195,0.0316435489369931,-0.0226526710817111,-0.00574897260353406,-0.008125720998652,0.0580567917969588,0.0511484819205776,0.123389959974021,0.0306214504389667,0.054140024410024,0.0440473215248369,0.00715076756825395,-0.0495906686780953,0.0546106079139974,0.00519424403801999,-0.00403367676216618,-0.0149874193976947,0.00887970014855407,-0.0499324018874713
"SRR18568326",-0.0594923066174715,0.018240409906673,0.0351421961442947,-0.0178122854010584,-0.00829682934684702,-0.0097606065707631,0.0575941346932664,0.0466898107381125,0.0671557269651342,0.0209512340778434,0.054208319659879,0.045638792184017,0.0127525762834057,-0.0347755638557447,0.0519602499058299,0.00289964616749972,-0.00434879537274096,-0.0160235228264553,0.00812744482778366,-0.0463335255948929
"SRR18568327",-0.0535250583009773,0.0212773017893719,0.0259373183931863,-0.0373141759846955,-0.0236108999810191,-0.0127081831750622,0.061684707130978,0.0530530376793652,0.197028995836255,0.00776739949060244,0.0579085705851786,0.0502203377612811,-0.00525846462919652,-0.0763749825998146,0.0629860490205386,1.79152814606731e-06,-0.00673764844163561,-0.0124569206463903,0.0101159436283475,-0.0640572748127866
"SRR18568328",-0.0206210792115653,0.123713592577593,0.0436302850810741,0.0504495566410416,0.101058300806412,-0.100382145386932,-0.0114640719396339,0.0189942298410614,0.279106828201088,0.235933099439456,0.15395064384707,0.0973435730796106,0.101014767695487,-0.0844490721103483,0.051716063093379,-0.0043746463291307,0.00571374882398048,0.00229205065643763,-0.054499590343348,-0.124013812402842
"SRR18568329",-0.0262491766679169,0.105397354812761,0.042473028521989,-0.00203787865694748,0.0791917203196054,-0.0776947673012917,0.00961089242112605,0.036768588312451,0.305063261301581,0.638389061586058,0.158893275068581,0.107667543891034,0.085094565554629,-0.12000309091116,0.0343429420579496,0.0249978162405766,0.0222231812651876,0.02722939469838,-0.0385137013891797,-0.110010466666474
"SRR18568330",-0.0231722239000271,0.115735338656111,0.0437602176494988,0.0289803027314005,0.0977292809405641,-0.0906810602378157,-0.00301232914085623,0.0259494031743511,0.301136180037913,0.493670635284885,0.151541740984028,0.102214135137353,0.0950795918387305,-0.0902831256644425,0.0463309984725051,0.0140741567866339,0.018154154730374,0.0218946517451982,-0.0487310050866086,-0.119379660026957
"SRR24107301",-0.0674508186194563,-0.0442334179574536,0.0974293431078146,0.0724607847282728,0.0710941931632158,-0.0720366440605298,-0.00107179655718285,-0.052666156429077,0.0347098394045125,-0.00837649885755818,-0.0449533755091649,-0.0204449433250569,0.0243799425439248,0.0582775131668015,0.0297311566353103,0.000322142786260989,-0.00588782238759381,-0.0131370002515668,0.0409759252426471,-0.051864894990107
"SRR24107302",-0.0689517155032575,-0.046849851333137,0.0981313210702591,0.0712546436530624,0.060807925993133,-0.0720268376107528,0.000254450292083271,-0.0539114056131066,0.0321619554198919,-0.00978417255150352,-0.0473097451999801,-0.0153949590572587,0.0256801478959941,0.0623729739802759,0.0316280702749327,0.00667031452013415,-0.00420449482564867,-0.0122718768263165,0.0415011073282734,-0.047646684173227
"SRR24107303",-0.072295199424771,-0.0395400817750257,0.102564994759575,0.0970372767832343,0.0948334209589358,-0.0768414518510391,0.000176951072091899,-0.0559060909955926,0.0287248911072003,-0.0161069889749583,-0.0440677273541081,-0.0106411236907102,0.0353662561222963,0.00705464625351721,0.0273772925254127,-0.00660461674531239,-0.0069562493007157,-0.0147755450000271,0.0627563362480445,-0.0407827590447822
"SRR24107304",-0.0736426285702292,-0.0477198420787074,0.103806797787823,0.0875321180638445,0.0881868656218977,-0.0715859056309704,0.000993492779401198,-0.0586365388670768,0.0307845491724521,-0.0161991187301965,-0.0374591597511893,-0.0138370399447342,0.0307845680613443,0.0397311021777718,0.0320795996242284,0.00857766583177117,1.79452154188227e-05,-0.0129259625433733,0.0674928227693307,-0.0359666722690297
"SRR24107305",-0.0679684354805387,-0.0320415467798864,0.106054241282148,0.072906506687383,0.082547120669739,-0.0802158824541647,0.00119499984509825,-0.043079225231735,-0.00307858240818481,-0.0134211487915436,-0.0306755636762888,0.0332910204594971,0.0688097187770933,0.0337932294527135,0.0165025514966544,0.0210251785103415,-0.00352011567574624,-0.0118370932588932,0.0491356910572535,-0.0447228067580453
"SRR24107306",-0.0675236639981965,-0.0323636369002532,0.105339845723643,0.073069133937837,0.0827393587298603,-0.0788546427637901,0.00151678888639331,-0.0428037208230904,-0.00317255337606899,-0.0115746155842597,-0.0366613293568252,0.0340356754496535,0.0689641939161419,0.0265158069789443,0.0122046502420722,0.0205675728481829,-0.00502602130834879,-0.0115062069107608,0.0496760154232648,-0.0452837226001512
