"","MEblack","MEblue","MEbrown","MEcyan","MEdarkgreen","MEdarkgrey","MEdarkmagenta","MEdarkolivegreen","MEdarkorange","MEdarkred","MEdarkturquoise","MEgreen","MEgreenyellow","MEgrey60","MElightcyan","MElightgreen","MElightyellow","MEmagenta","MEmidnightblue","MEorange","MEpaleturquoise","MEpink","MEpurple","MEred","MEroyalblue","MEsaddlebrown","MEsalmon","MEsienna3","MEskyblue","MEskyblue3","MEsteelblue","MEtan","MEturquoise","MEviolet","MEwhite","MEyellow","MEyellowgreen"
"ERR7738945",0.0778473943006474,-0.0347301482699392,0.0181962566511148,0.0634571631701038,0.00861088755046113,-0.0466102043592338,-0.0101264320411163,-0.00318180875067273,0.00545336620992995,0.0400314126934351,0.0252460444699103,-0.0113357625622617,0.0636465834794181,0.112341223537711,0.0445205723779381,0.0519865148261828,0.00303383913233874,0.0159017902083175,0.0561452594921069,-0.00930605027751985,0.00908578149701981,0.0142363804206639,-0.0181945877336463,-0.0531388016075071,0.0955402122940633,-0.00522758308518209,0.0602376577210638,-0.00765159177765226,0.0707820386858858,-0.0158092624442211,0.0470925630757855,-0.00937615656775309,0.00575493899782221,-0.0494388760511103,-0.10949599047148,-0.00433337033427771,0.000848449324126611
"ERR7738946",0.0777276835205396,-0.0350138078035054,0.0179224110532903,0.0630180073651797,0.00819495171302581,-0.0472187355065571,-0.0140002727575521,-0.00333432150651901,0.0042401431495132,0.0410387966803191,0.0258781188212134,-0.0108915286981686,0.0628488168942916,0.11202187246576,0.0421748629119614,0.0500172532266637,0.00327532383816437,0.0173934449860605,0.0562501636890472,-0.0122284298265707,0.00846011948390747,0.0139668429512045,-0.0186422668733234,-0.0532726342453581,0.0944570086334523,-0.00792469629078323,0.0595463282598153,-0.0081076146977223,0.0697127426678893,-0.0124835265712073,0.0465093580875686,-0.0115096991684868,0.00528461784849987,-0.0505099160514545,-0.10865180980425,-0.00590290948817401,-0.000225450555820032
"ERR7738947",0.0691653872053417,-0.036451198994629,0.0129723362909504,0.0448431440883867,-0.0288103408661692,-0.0259473509394214,-0.0147365948526125,0.0169165837780213,-0.0398201749838264,0.0246143498230931,0.0332108786104421,0.00259022548999677,0.0544791254731918,0.103046148940606,-0.0114931500483758,0.050843577202588,0.0249717574180248,0.0369823137967442,0.0404940261390188,-0.198350415626756,0.020415510736535,0.0164850879416821,0.022779520341866,-0.0410210514296245,0.0688271265070606,-0.00913759038892895,0.0513556215919087,-0.0113211083312534,0.0479671308300209,-0.0173801589728884,0.0240637659815926,-0.0064116492516017,-0.00897030884719929,-0.0357764865312055,-0.0935905018483166,-0.00209914498620578,0.0283280383592837
"ERR7738939",0.00104536961540286,-0.0292724658897147,0.00932144249959379,-0.0179799400658308,-0.0457669673948221,0.051398154463055,-0.0180342909958984,0.021685498495035,-0.0260252843994715,0.0376255669926295,0.004191393001565,0.0297256333569171,-0.0181948164946622,0.0890016027172261,-0.0411668300831597,0.00518932402178545,0.0186255410653258,0.0379802707123664,0.0473507669305049,-0.0571964135197125,0.0751261297461838,0.0025180449951971,-0.0169643370020999,0.0191822101008321,0.0387469920101121,-0.0120701660684269,0.0252437358607852,-0.0164915625210657,0.0565106828049543,-0.0152733217918301,0.0240380684935749,-0.00951793789979247,-0.0354801025571516,0.0438556520478443,0.0309883573730672,-0.0111912189453702,0.0497193281242031
"ERR7738940",0.00327561688762641,-0.0310322529248289,0.00992577208952153,-0.0141915723370261,-0.0487097385538767,0.053191912820349,-0.0157279462614085,0.0220737526307406,-0.0246701194462974,0.0353232894979856,-0.00184079896278565,0.0282949344751349,-0.0163178246114937,0.0893714507559297,-0.0437611564975388,0.00527060787319268,0.0200950799926143,0.0384857096604064,0.0491577462780574,-0.0606015232197505,0.0706571627694477,0.00843834417740754,0.00323000631212914,0.0202568554925559,0.039056394145595,-0.0106873773433928,0.0268744103419137,-0.0154288570818672,0.0603811892417718,-0.0109914979569266,0.0243022548743707,-0.0115500745379687,-0.035847424522521,0.050105506104087,0.0298056756534657,-0.0108072659236095,0.0500203065582063
"ERR7738941",7.31190875194162e-05,-0.0329322741019842,0.019712452164591,-0.0209802900893976,-0.0483215895962721,0.0668035814390877,-0.0191912546216409,0.0188472094058945,-0.0236907271736516,0.0685012038940671,0.0029961498044377,0.0271187498058217,-0.026011593774582,0.0865514937648212,-0.0403643078506916,0.00875302739740723,0.0188200028722946,0.0439430959326389,0.0409504938833534,-0.0567431311144244,0.0927381522096821,0.00784609429859531,-0.0037839863697125,0.019456892862932,0.0348027563487212,-0.0153270146187189,0.0264576107349542,-0.0179734908464999,0.0556460081092126,-0.0126555260629977,0.0231074626512454,-0.0119629201943068,-0.0411056127491653,0.0537649418284892,0.0332136049342929,-0.0152891113720611,0.0307767872666116
"SRR8689382",0.0542766064679004,-0.0511772217537681,-0.0126508426464649,0.0234221327214724,-0.0671313902299716,-0.0177954082092851,-0.0253235921711737,-0.128315110694165,-0.0538738689247266,-0.00963151396463858,0.0739324391567489,0.0376276086732477,0.0229844917962686,-0.00756530896250828,-0.108595492822205,0.0396742016078029,-0.00115956932366986,0.0540268268575448,-0.0251085651819669,-0.0232177119122597,0.0374209020676208,-0.0213274686699066,-0.133525950854527,-0.0953747212027977,0.01125425880401,-0.0217089332174807,0.0619291815217015,-0.0189081559384967,0.0160941930228587,-0.0173801589728884,-0.0389436753339334,-0.0141750859963487,-0.0418275037160085,-0.0462898784130422,-0.0867393050003295,-0.0216926611024641,-0.0705687388881794
"SRR8689383",0.0531985954651146,-0.0515311754674718,-0.0135790093859905,0.0216369184625919,-0.0637361299654666,-0.0168063607094847,-0.0213177328281798,-0.123863993021257,-0.0525456675550014,-0.00992931904453208,0.0704366889259142,0.0384061617519681,0.018093105667059,-0.00928074847523886,-0.105525534168956,0.0370499662810443,-0.00251692964582484,0.0514374749477695,-0.0244604513954485,0.000437781165040604,0.0353421684545924,-0.0217540700745054,-0.138879312939047,-0.0936224008959494,0.00978424561040864,-0.0179659942410957,0.0610022612524639,-0.0186478775557604,0.0200428897531439,-0.0173801589728884,-0.0385983064521519,-0.015832363792285,-0.0423306797409949,-0.0459543000382318,-0.0851847149830531,-0.0223150292576378,-0.073283590658847
"SRR8689384",0.0541161871942557,-0.0517616969168626,-0.0115222039681208,0.0223727646737119,-0.0637054108594492,-0.0166653922746149,-0.0195653900465489,-0.128949122093437,-0.0459333970113878,-0.00861640883705148,0.0679700837431264,0.0368537135328881,0.0186003209664795,-0.0113869056709847,-0.102451377328492,0.0374404132344216,-0.000888789096126638,0.0492481045293438,-0.0248891170904214,0.0265967739595098,0.0361060007305574,-0.0244846538028403,-0.153795108258516,-0.0929737417676595,0.0122083424557128,-0.020596863307956,0.063803203633581,-0.0203100165469963,0.0235420704256221,-0.0123245851724454,-0.0375524505228067,-0.0131166724241837,-0.041196326138649,-0.0481781671267087,-0.0868175142382611,-0.0212917230078751,-0.0697218171711307
"SRR8689389",0.117352428192616,-0.0575739710982618,0.00591751743035889,0.0833705077255345,-0.0567007129964102,-0.067897533054252,-0.0271795469952289,-0.141489488358143,-0.0568299325007799,-0.00281601924785401,0.115202464971263,0.00373603270763554,0.100303653268047,0.00902349831128617,-0.0938922465376593,0.0855740965460568,0.00298135108441103,0.0572622480071778,-0.0319202919556622,-0.0832839565162045,-0.000319841202852325,-0.0211889265158551,-0.0947207260773101,-0.145325975991234,0.0521125316212252,-0.0172782352079387,0.0827450734975667,-0.0163961631033189,0.0300450735363834,-0.0173801589728885,-0.015600279280667,-0.0142087485218871,-0.0242225837702366,-0.107655471354303,-0.188883159478169,-0.0135815451348967,-0.0898056762778734
"SRR8689390",0.114591097801345,-0.0577605508885667,0.00507250007671422,0.0808916378422613,-0.0508402457337189,-0.0751169210984386,-0.023453577903645,-0.143813896895955,-0.0468686891287013,-0.000123440574883937,0.103649968178761,0.00352841743246347,0.092757584003143,0.00365548502288308,-0.0868197751580698,0.0820189310553818,-0.000353044765052488,0.051689078600356,-0.0315308146270001,-0.0398200751316046,0.00447767094087245,-0.0154313905038568,-0.121340309687285,-0.141991454533817,0.0556289166401518,-0.0186640500675811,0.0867107090929756,-0.0212219225848858,0.0329523763759103,-0.0173801589728885,-0.0146370610489372,-0.0125440533267512,-0.0234528535789553,-0.106916940318952,-0.183691506733357,-0.0152340089868931,-0.0936257409379443
"SRR8689394",0.1075922622429,-0.0596744289170283,-1.57121807841266e-05,0.0759463471551538,-0.0739678895457606,-0.0609219741050114,-0.0268225870527246,-0.169833316258403,-0.0633950546082159,-0.018756664839224,0.108282553397698,0.0130969891720177,0.0877445712373818,0.00337871758365929,-0.120893510459086,0.0774102196910715,0.0125751510590912,0.0620516753380012,-0.0346962135127837,-0.0939474313786268,0.0019252645520724,-0.0230497537544066,-0.11184952397173,-0.143871286019445,0.0418146715118206,-0.0176267805379664,0.0835116917159112,-0.0177285872375384,0.0215370547106687,-0.0173801589728884,-0.0178038891074319,-0.0123301603064779,-0.0354599806721127,-0.0965323197131997,-0.181460792939311,-0.0145103553511398,-0.0892350431224458
"SRR8689395",0.101853700828648,-0.0608326541000645,-0.00344081519973336,0.0717434560878922,-0.0598659595659694,-0.064544781594316,-0.0281643677134276,-0.176143002839367,-0.0388531993506656,-0.014763658819171,0.0935793217848582,0.0145429093106384,0.0776450786101107,-0.00455799972135426,-0.109911542922435,0.0706378164663974,0.00545361942671052,0.0538571450019379,-0.0353275513195458,0.0185022397820446,0.00882860205842714,-0.022276847488177,-0.15665519057472,-0.13927172389541,0.0426506030102454,-0.0231138468361893,0.086238993953828,-0.019220272316519,0.0257250849155777,-0.0173801589728884,-0.0205534493424785,-0.0141532607884132,-0.0343484092684632,-0.0907153596545478,-0.175089730054686,-0.0181619660976198,-0.0943879659853673
"SRR8689396",0.102239028590619,-0.060286726906404,-0.00325714949087931,0.0708831377943641,-0.0631727926389569,-0.0637362076357637,-0.0291045671524939,-0.168398961378038,-0.0376756605568025,-0.0150742450895884,0.090393893118608,0.0140330284100959,0.0764668019181229,-0.00517956927420285,-0.111763621055117,0.0713678039479329,0.00738740388800506,0.0536774646010205,-0.0363648693002972,0.0304182547601198,0.00531053921865096,-0.0193465673994878,-0.167381911772298,-0.137034917615941,0.0425433886168574,-0.0183214102692115,0.0886517858313129,-0.0210980987135016,0.0279246430153257,-0.0173801589728884,-0.0195410493354224,-0.0126819957554135,-0.0336530662730111,-0.091833128116875,-0.177941683411679,-0.016249659801908,-0.0887292770356035
"SRR8689400",-0.0290434263105614,-0.0348610258703063,-0.0362116736086417,-0.0694328126623453,-0.0621477011088402,0.0352822066723727,-0.0179685102110897,-0.0651723506096813,-0.0449453158989239,-0.0153145060864366,0.031354075874799,0.0747920777152606,-0.0648490479067537,-0.0486254233648367,-0.116713933792748,-0.0241339977419352,-0.00773855845005192,0.0349500226934399,-0.0251727375258844,-0.0403007241296195,0.0689403102151867,-0.015203369347561,-0.127656438507192,-0.030332861784581,-0.0635224242099818,-0.0142130717401729,0.0105555822680638,-0.0242669260178236,-0.0251463034728873,-0.0173801589728884,-0.0575204721307856,-0.014312615999773,-0.0623053368174382,0.0390282093318284,0.0225387146453768,-0.0171677370773077,-0.0296912948752047
"SRR8689402",-0.0324566595599221,-0.0357170243903513,-0.0371325461659936,-0.0680113942030983,-0.0647751708651118,0.0371983888328553,-0.0211317134878133,-0.0643531084925397,-0.0433422079082342,-0.0121480373993749,0.0267364853237924,0.0758606032007862,-0.0663093477161689,-0.0482583164198038,-0.113928374501019,-0.0266531026088415,-0.00737986692823072,0.0341698893087928,-0.0260048983301531,-0.0367915729880577,0.0687088856221335,-0.0171761539834341,-0.134716593008893,-0.0292770105836168,-0.0608126456296014,-0.0119469053916197,0.0104250569544705,-0.0210302155658622,-0.020734537653485,-0.0102553413887221,-0.0583942546569876,-0.0146969541735431,-0.0629263381235097,0.038150101813834,0.021770272219899,-0.0190399458087914,-0.0287420539164196
"SRR8689407",-0.0053219924809444,-0.0466799322188974,-0.0288704510188631,-0.0534477011259582,-0.0891613230209689,0.0154192413392525,-0.0205900191705487,-0.119872111636615,-0.0558786986331405,0.0181146677971534,0.0562355576783019,0.0676486043409578,-0.0445794471044334,0.0168564923227499,-0.15030053737491,0.0036533270957818,0.00191296926700962,0.0647731954693904,7.25881482462728e-05,-0.0270239569059454,0.0803962502544434,-0.00914766057646292,-0.169792590995688,-0.0612732443136529,-0.0214402328136421,-0.0144164211263045,0.0280109590826562,-0.0170137354525179,0.0150284991081288,-0.013516912303172,-0.040627751340498,-0.0124806490712766,-0.0584862193862167,-0.00267814096550635,-0.0256559570428375,-0.0205870034412156,-0.0604989926594592
"SRR8689408",-0.00517153265378313,-0.04623251598266,-0.0279180857247659,-0.0519189058942613,-0.0889620932130007,0.0158859561023487,-0.01563584400395,-0.122746173937261,-0.0564735742659014,0.0151616071026053,0.0544438250636256,0.0674279486377542,-0.041381379712241,0.0166416151374449,-0.147895228845303,0.0054166584458199,0.00276807105180678,0.0662447497948033,0.00192238337859057,-0.0492102312456974,0.0788301608828497,-0.016801503737386,-0.169209330794976,-0.0608915329570414,-0.0226985423364528,-0.0167614651439622,0.0287256678923131,-0.0161195251147087,0.0151803966379065,-0.0125601167222101,-0.0369359874470118,-0.0146724618520104,-0.0581557981031581,0.00288447035842992,-0.0262737859199944,-0.01834897973958,-0.0513976308809906
"SRR8689412",-0.0304544394182077,-0.0424388227578825,-0.0468418597708094,-0.0708333518791828,-0.0497493755635033,0.0152843970946693,-0.0143029795977594,-0.0694833519148404,-0.0388105800012437,-0.01985696163186,0.0150807246677897,0.0869696656121455,-0.0673486955778843,-0.0387365714817815,-0.0991440074246566,-0.0299876801768525,-0.0124051425258494,0.0315539347735698,-0.0257178898738921,-0.0378442774305352,0.0727681930445577,-0.0173493928766624,-0.10170165081906,-0.055833487680098,-0.0662424503209362,-0.0161854273270261,0.00355001485622079,-0.025957239537508,-0.0217906369401151,-0.0073031722271303,-0.0612334918310317,-0.0173136903917099,-0.0724930024970638,0.0471542693382214,-0.00122219313708418,-0.0231123637739127,-0.0543663024402579
"SRR8689414",-0.0288884019566886,-0.0414203898528035,-0.0457581722441259,-0.0715429396433527,-0.0549459691964649,0.0125627802749797,-0.0182499532186041,-0.0742588557573856,-0.0436171939088935,-0.0187027982184625,0.0191476370997512,0.0846834608068686,-0.0670924612286148,-0.0386983980439893,-0.10396730068029,-0.0281101386979891,-0.0111437913674003,0.0321548328931174,-0.0236760749099866,-0.0517959851280728,0.0688643367602227,-0.0162764555409172,-0.0935799110625042,-0.055661999550964,-0.0674291741179982,-0.0196624506998375,0.00135825782908439,-0.0254146234514854,-0.0267017911182569,-0.0173801589728884,-0.0654431345705141,-0.0145860247962138,-0.072642952161814,0.0456629474079191,0.000326657793854247,-0.0200655208320591,-0.0543069166026362
"SRR8689388",0.113609819529767,-0.0577847907080423,0.002356348767777,0.0794486223056828,-0.051775235371618,-0.0763241691785172,-0.0305887235921583,-0.146207759685805,-0.0475704684327046,0.0012586570829759,0.0997099331385187,0.00611465946768532,0.0907106434097797,0.00395691018153724,-0.0825061657555364,0.0828152802505737,-0.005203622385535,0.0504871719465798,-0.031515075189358,-0.0270776493942039,0.00182035255960313,-0.0237245942577175,-0.129807850916267,-0.140364957616271,0.0522944088711702,-0.0214976759419024,0.0859069219096184,-0.0200837422429348,0.0342586362610837,-0.0173801589728884,-0.0130497542914619,-0.0152011493098812,-0.0224980674794606,-0.11248476289735,-0.184158070926771,-0.013485329320612,-0.0930375442458821
"SRR8689401",-0.0287268131779617,-0.0351242498702473,-0.0334649724351147,-0.0694110005057505,-0.0661292137821147,0.0327434784824693,-0.0187655372775894,-0.0739078586149344,-0.0525087459932818,-0.0153223407507612,0.0362934053887677,0.0747719477752006,-0.0597882880387618,-0.0451095731634916,-0.120530364396905,-0.0220544708964523,-0.0065628804775559,0.0376374046289564,-0.0259407012577489,-0.0793383342669322,0.0690859923563833,-0.00955964989299366,-0.117397076111729,-0.0314737483085708,-0.0604690927291828,-0.0145010315193859,0.00906062932481473,-0.0236571962821091,-0.0242430323365234,-0.0120218916847243,-0.0557171126145196,-0.0125398460331755,-0.0639960363251698,0.0399278847263732,0.0217251792584014,-0.0172888602941348,-0.0223509209684612
"SRR8689406",-0.00422045859172691,-0.0456896082563879,-0.0265792437687005,-0.0536767675458928,-0.0900939961141422,0.0153820790764186,-0.0206400951041644,-0.114194305611942,-0.0559531286060635,0.015474204929791,0.0551527570922555,0.0678909226210178,-0.0402526911587295,0.0177472602475923,-0.149396615113589,0.00324753413981804,0.00161163802401602,0.0644072023287323,0.00238466673301933,-0.072468290460278,0.0775329143299625,-0.0159767255458955,-0.163041013456897,-0.0604921569699858,-0.0242223319650396,-0.0181591884996318,0.0256298507825557,-0.0159884667102405,0.0144413290633218,-0.0141259937031359,-0.0374735311617055,-0.0132861644971227,-0.0584091923903694,-0.00112379881544652,-0.0266853801460727,-0.0180517000855239,-0.0502952817316595
"SRR8689413",-0.0283681792708869,-0.0418872489092531,-0.0449983435875782,-0.0709790224443493,-0.0516889421741964,0.0128391965190664,-0.0229128400895725,-0.0727536790709931,-0.0408949658799895,-0.0197902132028378,0.0191804463130907,0.0856639040828286,-0.0652240161983148,-0.0382582381508889,-0.104854700400721,-0.0293458664907235,-0.0108724982538452,0.0322548190401895,-0.0236780439893989,-0.0675764965647815,0.0696699126212177,-0.017012569092056,-0.0930599099231598,-0.0544288414534734,-0.0676209214115078,-0.0149994345157845,0.00309090558251973,-0.022736652713971,-0.0224092079665859,-0.0173801589728884,-0.0606260576588188,-0.0150016764175473,-0.0718085332590547,0.045602315309509,-0.00360280007066827,-0.0193816574139013,-0.0477621091092689
"SRR8800677",-0.0916493491572833,-0.0471951626795598,-0.169072511383532,-0.105296085059996,0.125769907099737,-0.132570287528411,-0.032585592919716,0.00310436832511662,0.128872380885769,-0.120544636760572,-0.167812981634599,0.135775336627995,-0.129675243597442,-0.0903705774926435,0.0652408465778863,-0.144781715706948,-0.0792117292890361,-0.149173818426448,-0.0337287094350542,0.045577557896246,-0.0631308739575572,-0.0151911981339332,0.0133026756951669,-0.0771566352553251,-0.120241695805943,-0.0267924641882876,-0.0503398775652341,-0.0329058820506361,-0.0637079582671984,-0.0173801589728884,-0.0895036591297018,-0.0196358917068613,-0.0905218530682016,0.12134099767088,-0.0147755795456632,-0.0332962335254425,-0.0633757674508923
"SRR8800678",-0.0879567367569216,-0.0471758914243466,-0.166868524590534,-0.104457379703664,0.128929916910839,-0.134528340266801,-0.0243874908162521,-0.00760406506277727,0.135662569387866,-0.122712354592139,-0.160616654217698,0.139919153654064,-0.138735630714365,-0.0951945650699621,0.0625991159533368,-0.148931945757349,-0.0799042003912812,-0.149359206290046,-0.0335036743290154,0.0430925522806526,-0.0580054657376747,-0.0104056399797334,0.0181446418594297,-0.0829820489366804,-0.125089809184689,-0.0252262224359868,-0.0518266049183811,-0.0344842853638527,-0.066924197026257,-0.0173801589728884,-0.0878152206239777,-0.018803479688955,-0.0924946839256009,0.117360741049851,-0.016220317639397,-0.0354193294304902,-0.0674422153544326
"SRR8800679",-0.0865416475281752,-0.0411940860339579,-0.160114224604905,-0.10012251215153,0.119012195979043,-0.133224540024033,-0.0248443721017516,0.00625363929256409,0.127331215246622,-0.121585892581828,-0.155800829468286,0.135166099045546,-0.128248540072344,-0.0877256190727657,0.0657159680255292,-0.142719047459403,-0.0796222113265944,-0.144466387554193,-0.0304331394461338,0.0457660662902262,-0.0616753692286998,-0.00792594668968166,0.0163237692058318,-0.0710435486891809,-0.116420134329196,-0.0218053229828009,-0.0492865695335573,-0.0296724184878525,-0.0604590441342242,-0.0152572635500782,-0.0839934837222113,-0.0171150753688052,-0.0860414770723494,0.121030791394428,-0.00982828923098,-0.0306470819832151,-0.0503940187564103
"SRR8800680",-0.0859606865106114,-0.0413823559806304,-0.161704703434065,-0.102325687175131,0.124167100313504,-0.131105557312527,-0.027465155611759,-0.000109959141026771,0.126922382246055,-0.118738463789575,-0.158223148029941,0.135287392357878,-0.126981097376353,-0.0851530575689107,0.0653734918712581,-0.141971927622024,-0.0784201925937206,-0.146750756700623,-0.0323907023371551,0.0445580519787347,-0.0626125502110257,-0.00571188463278217,0.0174571379014012,-0.0723779550686809,-0.114846218065437,-0.0207521800029329,-0.0509864474116715,-0.0300400450167779,-0.0605716306872972,-0.0125510902944264,-0.0916695541098397,-0.0181110392261322,-0.0860032968551756,0.117778274358114,-0.011038905635028,-0.030328450129025,-0.0647448117005555
"SRR8800681",-0.0856653468621705,-0.0422127790894422,-0.161126974481818,-0.101610852835718,0.121194116632851,-0.136074999776846,-0.0312340026014882,0.00312476531308989,0.123335862585099,-0.122085255348866,-0.156346540600989,0.135149860247444,-0.130857873613516,-0.0877130854230567,0.0662983581029247,-0.141244578730665,-0.0797482566706852,-0.143195486286588,-0.0327597820562175,0.046075039047623,-0.0584410248124609,-0.00721434785773705,0.0150809879409958,-0.0719328171073989,-0.115816616941642,-0.0249601110427715,-0.0471479409141251,-0.0277967937840678,-0.0623384426259844,-0.0173801589728884,-0.0868128280330091,-0.016239202708414,-0.0860494670008018,0.117745088215007,-0.0113747908557893,-0.0303895447671261,-0.0599148936827913
"SRR8800682",-0.0781237539459622,-0.0455579004108835,-0.152254758112852,-0.0906644827642188,0.11635717242273,-0.12785774508728,-0.0323080632006406,-0.017482892756902,0.121657422186086,-0.110038648816717,-0.154524387619731,0.12718328848916,-0.119226777550951,-0.0745796331092446,0.0654281334888744,-0.130800903300679,-0.0744207260208937,-0.130452960705289,-0.032024195878404,0.0469199370896155,-0.0477243218146794,-0.0164712061148659,0.0108089247243245,-0.0833384177533049,-0.101606917038904,-0.0335048166928056,-0.0407432253398574,-0.0346376649208182,-0.0481573748100383,-0.0173801589728884,-0.0830184637907263,-0.0189609323142995,-0.0844512186328878,0.113653753562175,-0.0164982464033859,-0.033404978293405,-0.06294289865569
"SRR8800683",-0.0751750487107997,-0.0463357047017973,-0.154264590829481,-0.0911470741763443,0.113494256982239,-0.122497714837523,-0.0318222884573297,-0.00931812662257275,0.117036642382305,-0.115164875758807,-0.149723298569752,0.130333976647396,-0.120489238856443,-0.0784453302017678,0.0659152978264144,-0.134283070596649,-0.074141670703288,-0.130919388352863,-0.0362301678433818,0.0334791470401015,-0.0592032412480803,-0.0140288069102835,0.00692801864843117,-0.0863762258535423,-0.106191710404618,-0.0321601185990772,-0.0458931231840856,-0.0337463056929913,-0.046652180824056,-0.0173801589728884,-0.0762833535129648,-0.0192335869531869,-0.0849501681907433,0.102682943214435,-0.0166781661556163,-0.034477438421845,-0.074260709235737
"SRR8800684",-0.0736296732443435,-0.0418206605180856,-0.149904200087811,-0.0901893664949485,0.109106563333422,-0.119646407227687,-0.0320951912192128,-0.0171391213378469,0.111472690052396,-0.110413581394832,-0.138991175012181,0.124866353052982,-0.115353360527826,-0.0698631923648737,0.0652846231985192,-0.127792808870748,-0.0692471825396824,-0.12994964325542,-0.0297400735276731,0.0443241053277851,-0.052625711926456,-0.00652230073573528,0.00996459335229254,-0.0766478543588866,-0.097821895883525,-0.0268974718698318,-0.0416738860666847,-0.030475844536114,-0.0466341777678049,-0.0173801589728884,-0.074571581726896,-0.0175254944287551,-0.0807047917546496,0.101386714651471,-0.015905571959346,-0.0291670741381833,-0.0660821500231577
"SRR8800685",-0.0746306996909398,-0.0440755290260223,-0.149235228231422,-0.0897669280328659,0.108955516202409,-0.123997785944492,-0.0284835055128409,-0.0152111950960452,0.113420016634658,-0.112927065220381,-0.14001448562781,0.124536801780789,-0.113400218667059,-0.0708763762745951,0.067069988087615,-0.127987514702839,-0.0718580238920071,-0.131118701137369,-0.0287442598987176,0.0459033561463901,-0.0555445150376964,-0.00813736721746584,0.00620863826424744,-0.0769186584856764,-0.100232263179063,-0.0240877048211985,-0.0396567253725982,-0.028864815298721,-0.0429219126168215,-0.0173801589728884,-0.0735741834758363,-0.01882629604355,-0.0814995762123162,0.102682580738044,-0.0190527838635068,-0.0301000325964692,-0.0672484543809231
"SRR8800686",-0.0731083885101828,-0.042818676425505,-0.149251321443069,-0.091025158371372,0.111085579432811,-0.115595684716743,-0.0319595800279184,-0.00724560568881981,0.112569241671805,-0.113682555536563,-0.139391481258512,0.124245000404852,-0.113225901131555,-0.0720397059305798,0.0689531961155995,-0.126851723425961,-0.0719972503844058,-0.130318988916156,-0.0293015895721598,0.0440344259594901,-0.054978188857918,-0.0059832745587615,0.00983661689156899,-0.0780142546137862,-0.099535579176387,-0.023816805431805,-0.0406906967952946,-0.0291436421039528,-0.0455262412325697,-0.0173801589728884,-0.0765234265234786,-0.0172305201698346,-0.0811268318044258,0.100827082269695,-0.0210686037199382,-0.0294183577716346,-0.0748552539106713
"SRR8800687",-0.0622501544139972,-0.0493303871708707,-0.146311126776746,-0.0754625768412497,0.103053099393385,-0.132047550161846,-0.0305534596493359,-0.0493318076995281,0.120195906376046,-0.110828260132221,-0.131131297194459,0.123208667642171,-0.102034166151777,-0.0626900713796362,0.0600520630403975,-0.121228550199454,-0.0704560844682884,-0.130561504378158,-0.0248231159630749,0.0405130304173976,-0.0590596352693309,-0.0100205234257853,-0.0161723175338259,-0.0998640987745889,-0.0860019826138019,-0.0302585909818567,-0.0267733549216089,-0.0339261898976878,-0.0443113513176526,-0.0173801589728884,-0.0913015554542803,-0.0193993638905639,-0.0818721306748894,0.0944684355619438,-0.0414257603675408,-0.0344728489887836,-0.071226734762785
"SRR8800688",-0.0670025965372965,-0.0516424850902815,-0.151854283920739,-0.0764538936265524,0.103347148994414,-0.138601294194141,-0.0269376391536704,-0.0682003817611404,0.121066470046588,-0.117732204674187,-0.127848921963505,0.123431059799192,-0.0991524475446678,-0.0654079463993314,0.0612430787635991,-0.120717647983607,-0.0707079962385704,-0.125460937573149,-0.0238889038131793,0.0505380433370034,-0.0570650771705118,-0.0102782558749138,-0.0186007418066615,-0.10338487430018,-0.0891184100184358,-0.0352136117510204,-0.0262318758586425,-0.0359111802439563,-0.0406064640207742,-0.0173801589728884,-0.0768679972028846,-0.0190476045619964,-0.0836145540451447,0.0940637735561333,-0.0350492759517522,-0.0352111763327425,-0.0921552914450568
"SRR8800689",-0.0598160791563945,-0.0455467565349157,-0.144997290212779,-0.072605451211588,0.103747536960419,-0.126054398119106,-0.0280105551136739,-0.0460690587528022,0.109775428818279,-0.104780568634614,-0.124723675257477,0.121555733834899,-0.09892554941739,-0.0597895413520006,0.059586598826308,-0.116036293326208,-0.0660714979770966,-0.120854933105667,-0.0221945111508162,0.0482044275246505,-0.0522113231529266,-0.00570607009239006,-0.0117127904394009,-0.0893406086991454,-0.0819451509361775,-0.0257805350902379,-0.0269917725356968,-0.028727297437634,-0.0360955230255021,-0.0173801589728884,-0.0724157742724252,-0.0183696374169002,-0.0781213788045368,0.0886193122225397,-0.0334083293892432,-0.0298531401595653,-0.0699722154304456
"SRR8800690",-0.0577018738334591,-0.0451632011852237,-0.145930935157504,-0.0727964697547174,0.0998854315210367,-0.12398176981977,-0.0282807198428363,-0.0390237625993063,0.109744079802207,-0.108703856724858,-0.13144604435114,0.120103316296649,-0.0967256593153552,-0.0595694063799002,0.0623249531978217,-0.1136090468644,-0.0657088111745082,-0.121648248769889,-0.0219609778661799,0.0482184480295283,-0.0535016741067245,-0.00684443006833212,-0.0153558741201255,-0.0894239754218229,-0.0828787355046768,-0.0245642049062216,-0.0276043258790699,-0.0314448489616051,-0.0350544604238802,0.00105075349780085,-0.0776535968675995,-0.0169168475533907,-0.0775610464696983,0.0855367116291318,-0.0308689603709744,-0.0291101433655706,-0.0707789645893012
"SRR8800691",-0.0595505435097783,-0.0467187224178477,-0.144501853264417,-0.0731716054822094,0.104225532041876,-0.127001068255398,-0.0335744562202888,-0.0411581310865398,0.11428727103516,-0.104148014794261,-0.132150149821758,0.121482155261441,-0.0970278730456226,-0.0590625105689795,0.0623857994277862,-0.115674088644491,-0.0643596678650086,-0.122213288253763,-0.024377674152024,0.0467652728888333,-0.052278313698927,-0.00346392466893588,-0.0168551076241171,-0.0902350299889043,-0.086132230599665,-0.0300529262781738,-0.028402273766078,-0.0209326326925035,-0.0379640372000282,-0.0173801589728884,-0.074164460034475,-0.015835723892613,-0.0775423674262354,0.0860098151107108,-0.0298657359691504,-0.0292353736607871,-0.0700071807444816
"SRR8800692",-0.0545186124924588,-0.0410120413830214,-0.137660249660561,-0.0732274634801481,0.104349176036282,-0.11693945335698,-0.0232602521974076,-0.0108204613349946,0.101230418999412,-0.102829672542539,-0.132299043124246,0.116610698308378,-0.101421592635863,-0.0571859375430196,0.0661784325101652,-0.11078551471864,-0.0656201718838936,-0.124114865671497,-0.0193021347384272,0.0273015556169195,-0.0573321313706023,0.00384978682282603,0.0198401553686309,-0.0728697487071019,-0.0728476021584216,-0.0179205566258298,-0.0239698143617375,-0.026598706831405,-0.033722252619118,-0.0150921998954864,-0.0674158216800596,-0.0148357496140414,-0.073318582761277,0.0910543653259783,-0.0293444765829205,-0.0248412952429588,-0.0495233877457368
"SRR8800693",-0.027447918009528,-0.0422099751756836,-0.123477060790111,-0.0385819360417974,0.0940562575277566,-0.119633502274922,-0.0289942601208082,-0.0157639655458322,0.100829031107053,-0.0966139364432128,-0.11770212344783,0.0990468038054753,-0.064704077416356,-0.0313172635110708,0.0680761368651992,-0.0897078838418858,-0.0581033790324966,-0.112821113802359,-0.0130239117079568,0.0251460911668819,-0.0634840872915879,0.00426943554737979,0.0337619973246998,-0.0789649160959481,-0.0322553856991966,-0.0200063084898562,-0.00706559699358201,-0.0267253814807062,-0.017546728965814,-0.0159764558534128,-0.0439984600305793,-0.0170460323491904,-0.0646119129722432,0.0698932992866612,-0.0477324533899344,-0.0238605822624663,-0.0573927079323272
"SRR8800694",-0.0275050818597787,-0.0427231147822386,-0.123076335693632,-0.0344398165146411,0.0950453005631146,-0.121695781732041,-0.0254392500994147,-0.0182161825868545,0.102174087109985,-0.09590545040561,-0.119027003711395,0.0984975956340577,-0.0647265992327503,-0.0327653735314594,0.0689169269116943,-0.0884120021040192,-0.057776600199749,-0.112280268795022,-0.014712799615174,0.0244640964119053,-0.059904086185131,0.00460823010061058,0.0339215624212098,-0.0808140997095788,-0.0353313160549808,-0.0208793794862935,-0.00771791548751679,-0.0281326072495591,-0.0167664983555747,-0.00804040144332202,-0.0436277436282206,-0.0171951781318222,-0.0653378593923798,0.0666974649483774,-0.0450380806952951,-0.0247723049534788,-0.0563602584789967
"SRR8800695",-0.0674373082135691,-0.0422791511420176,-0.149462385619611,-0.087436059207621,0.113592937074858,-0.127266833605928,-0.0262556160694734,-0.00493677038533407,0.11102914978799,-0.112229474231404,-0.137991861108282,0.126274958216568,-0.109656737855829,-0.0740631387226212,0.0691843075777261,-0.119356977390114,-0.0736091359733307,-0.131031851410808,-0.0259610087877358,0.0266069021097942,-0.0600598018800906,0.00293062705185846,0.0115501493283877,-0.0787977585961578,-0.0973129059154213,-0.0189655750892255,-0.0350251632668633,-0.0270024699763083,-0.0437772432612843,-0.0173801589728884,-0.0735707636305457,-0.0171704677513463,-0.0780790452072141,0.0933985617362422,-0.0337775906338535,-0.0252261150426866,-0.0623175730688573
"SRR8800696",-0.0667974185938693,-0.0429950011128065,-0.149924990358551,-0.0876344883908439,0.112979120668562,-0.130103587888251,-0.0249228021475779,-0.00619963480941473,0.111488150403455,-0.111351456801073,-0.142025039011245,0.127114925838983,-0.112114265012778,-0.0748671252412926,0.0696169731912208,-0.120240999087808,-0.073186634481704,-0.131542637227769,-0.026097763455651,0.0269856326623777,-0.059669793381151,0.00239091639002325,0.0119810243370897,-0.0794999760380898,-0.0995278569374333,-0.0262354821114953,-0.0343981363975361,-0.0287372385163024,-0.0451051660705878,-0.0173801589728884,-0.0768531481060232,-0.0161984285534526,-0.0795558156138278,0.0932342444828873,-0.0334440463750621,-0.0274619005617399,-0.0693823082799265
"SRR8800697",-0.0801409402121732,-0.0465796906703771,-0.148728068670005,-0.0952902817890246,0.119250018238429,-0.119275325171919,-0.0334938564420569,-0.00746724460115105,0.120901379439939,-0.120664498396647,-0.152795743762745,0.126769987663288,-0.124166400107076,-0.0930706644109205,0.072489461403678,-0.130443280102455,-0.0707181225300712,-0.13585283244409,-0.0401559672083142,0.0441859664196761,-0.0595084657342288,-0.0160407430980352,0.00808644381542796,-0.0800036098130224,-0.107926024182579,-0.0296002705744653,-0.0322979956902483,-0.0352071476471551,-0.0520248393198706,-0.0173801589728884,-0.0956990577415855,-0.0196128605123066,-0.0843727098428768,0.110907231655206,-0.0105057492219502,-0.0354925586726839,-0.0677085452393089
"SRR8800698",-0.0748769695658181,-0.046825685861157,-0.152883312614777,-0.0952086612527286,0.115845748559999,-0.116141948769372,-0.0273848380321762,-0.0121752636141116,0.112025067269745,-0.122218143638056,-0.160057663394724,0.126883116279422,-0.118925301742447,-0.0906145125681553,0.0751320496623626,-0.13092642570839,-0.0734482768620035,-0.13417827119009,-0.0428219972481036,0.0413697669450514,-0.0560247452865375,-0.0120354512264777,0.00356837599409626,-0.0804210061707298,-0.109171824793181,-0.0316399149810294,-0.0329384780638737,-0.0368050636970537,-0.0494568211735467,-0.0109053528240695,-0.0913187227631592,-0.0189764187556863,-0.0847864197394925,0.111805235229216,-0.0116212446026268,-0.0371715381390443,-0.0824210402886158
"SRR8800699",-0.0739172725458978,-0.041962093139729,-0.14343608603783,-0.0900986698921049,0.109660208870329,-0.111567720224511,-0.026267308700306,-0.00194063640727068,0.112368519801813,-0.114357721462132,-0.142464821001622,0.122512837853387,-0.118417591198034,-0.0866060560431799,0.0718651072313246,-0.125264141899318,-0.0708146607942936,-0.130807881259892,-0.0348491103406131,0.0436931811013287,-0.0534294686792254,-0.00656520131303308,0.00628392952110707,-0.0704847206035392,-0.10210904867832,-0.0251002530898976,-0.0326248275473955,-0.0301199899889051,-0.0465363880243058,-0.00818996478137104,-0.087674259359598,-0.0181331651564855,-0.0796847849805854,0.106232013963706,-0.00487103906928893,-0.0315076604251813,-0.0555150638212737
"SRR8800700",-0.0711440498319734,-0.0420453859114945,-0.145629251978553,-0.0887811202042842,0.1132513506781,-0.113273315958895,-0.0301647634807745,-0.0006137928143656,0.111625794493892,-0.113482337205667,-0.146296855622982,0.123980004038823,-0.119101216505725,-0.0887783185225211,0.0734404008047636,-0.125705041052158,-0.0720921117080341,-0.129887548414851,-0.0355589885514366,0.0429788149029728,-0.0538095203551836,-0.00740659521053898,0.00503221370677376,-0.0734689254414484,-0.102005574620816,-0.0225622053195129,-0.0303005889028882,-0.0324900901302241,-0.0456648511992427,-0.0153449832391717,-0.0837583463018249,-0.0174798528394401,-0.0795601597272176,0.101596330199707,0.000906960307624881,-0.0303023593223432,-0.0571184682869308
"SRR8800701",-0.0712138845930843,-0.0413563038980437,-0.144568013455064,-0.0910680046834603,0.10994394158918,-0.110191323464409,-0.0258584821226269,-0.00552676235528022,0.114717160836364,-0.117148032005824,-0.146455291966266,0.123370951282015,-0.118442967645526,-0.088928566151729,0.0739528824063787,-0.128015925077445,-0.0690479050220256,-0.131931637991314,-0.0378104259587712,0.0480652298919207,-0.0539979621535824,-0.00794400145038926,0.00338098514208386,-0.070993322381784,-0.102835549813594,-0.0285511212668882,-0.0302990014446513,-0.0292538931304615,-0.0465876444715679,-0.0127044914127072,-0.0873688124981601,-0.0179969101642658,-0.0798487469148731,0.106501418195033,-0.00515915846809169,-0.0312816938925561,-0.0560653922376203
"SRR8800702",-0.0695625667485934,-0.0431815163297704,-0.140243777149017,-0.0830390731521214,0.112672069805964,-0.105456639855854,-0.0345602260357142,0.00308999252289155,0.108718870739872,-0.113807158806628,-0.14557935991294,0.121056890344219,-0.112943966314943,-0.0912938809985574,0.0745621972324945,-0.12467834282986,-0.0679074956874611,-0.12506726103603,-0.0399382145166781,0.0255503981405651,-0.0553527982112061,-0.00867293076720349,0.00291116719218463,-0.0785717944577773,-0.101897817755188,-0.0335977844796412,-0.0320634737334241,-0.0337942842610712,-0.0477943551493569,-0.00725972983006232,-0.0929461764633084,-0.018880821268315,-0.0813319241948794,0.10131551257291,-0.000811451414530353,-0.0355962768228796,-0.0866363326263115
"SRR8800703",-0.0686339082032281,-0.0458884345817265,-0.14068041954395,-0.0854489108435495,0.108107458620678,-0.115450393673441,-0.0351993303135042,-0.0142114546171186,0.114974608334935,-0.119908018031432,-0.146547680332064,0.119708753419648,-0.117375707267058,-0.0962217577168198,0.0751303100150346,-0.129606423512035,-0.0654223781984372,-0.127836023286359,-0.0417266227913755,0.0417136518337165,-0.0575039969625515,-0.014662680644681,0.00350626490081319,-0.0813361270503467,-0.104328637209392,-0.0348048594144918,-0.031449142924733,-0.0345206325163046,-0.052652156990535,-0.0173801589728884,-0.0907293251988799,-0.0198605492638427,-0.0830671643199791,0.104111377862056,-0.00746432778182284,-0.036149844566563,-0.0768421710569861
"SRR8800704",-0.068106865066505,-0.0408631207392285,-0.13777642654486,-0.0784775744428736,0.105019943369897,-0.0982863305769608,-0.0263405210655647,-0.00260507132944616,0.110618862541082,-0.110601095105263,-0.144526371287692,0.114920506185193,-0.111165538264718,-0.0835554466254233,0.0749298151375795,-0.122051957578235,-0.0671819138786763,-0.121744014385763,-0.036847286316452,0.0370406273140608,-0.0486324994705335,-0.00563364684993448,0.00589716960836474,-0.0711148886601086,-0.0944129177971656,-0.0280119411037477,-0.029837831014132,-0.0320650879180557,-0.0524267046482451,-0.0146239590373024,-0.0873793589933341,-0.0187620187995781,-0.0769254023791254,0.0964290764114491,-0.000722724363805481,-0.0300819935256078,-0.0622423014933711
"SRR8800705",-0.0648316403590647,-0.0403302818043752,-0.13746487479778,-0.079456034704683,0.102499304393898,-0.10282185108813,-0.0318701298250804,0.000922266042362361,0.111062113280861,-0.112238676434588,-0.141651075460156,0.116958957694264,-0.109565836258994,-0.0835959141515991,0.0744453836500258,-0.119711043945885,-0.0638792168176237,-0.120364973353457,-0.0371784121598586,0.0361060299481255,-0.0482282896896092,-0.00614496334822789,0.00574649959054011,-0.0666460079661728,-0.0956247235968562,-0.0268919565035372,-0.0305913334018755,-0.0266278970397348,-0.0462924266002517,-0.0135870302792892,-0.0839183032872034,-0.0178496733826081,-0.0760672540511236,0.0971378721154026,0.00107738511501041,-0.0303550605158949,-0.0643326359639467
"SRR8800706",-0.0684345424425673,-0.0433017954364133,-0.13984018087759,-0.0852834405768466,0.103962133740443,-0.0978766847455947,-0.0249135425062932,0.000209051636213683,0.111701129804648,-0.111713517538085,-0.144161250296934,0.117099624392702,-0.113209157190168,-0.0854284515206501,0.0749331414461328,-0.121396854113545,-0.0672946530694899,-0.120026058407469,-0.0393881181593232,0.0372749262992605,-0.0518081225817689,-0.00775146499787959,6.34091284656315e-05,-0.0747811594321714,-0.0992269114618836,-0.0310847584667456,-0.029568087481289,-0.0295614206664892,-0.0472448081036927,-0.0173801589728884,-0.0851016818913007,-0.0180934777774109,-0.0795017224346654,0.0984914930313718,-0.00297301775802121,-0.0334022352774141,-0.0691203796241035
"ERR9604272",-0.0944614792313728,0.147890598192224,0.00286810994241895,-0.0385277184473005,0.106225532945308,0.00885313716187065,-0.00495844889631115,0.0957412206654626,0.0506827404949569,-0.03967325317728,0.00710164302089451,-0.0690449741448081,0.00472899426014956,-0.0811710897672745,0.112553775176166,-0.0552407807045228,-0.0562842352676876,-0.0751679319562812,-0.0379622465402202,0.0496344120609146,-0.0905647786736197,-0.0262260907944939,0.0336707184333529,0.0735270934015923,-0.0744449591583278,-0.0204563995820303,-0.12917758985213,-0.0192867306634895,-0.131817479584616,-0.00103793843233552,-0.0220435472612241,-0.00879709339148423,0.0913840022084966,-0.0286514359187532,0.0872881777800945,-0.0190235931278924,-0.0419128445901376
"ERR9604276",-0.0976767241124397,0.152966090777059,0.0108049983502233,-0.0415623577320665,0.106238482770702,0.0220180534760933,0.00248552535755236,0.114252333403362,0.013452395997786,-0.0410583856227564,0.015227845265125,-0.0670427183611236,0.00591937003000295,-0.0849451827754163,0.129988081256321,-0.0517662677417343,-0.0525812871576073,-0.0666643018794807,-0.043971538944619,-0.0907630925602906,-0.0871532579028223,-0.0255914302309259,0.13349095857238,0.0772425557323321,-0.0902775118237022,-0.0108743358237652,-0.14368466296578,-0.0118715221789326,-0.152893152398835,-0.00418514449650683,-0.027689954200736,-0.00500702497054218,0.0883493881677434,-0.0193438588869144,0.0846588344465197,-0.014788616188542,-0.0390539132853485
"ERR9604277",-0.0972030202966434,0.151359299705296,0.00977366378533321,-0.0413067423450175,0.105542669932768,0.0216769491785871,0.00725737321180569,0.107878805771991,0.0296376632288644,-0.0386115725993159,0.0146319707934556,-0.0673066423684302,0.00517068297539704,-0.0841310466179908,0.126158128938855,-0.0542610569211197,-0.0513577088547682,-0.0654228015569542,-0.044195583533419,-0.0395205306897825,-0.0813422556962529,-0.0241812883173674,0.100039877740601,0.0749141081928279,-0.0859604916116633,-0.00757266595497816,-0.138869068968971,-0.0157050347553961,-0.147398089487789,-0.00389674628392079,-0.029600274393707,-0.005632216239374,0.0861701720832513,-0.0176027781178736,0.0867095986747391,-0.0146437319032697,-0.0368201584548866
"ERR9604278",-0.0972099419779058,0.153179137843554,0.00959654459603459,-0.0392005012222588,0.106934833828344,0.020613830023779,0.00142697491427978,0.106739062595689,0.0400773109121138,-0.0356132867898841,0.0149726340397401,-0.0703319033029255,0.00461478612802669,-0.0833681849172371,0.126881020568447,-0.0542266685794062,-0.0522446165695091,-0.0657057791418848,-0.0418876985591389,0.00279609074001967,-0.0827380299249334,-0.0247940930243037,0.0833849845516619,0.0752904886553084,-0.0821412455047273,1.18870451781496e-05,-0.137654286128768,-0.00394990046668291,-0.146159975926933,-0.00445002614344101,-0.0262053619325211,-0.00490783368338179,0.0872628890951059,-0.0189413965716861,0.0888037721761391,-0.0159707590534092,-0.0406778638784303
"ERR9604282",-0.0869455012190614,0.135886100335373,0.016952887243269,-0.0315753706503298,0.09585142824283,0.021711091444859,0.00957247900428272,0.119935009549081,0.025325712157918,-0.0219204965784214,0.00912057479104038,-0.0675481574357227,0.0058904947639562,-0.0732909825832985,0.128126043475167,-0.0460331293310147,-0.0475936134005492,-0.0529105792909707,-0.0328390766970741,-0.0192451177155313,-0.0743472862571261,-0.0210940287418796,0.100841283233785,0.0913869746234629,-0.0716063418065565,-0.00237584040842091,-0.127421676417808,-0.00479913673746303,-0.120212356693791,-0.0125756005102557,-0.0141036920732683,-0.00447179980996871,0.0899820402390136,-0.01622898884056,0.0863420053684913,-0.00976503691519896,-0.0321098226842982
"ERR9604283",-0.0871867445988841,0.141606426499267,0.00251068185198282,-0.0351387044891704,0.0957530527253799,0.00599467952207063,-0.00252459763669976,0.0877786999464393,0.0423177625042374,-0.0407471464026569,0.0118838319254076,-0.0657838228192889,0.00977817051462559,-0.0779718856925179,0.100424125150227,-0.0465273971909444,-0.0513150550498407,-0.0704382626793309,-0.0364857429283598,0.0224434641889801,-0.0892870710135704,-0.0218123597657647,0.0508397824326273,0.0665721184550538,-0.07252961376454,-0.0216774835979827,-0.123044125461476,-0.0201098233193636,-0.128576808079575,-0.00415636762004254,-0.0218102530123256,-0.00584392706394237,0.0870741332468281,-0.0357454327216336,0.0729019764214686,-0.0162101608450594,-0.0436374891453294
"ERR9604284",-0.0854707287922831,0.136486555348689,0.0172371127636574,-0.0288913217032817,0.0987471498613552,0.0187324698192673,0.00443951556027312,0.121474224182826,0.0295191262883512,-0.0209820048301855,0.00839297428692109,-0.0687248238451836,0.00805598070920077,-0.0728868046645383,0.131149291986033,-0.0451430999051448,-0.047133125445809,-0.0529709190222961,-0.031958084939384,-0.000592269103423634,-0.0734132040192415,-0.0226713175027932,0.0976441438583151,0.0907991533401045,-0.0693990739335794,-0.0117039201026732,-0.126412574287643,-0.00308313953607562,-0.121461119908267,0.00159525884311144,-0.0141645881397942,-0.00166185987260957,0.0910377938229437,-0.0168579857232393,0.0852438403376178,-0.0110453294309719,-0.0291892817718229
"ERR9604285",-0.0853521728980989,0.137460293907997,0.0167349082925678,-0.0274836048477813,0.0998249924254199,0.015635937549932,0.012960526317215,0.121321024420097,0.0325904301082207,-0.0206775745876697,0.0093568150126557,-0.0698485075698893,0.00780237976914152,-0.0718609063091134,0.132269569858094,-0.0460326625718458,-0.0477842078814697,-0.0534485397200843,-0.0320160877362288,0.00994170053404022,-0.0748568323255178,-0.0213099602986375,0.090898047244245,0.0900078288250156,-0.0684597476255697,-0.00854341678075487,-0.126132428815421,-0.00573370525907425,-0.120693703296508,0.000598106652913458,-0.01245704747186,-0.00317061351704468,0.0913000933060634,-0.0172506000284864,0.083085620330927,-0.0103377126078801,-0.027858822545157
"ERR9604289",-0.0688083542663661,0.126450507604527,0.0118182404155659,-0.00863845615572839,0.0895819547557413,-0.00188112548525812,0.00799128457892618,0.106861469035713,0.041632318003663,-0.0251957604029278,0.0162834539422498,-0.0658017663963174,0.0250335956994874,-0.0514430213322255,0.114749111210945,-0.0374690582184966,-0.037943396721055,-0.0504356484616258,-0.0231175680103067,0.0259323359017396,-0.0779474493937401,-0.0193352981901973,0.0586921964028157,0.0757682818603844,-0.0436969180776989,-0.0135509164374446,-0.110908020778952,-0.0101885192486188,-0.109523789822223,-0.00649776512131344,0.00295646163573224,-0.00306437574675676,0.0815733774350716,-0.0215011002337247,0.0612483065355656,-0.0117006122261532,-0.0108471263355088
"ERR9604290",-0.0606074653263005,0.115825404162592,0.0126157472279914,-0.00347908607548888,0.0835168706507546,-0.00133103835713422,0.0178498718454218,0.104200324071013,0.0492041048223131,-0.0240359615338057,0.0116530186615434,-0.0596343555202913,0.0266007027130428,-0.0480767155817559,0.108982587070597,-0.0357805658386951,-0.0289773578023746,-0.0478175220797742,-0.0199907803483107,0.0314444758426341,-0.0655413775881501,-0.00983954569762679,0.0544373979935117,0.0723631875586047,-0.0388475134347303,0.00148985221144535,-0.0996711965436241,-0.00963902444458651,-0.0974884303502316,-0.00701317890709523,0.00487045992290946,-0.00474618353107814,0.0683710678764298,-0.0104547281236449,0.05798329799958,-0.00912359062361818,0.0180955841714537
"ERR9604291",-0.0664450304026854,0.119455948070144,0.0117536813788151,-0.00580001560465066,0.0850545430111385,0.00147326848226654,0.011737042472944,0.101327842499596,0.0512704247508618,-0.0221052083693723,0.0108211481017295,-0.0612673935910763,0.0221998937246274,-0.0528471009302834,0.112440624626617,-0.0374776654465239,-0.033739789202001,-0.0465878423539064,-0.0225725082305703,0.0578130798403404,-0.0664219231542881,-0.021150325422858,0.0275283743433562,0.0750607571564961,-0.0421170400321349,-0.00549255117793626,-0.104719614288091,-0.00997959020650277,-0.103331255019842,-0.0145646704848249,0.00319232623765623,-0.00617021930626432,0.0741996190458232,-0.0181797004492484,0.0638277711777401,-0.0107880587415594,0.00181913312012823
"ERR9604294",-0.0970238916616907,0.150255753859791,0.00291916154849406,-0.0396175392246498,0.110324318909096,0.0111930904077983,-0.00326480732718877,0.103097360869238,0.0520726439561154,-0.0394277253240454,0.00782208987250458,-0.0689219540977239,0.00231601911692397,-0.0827702178269332,0.11763068037808,-0.0597263625053839,-0.0568968733343427,-0.0763943773978819,-0.0352185894043396,0.0529118813711904,-0.0859815948035608,-0.0278371359959895,0.0401073579490791,0.0779807120217618,-0.0761462889427316,-0.013032967560574,-0.132490830048801,-0.0159440920350097,-0.134470052182792,0.000320567486644248,-0.0226073156747145,-0.00570254138351703,0.0911707589161557,-0.0267364965440486,0.0915408801312399,-0.0165083490131644,-0.0385265750132123
"ERR9604296",-0.0597529527436661,0.135200028323283,0.0222174201147686,0.0156142746360547,0.0836156719943004,-0.00132930284675577,0.00968057990877627,0.0762310456322025,0.042468942995177,-0.0210952141212937,0.0271270140792348,-0.0816423960404571,0.0499993892071463,-0.0384975776357853,0.100278924137098,-0.0274149060373338,-0.0393614373817225,-0.0432861093590294,-0.0237042438599979,0.0303538369202912,-0.0815166362845087,-0.0221912989251872,0.0346942342437537,0.0552846200689585,-0.0236963431487516,-0.018487811156888,-0.110400896141823,-0.0162432572703092,-0.100268806276746,-0.00903048394340353,0.024222140450361,-0.00529736773189152,0.095118259126723,-0.0371614837596619,0.053694320214011,-0.0151468557553297,-0.0480787018101377
"ERR9604297",-0.0485349854022319,0.13001528858804,0.0284518788383712,0.0294475160396099,0.0782056408404118,-0.00569349090986648,0.0116127652406387,0.0786317386001824,0.0312324405863877,-0.0180708980857524,0.0346500891084374,-0.0865672174605562,0.0637992506943557,-0.0267113294665424,0.0924668573426053,-0.0160842942218772,-0.0351374774857787,-0.0367371579609515,-0.0175123824543048,-0.00606156375130707,-0.0849823488131636,-0.0156134719353595,0.0620325674044679,0.048859915162238,-0.0115750411227891,-0.0155712255400416,-0.104922501363653,-0.0134810637270408,-0.0947986129915332,-0.0145832047403069,0.0365065394243139,-0.00233254521231318,0.0980070698104053,-0.0428815112718286,0.0374927612723534,-0.0149630025003158,-0.0488797509142271
"ERR9604298",-0.0527033238078456,0.132557553927843,0.0241296293655419,0.0236640662025288,0.0829419352274443,-0.00736678435621446,0.0113891122498731,0.0747390847255565,0.0407845875549157,-0.0205174419419982,0.0291597245333984,-0.0851087741701194,0.058390718397821,-0.0300530121063762,0.0992792134986597,-0.022580234570886,-0.0381374942345914,-0.0414960679366978,-0.0186262519878122,0.0304764388667787,-0.0859556880189162,-0.0191722206827567,0.0306178927879463,0.0497974763133536,-0.0126552708635755,-0.0149696104172248,-0.105551288617694,-0.0147811952355809,-0.0926400349847556,-0.00938219230589393,0.0342252967959356,-0.00280984256747682,0.0971432256329911,-0.0429484280088854,0.0450396120232109,-0.016342282312321,-0.0443067847048702
"ERR9604338",-0.0883229945732702,0.14498793744034,0.00716895852696646,-0.0365506446015205,0.0951094997916711,0.00919216255939601,-0.0023391512421001,0.0915235604312891,0.0341254169543432,-0.0381373745739717,0.0161930530876426,-0.0677051530249723,0.0107154589809512,-0.0815209915553185,0.101912450845648,-0.044349937639476,-0.0494298712886476,-0.0639430097773101,-0.0435027809845775,0.00996412033242807,-0.0868722641674652,-0.0267344447749001,0.048772141704357,0.06598789819898,-0.0758213323498765,-0.0261506518478649,-0.125758572130656,-0.0210541994668505,-0.137597957077921,-0.00498134229265188,-0.023525408684621,-0.00586875436879847,0.0885051210597475,-0.0301854677336848,0.0745429410063362,-0.0172458032315236,-0.042333599574526
"ERR9604342",-0.0921166681872142,0.143707541926257,0.00716425838487695,-0.0389281424918261,0.0954023348332403,0.0185488281216484,0.00976014369268027,0.10160465617633,0.0430098663708524,-0.0378687704666496,0.0143315625754024,-0.0617690623785917,0.00414127506852045,-0.0800497697257035,0.108536695968823,-0.0487948110350702,-0.0401568650851338,-0.0622885582160181,-0.041240838359196,-0.0150965868338732,-0.0802261116731521,-0.0210243697586125,0.0803879055215158,0.0703391331069199,-0.0798217729982313,4.47020927754732e-06,-0.127609785170738,-0.0103304437777814,-0.139098117807137,-0.00888553483464967,-0.0272150205037516,-0.00700619613422801,0.0756643796807339,-0.0170914954615805,0.0809007439652002,-0.0161490676670896,-0.0152558259380342
"ERR9604343",-0.0884480646663629,0.138773277596704,0.00256451890307157,-0.0404403149348702,0.0938705754786774,0.0111788148887687,0.00792743584235837,0.0915658938392075,0.0452232071737763,-0.0376846269992492,0.00815861590940712,-0.0555399007789404,0.00279368315346298,-0.0792246095270582,0.108099614230115,-0.045709812838718,-0.0371222141783532,-0.0618342314312193,-0.0417674262627376,0.0182853265647552,-0.0726952244241173,-0.023662637390442,0.045494941279542,0.0694235475849567,-0.0769528236617091,-0.00816994167332649,-0.1224663096496,-0.0115605287515946,-0.133258813443373,-0.00761738601026334,-0.0261349347257989,-0.00566483078112949,0.0677481636416601,-0.0166436210504153,0.0766257703684569,-0.0153700733151084,-0.00652224916945401
"SRR10030449",0.0349350742643293,-0.0320602008188026,0.0508366103003759,0.0347122646719577,-0.0654069781254619,0.0682371889190019,-0.00510875983483375,0.0327288030739976,-0.0438614828293149,0.0694303833044928,0.00533455749537314,-0.0182119296938538,0.00645764765607798,-0.0134863843687998,-0.0417916656005695,0.0425853832200161,0.0933589597669259,0.0624567570216124,-0.0453128661552751,0.0263585738691709,0.0735877819647514,-0.0307747207835879,-0.0150463038612761,0.0495947137438345,0.0227849906765674,-0.0235600640898882,0.045124361696648,-0.0235086701067659,0.0168332142200029,-0.0173801589728884,-0.0188840577234072,-0.016093666490393,-0.0254302469983423,0.0245878962291322,0.0266481139936186,-0.0279013527620749,0.0680270980366922
"SRR10030450",0.0337165183741095,-0.0329735416681301,0.0523147830952731,0.0348168037852418,-0.0645664922792395,0.0764231111771955,-0.0122625867646944,0.0302058579665794,-0.0461227526380286,0.0706683438637088,0.00709276494243376,-0.0172536220724616,0.00708303959245367,-0.0111598631454447,-0.0412869604725667,0.0416722087244079,0.0904742619239115,0.0643507440520776,-0.0452539628449697,0.0251160116754075,0.076646649884167,-0.0281107679303613,-0.0149160570606939,0.0483691040971884,0.0224266843686965,-0.0257274380884311,0.0482101881758237,-0.0249325688705409,0.0187019843739036,-0.0173801589728884,-0.0160910114016311,-0.0158230905827704,-0.026286319826116,0.0191496223307251,0.0221211003685084,-0.0260599117722834,0.074153556202622
"SRR10030451",0.0343594847570474,-0.0336809900265545,0.0516271056892765,0.0335459699063779,-0.068379671654167,0.0767409245120917,-0.0136879617057853,0.0318575627440288,-0.0530698999784225,0.0690343737716634,0.00336375779497688,-0.017561276417398,0.00287255857678676,-0.0135735391983515,-0.0405017349948293,0.0423600259140933,0.0919229852474513,0.0624919514347405,-0.0432043731739521,0.0270613966215288,0.0764460904222835,-0.0304827668137184,-0.0158370154253128,0.0489724514455181,0.0198426850766181,-0.0265001018937955,0.0487199321009767,-0.0269209608145281,0.0255541293320593,-0.0173801589728884,-0.0228301373517326,-0.0160045954948719,-0.0260658302104358,0.0177100071942431,0.0196096092113351,-0.0261610666289417,0.0602958912301114
"SRR10030452",0.033141666380942,-0.032694415240541,0.0503092133561787,0.0352063364643728,-0.0671455997568019,0.0692675631163706,-0.00982307676919492,0.0309698261329356,-0.0456642870584132,0.0703056678490693,0.00649777054743474,-0.0174413533528059,0.00471398571145035,-0.0126450388427625,-0.0424087678910525,0.0430167482716909,0.0937423571078329,0.0611241041022333,-0.0444337405621467,0.024309737937831,0.0786716485919586,-0.0322450144612531,-0.0159152144804399,0.0487741744681242,0.0218501077630382,-0.0310468083655519,0.0454012195614127,-0.0201976521141114,0.020231559358116,-0.0173801589728884,-0.0182335289390356,-0.0165597190845471,-0.0266204255151218,0.0249092620499555,0.0226092525264446,-0.024466013063301,0.0575050825101116
"SRR10030453",0.0336654025458466,-0.0330802789985616,0.0509120525726398,0.0323410472112294,-0.0641842836541329,0.072067523236863,-0.00557619828688699,0.0308206425114351,-0.0483387504709977,0.0706881890975633,0.0102828704553896,-0.0165455891118216,0.00483016746097207,-0.0128562483927052,-0.0437106822834424,0.0401196891120134,0.0914004029455145,0.0618297437316658,-0.0452539825992828,0.0261672028957895,0.0735983541179198,-0.0288881653601425,-0.015112893974574,0.0484849556978531,0.0186134725141334,-0.0266104113114426,0.0467229650266575,-0.023817839496654,0.021598284262339,-0.0173801589728884,-0.0193871740510635,-0.0162885448115361,-0.0259001855880586,0.0215604444780315,0.0238997453989438,-0.0270104635946603,0.0601340618729205
"SRR10030454",0.0343497782181715,-0.0325967453606826,0.0497310110970514,0.0348750076773565,-0.0655019517879849,0.0724375531656175,-0.0139487520204754,0.034564011881991,-0.0461516113827499,0.0715929359506964,0.00292516372096562,-0.0176755219884087,0.00528929184338426,-0.0122630192906018,-0.0424684693626274,0.0395813787635763,0.0966501894503545,0.0656455665477125,-0.0436882990549412,0.0272802066923517,0.0754120960604971,-0.0305736644934571,-0.0156870304275134,0.0501466403874064,0.0216144741659291,-0.0240798051821872,0.0496262521514776,-0.0246007100418908,0.0187011920891705,-0.0173801589728884,-0.0198315577468806,-0.0142071336231295,-0.0254789114132781,0.018802788409953,0.0249693218994108,-0.0260906375465599,0.0655614905568967
"SRR10030455",0.0349004131040896,-0.0333728467190209,0.0496635580341019,0.0335508919348302,-0.0623760814643463,0.0744436885565226,-0.0125891498355921,0.0350562209800394,-0.0490336477284092,0.0693893910679788,0.000457801357361024,-0.0179616692165161,0.00321846037877218,-0.0131176575636502,-0.0425165385787191,0.0400207849980002,0.0914710972322073,0.0630788577169731,-0.0438065258600529,0.0285866812637185,0.078899120924078,-0.031210060540883,-0.0150041412700096,0.0479966252867897,0.0214319491321143,-0.0270645861335237,0.0481997011939885,-0.0256144444152449,0.0182308919894703,-0.0173801589728884,-0.0191754569432992,-0.0141838377033155,-0.0255592139501895,0.0254290818566242,0.0221996909378208,-0.0260114189502733,0.070170484945894
"SRR10030456",0.0335550653572418,-0.0319408406165606,0.0505861135358401,0.0372221780799483,-0.0678326286166041,0.0730995109900967,-0.00433969272724149,0.0364176252308564,-0.0464383170675298,0.0695318485841188,0.00733420963392545,-0.0162538954932003,0.00499770027573944,-0.0124017065603175,-0.0435276637392365,0.0426773116216561,0.0899830843122286,0.0618482502197739,-0.0449776021731478,0.0256757652748751,0.0793204414478219,-0.0295290583056243,-0.0164636465181744,0.0497354100902845,0.0227252003072035,-0.0286094109686753,0.0481504553317112,-0.0230586567881018,0.0189915771752794,-0.0173801589728884,-0.0209985732419701,-0.0165393732084945,-0.0256966699436579,0.0189493471121005,0.0233836955195837,-0.0254053925642111,0.067324472218828
"SRR10030457",0.0334567479331949,-0.0319337105583405,0.051566355839876,0.0353799799935307,-0.0683000123785977,0.0706004379621188,-0.0114125379932297,0.0316149003412172,-0.0450318829968749,0.0706852761140627,-0.000437189557115928,-0.0175946268439924,0.00530473552647193,-0.0141283336410347,-0.0414429111072806,0.0416667696165635,0.0883564631045565,0.0633988723444493,-0.0431101616352984,0.0245794929769215,0.0752137615277714,-0.0277852934336367,-0.0132036500304158,0.0485206179134774,0.0237626538644135,-0.0248655883885318,0.0458391934808637,-0.0242046636494846,0.0129258334658871,-0.0173801589728884,-0.015144399104019,-0.0160690652887256,-0.0259304178711792,0.0231516755987619,0.0224732543676878,-0.0277328130206076,0.066015414994155
"SRR10030458",0.0340822370857839,-0.0320136436729134,0.0525084719092619,0.032467686372307,-0.0629560114854146,0.076677727362658,0.000137725824077246,0.0268631899717741,-0.0534771142315988,0.0700442880577069,0.00495727786134831,-0.0165204562496774,0.00410083950337089,-0.0132571756822565,-0.0422397513397873,0.0399696035768294,0.0965162536980263,0.0628846825378349,-0.0452444220698258,0.0280197683642917,0.0768914552245516,-0.0311791891371205,-0.0143984588257495,0.0475537750263212,0.0215349935792462,-0.0262594462790652,0.0456203997189208,-0.0166581693733638,0.0172732607030108,-0.0173801589728884,-0.0188606762166366,-0.0161252865637034,-0.0260654949048478,0.0231151436512136,0.0251197544267374,-0.0265678134250224,0.0722989872946495
"SRR10030459",0.0344289933184285,-0.0323075574579155,0.0512263347290116,0.0318830320955377,-0.0638829831616875,0.076801684388156,-0.0156474776427302,0.0291704161872221,-0.0465791471933929,0.0689519059207043,0.00702265156750634,-0.0180240203399959,0.00387446348681769,-0.0126745680903627,-0.0405134273037371,0.0433079644439574,0.0922346573490232,0.0635044422847131,-0.0445813367606686,0.0267835878459256,0.0720031390175866,-0.0284346511780026,-0.0143849019817161,0.049701116518824,0.0237080579793885,-0.0228227068577794,0.044585574337467,-0.0279553194805192,0.0205702722644106,-0.0173801589728884,-0.0172450556247673,-0.0153827014267581,-0.0263892658846956,0.0164393411553267,0.0267092567038382,-0.0273213983934627,0.0618648386243426
"SRR10030460",0.0345599389065268,-0.0323158706147912,0.051732650415268,0.0365999381768764,-0.06768975098716,0.0734420024001241,-0.0117444944471108,0.0286116328675003,-0.0491362509728407,0.0696828258865707,0.00355744566035098,-0.0175367362050959,0.00320962544895363,-0.0129343497028701,-0.0435686713977311,0.0424828468543794,0.0939702285045567,0.0641847116432668,-0.0462167978634658,0.0245335187383628,0.0761580659498628,-0.0314035272604937,-0.0148567669794793,0.0489250965244988,0.022724050460452,-0.0283283047094602,0.0457751106287643,-0.0223514272283958,0.0185001785819255,-0.0173801589728884,-0.01666036236983,-0.0168668485934396,-0.0258723251092687,0.0192075453138069,0.0253031668677561,-0.0266457863089513,0.0612914029281169
"SRR10030461",0.034583321979096,-0.0315111724683182,0.0510158694792045,0.0340530978016012,-0.0651909349819021,0.0707711751943206,-0.0137985798340616,0.030018766827677,-0.046575903316646,0.0728247071569992,0.00307989988196042,-0.0183458217405543,0.00434895683550788,-0.0135793108316193,-0.0418666508503328,0.0422131654458822,0.0934223582197763,0.0611184004848441,-0.042772940908381,0.0249242079886272,0.0774091540996206,-0.0306962333765643,-0.0145992187095183,0.048842190857126,0.0213067621519347,-0.0262780671716163,0.0468744868006888,-0.0278920351499488,0.0225514529711128,-0.0173801589728884,-0.0215258043231201,-0.0161135256689412,-0.0260430772635622,0.0251584580769147,0.0245067952554764,-0.0247967991323469,0.0669302380884163
"SRR10030462",0.0355510565182282,-0.0320496523790018,0.0511498631836134,0.0330610150590012,-0.0643569247470733,0.075547298632404,-0.0191670380359936,0.0350159764484327,-0.0528670310268408,0.0699862098826111,0.00444908705751732,-0.0169192627269807,0.0058373194863398,-0.0125240348146267,-0.0405887805979758,0.0402482312893573,0.0903149331301727,0.0623464847567238,-0.0468946876117143,0.0314051128872173,0.0774012489917257,-0.0308292224458618,-0.0124198736940494,0.0484571915279774,0.024127148504951,-0.0296844366925157,0.0474671626479975,-0.0184966766656983,0.0164543127550075,-0.0127350772834973,-0.019325960537679,-0.0161435783769373,-0.0258850219267473,0.022935858129622,0.0218851741339402,-0.0260593592057272,0.0629093836318495
"SRR10030463",0.0331996380314059,-0.0334013193950121,0.0516233208298236,0.0363980548806465,-0.0641017442448351,0.0701541642058843,-0.0198853480253316,0.0342633639809064,-0.0449528639303818,0.0679459744015125,0.00609759882136382,-0.0171122214907439,0.00572361108030833,-0.0137774276701956,-0.0427575749390855,0.042114070943572,0.0966917091424639,0.0642214261641508,-0.0435501353838475,0.0276066895048939,0.0747566618931941,-0.02697048530792,-0.0151441339632965,0.0481622144220416,0.0224595622106219,-0.0275158804315323,0.0482884231250664,-0.0240281373508998,0.0193636827398672,-0.0121840110504671,-0.0166198049198689,-0.0149211890222706,-0.025939354283179,0.0201409663974464,0.022725734721398,-0.0272611301381185,0.0674595927930006
"SRR10030464",0.0357345798836906,-0.0329223481449577,0.0517337811890893,0.0360142323054244,-0.0675658398512983,0.0728545411388601,-0.0119144226154805,0.040263920476314,-0.0491898312900008,0.069581282674013,0.00218798936787592,-0.0180313084095293,0.00817587954513971,-0.013099502396505,-0.0398623115738559,0.0417975876360256,0.0930561692718883,0.0647468561068696,-0.0434931619688454,0.0257011919036595,0.0795495703481692,-0.0307752316298033,-0.0140346199443283,0.0487146642332979,0.0233034311796204,-0.0306268157131449,0.0458076623879753,-0.0309161268068883,0.0218078300437138,-0.00590652995054116,-0.0186410310340434,-0.0158550322239115,-0.0259229766967601,0.019495014041552,0.0251604519988801,-0.0273711932741457,0.0732332846803393
"SRR10030465",0.0350554552095068,-0.0324785130298851,0.0516534028911211,0.0357870455168951,-0.0644417739923769,0.0714035036649849,-0.0150312279473579,0.0344979860785826,-0.0421324222382625,0.0697234869216905,0.00259781635120871,-0.0179685326212801,0.00576193143086202,-0.0131090275804475,-0.0426107625572113,0.0426087507154977,0.0900394822556706,0.063280732501027,-0.0453776197220509,0.0304339813224406,0.0796319803690228,-0.029976465524661,-0.0130176847896854,0.0480563961910273,0.0209632366289716,-0.0308765411198225,0.0475364457617408,-0.0269257807845769,0.0181951911028567,-0.0173801589728884,-0.0169642762046539,-0.0179661340182146,-0.0261546999835194,0.0256809092761721,0.0244348883303132,-0.0276443600761818,0.0612017167591784
"SRR10030466",0.0336169297515989,-0.0320352963201943,0.0516611405564483,0.0353893807925965,-0.0630473005629562,0.0724329353357541,-0.00873278723294813,0.0267582484885702,-0.0447126122621404,0.0710731881691126,0.00251141830720838,-0.0163757211756241,0.00600812244356801,-0.013037289713844,-0.0403517530045896,0.0444686119582869,0.0926897722964318,0.0650450925878992,-0.0462191580962795,0.0266102715790506,0.072798873221182,-0.0285858591711637,-0.0143370393644609,0.0485159737592965,0.0204134967274583,-0.0275843888426977,0.0454827167250264,-0.026299561938309,0.0220191552755685,-0.0173801589728884,-0.0172849836302073,-0.0159433928604673,-0.0266049649535111,0.0213911128541018,0.0259228195714926,-0.0273139854055819,0.0688075397012358
"SRR10030467",0.0363265350378143,-0.0328593147105954,0.0501930830314851,0.0336269929700492,-0.0642809865059707,0.0707547459875831,-0.0150038007498398,0.035106665282215,-0.0503937241727633,0.0710086543786079,0.00378288605774639,-0.0180723740301369,0.00486185913822061,-0.0127316870092535,-0.0441383491821393,0.0405751667773076,0.0939600455737475,0.0608435269852063,-0.0457513617049212,0.0271992643094381,0.075205328879629,-0.0268674154513935,-0.0128492322877478,0.0491061325547888,0.0225031499266452,-0.0249986959467362,0.0460469298037144,-0.026328409912338,0.0169753259500531,-0.0173801589728884,-0.0171356693165467,-0.016271132473377,-0.0257027112120253,0.0262113290924295,0.0238044170731357,-0.0265440891013304,0.0765011867316188
"SRR10030468",0.0347878619414561,-0.0324590023044175,0.0501762867660107,0.0344914825542039,-0.0629485349433403,0.0675697076745688,-0.0114505455096227,0.0276907044536286,-0.052105969240248,0.0712962204565696,0.00341027095988561,-0.0174573971972797,0.00630494140994437,-0.0129356757744335,-0.041951459377483,0.0413937096162626,0.0971189470784644,0.061343923587444,-0.0431685379329949,0.0256825061499284,0.0729840326154588,-0.0269981311180216,-0.0139679189497108,0.0494369933762369,0.0208518126185728,-0.0277956537181414,0.0477911877890405,-0.0238167887434033,0.0145676970604794,-0.0126962533486361,-0.0199913818901829,-0.0154666871842896,-0.0266764474897567,0.026701533582408,0.0262412968681116,-0.0276312311845751,0.0638959913424272
"SRR10030469",0.0353367373172054,-0.0332116317073244,0.0502204853677583,0.0335887607270364,-0.0630161867845522,0.072238507541725,-0.019206661103556,0.0295899349838574,-0.0430740467605673,0.0705990457377983,0.00721946744044261,-0.0177566454562158,0.00458476833523659,-0.0136467079797592,-0.0402927984940383,0.0414392233048698,0.0969704254804774,0.0625164669906935,-0.0465616246811122,0.0240218244451463,0.0750459793800741,-0.0309141137128663,-0.015186596294316,0.0491453134713023,0.0222536307748682,-0.0239952788747081,0.0441518816269416,-0.0273992967014734,0.0168732164654933,-0.0173801589728884,-0.0207156216621943,-0.0139405370530306,-0.0257911896410727,0.0192498274230158,0.0211239017745159,-0.025828488609287,0.0689614880235453
"SRR10030470",0.0330495336938024,-0.0322436985004386,0.0514190352160176,0.0338264277383287,-0.0644202664283181,0.0724826932548833,-0.0131829416392469,0.0356430080775052,-0.0452322847283478,0.0686139338114583,0.00263735887227371,-0.0175886828414218,0.00636883622996611,-0.0125715564813252,-0.0413244324801628,0.0394743633447217,0.0936752753382449,0.0626558212851933,-0.0426088279327721,0.0250751463881185,0.076934646558901,-0.0283353902808402,-0.016922838059926,0.0485841121216112,0.0227198479680619,-0.0279103560230321,0.0469382134119906,-0.0255392236779741,0.0173628244037546,-0.0173801589728884,-0.0186336782794672,-0.0145889327173522,-0.0260642441821752,0.0137888131676293,0.0226160981964493,-0.026417381314557,0.0616169720806555
"SRR10030471",0.0353122671337278,-0.0325910548705611,0.0505227593738076,0.0354680146101497,-0.0614863641099112,0.0739828799407767,-0.0119268833949834,0.0358325560261869,-0.0425699017076858,0.0720853579242755,0.0042495884260198,-0.017255012828979,0.0049116346534366,-0.0130476084612879,-0.0451045542847209,0.0437808120249028,0.09133251665816,0.0634767450508032,-0.0476399736714091,0.0292214875870708,0.0736235477649328,-0.0303858193235413,-0.0166802647006346,0.0480261204844142,0.0228361187842298,-0.0281066679152455,0.045969191563364,-0.0244477942573473,0.0192820333052659,-0.0173801589728884,-0.0162261120039752,-0.0147613160556846,-0.025489455188477,0.027006487507219,0.0214233422513414,-0.0267004372289522,0.0726874737119533
"SRR10030472",0.0338459424207581,-0.0324227761798338,0.0502095016998293,0.0341631088757251,-0.0637799703209595,0.0746561228356928,-0.0123415558442167,0.0272771549780788,-0.0497347305557941,0.0719958396545752,0.00279438111942199,-0.0172866186024044,0.00499936808991282,-0.0127286897640369,-0.0409252809291499,0.0399614836164166,0.0902005067238403,0.0596855002066549,-0.0435982340495707,0.0272656599200356,0.0742054815621327,-0.0304707639133998,-0.0142663842364534,0.0481354698159918,0.0212442320261681,-0.0295048451656114,0.046849781674041,-0.0305749330688472,0.0167616604586151,-0.0173801589728884,-0.0179123681730274,-0.0130098653971784,-0.0263956555132661,0.0205963177297274,0.0267893955434277,-0.0262965534743612,0.0740348983604931
"SRR10030473",0.0346229581474767,-0.0325366939843882,0.0500850391619118,0.0332691545178553,-0.0617988016114169,0.0710642689860891,-0.0101759351754573,0.0332696741284923,-0.0427464708959067,0.0697698363006795,0.00376772021372816,-0.0171300363196043,0.00381299604704128,-0.012206157509211,-0.0415282544980145,0.04200526486451,0.0925801368938246,0.0627662832712883,-0.043972245720877,0.0269684195593409,0.0772105748100444,-0.0299544608467221,-0.0127886419876989,0.0484072911708222,0.0230705660883269,-0.0247259881643228,0.0481209877031144,-0.0243600879069483,0.0191510927237917,-0.0124336950860508,-0.0182995379852269,-0.0157402272811672,-0.0263156831959716,0.0245803045081547,0.0265122950089327,-0.02670894515866,0.0599257397346322
"SRR10030474",0.0363623284869391,-0.0319529543012991,0.0496567747597844,0.0334154842383201,-0.0631209573130952,0.0763337814395238,-0.0108269062012205,0.0336389564150082,-0.0453557865446419,0.0723864703572315,0.00586461766639763,-0.0167589580459121,0.00382032439114718,-0.0141484378826509,-0.0406320463056098,0.0436910599410274,0.091053430128454,0.0650057408154022,-0.0464043920703872,0.0283680706067162,0.077487558962177,-0.0320662794440999,-0.0138655709341276,0.0492325908376282,0.0221592444275439,-0.0316941076197483,0.0491985270240472,-0.0220657560393111,0.022583087465428,-0.0138351920349689,-0.0173626249037879,-0.0139195245303378,-0.0259977030362852,0.0220708951824335,0.025863988419233,-0.0240795757387394,0.0621537772372058
"SRR10030475",0.0346279178957527,-0.0334519237789763,0.0510075633608636,0.0350213903974886,-0.0631965217385381,0.0719898304107525,-0.00935582046474502,0.0354914235795104,-0.0471782497493448,0.0662349719437447,0.00284409240218839,-0.0188287488097954,0.0023507124620218,-0.0136402148044,-0.0401978294245345,0.0402268302339639,0.0906714884145728,0.060639852062077,-0.0456764829916545,0.0256162984967835,0.0754001784243868,-0.0276937413504934,-0.0173277953619994,0.0494011754777959,0.0219691306473371,-0.0280166613805134,0.0469896620193549,-0.0280563454492625,0.0187753350747016,-0.0173801589728884,-0.0238280245434149,-0.0151779781044061,-0.0267697800066638,0.0205819297681157,0.0194821054589955,-0.0256351781688983,0.0689665737911804
"SRR10030476",0.0322702933855125,-0.0376748693145386,0.0503572701589446,0.0309686402769278,-0.0656470665303105,0.075948061550659,-0.0169741181245189,0.0352593575764914,-0.0509403873140174,0.0715919061853511,0.011587916523564,-0.0168737822527626,0.00569068042533634,-0.0171264707278594,-0.0447549232048456,0.0461622690252172,0.096795897035413,0.0625069492672066,-0.0466431220606888,0.0244545563735739,0.0756115536022409,-0.0310026771080314,-0.0144210569946685,0.049352311274017,0.0193288353256594,-0.0339909969489687,0.0455846709446901,-0.0277225158920247,0.0114987116731005,-0.0173801589728884,-0.0188178568669871,-0.0189359850901399,-0.0287154029447473,0.0262571618820643,0.0179553132874898,-0.0307086665470271,0.0550318619316256
"SRR10030477",0.0348180699253308,-0.0328894015879113,0.049710247276638,0.0349822310275887,-0.0662655468189604,0.0741473018806015,-0.013687880471688,0.0312202517866007,-0.0500494616394643,0.0710358949950631,0.00141099757700725,-0.0158975313286675,0.0069028815542057,-0.0125279110191351,-0.0399840899778266,0.0413472120762136,0.0933637590835435,0.0626911368547227,-0.0456874130006581,0.0243544519539446,0.0708216183519722,-0.0305549649054263,-0.0120425509323098,0.0501412812118201,0.0207628143084735,-0.0221089146453102,0.0454829888895821,-0.0274056261779211,0.0196485989902531,-0.0173801589728884,-0.0201631493809803,-0.0158409733084973,-0.0256615705702542,0.0207461560928491,0.0249723481681862,-0.026868178397827,0.0737291639821716
"SRR10030478",0.0343519846109528,-0.0332535369146262,0.0508663311730827,0.0344235844958588,-0.0628893871761278,0.0728051630449709,-0.0118492111682373,0.0338910156393185,-0.0481801592126461,0.0705309722550115,0.00310077472864864,-0.018285483035393,0.00296243272701515,-0.0132172580348631,-0.0415216537817619,0.0437375528559951,0.0903903427005699,0.0624122139360906,-0.0456463259603617,0.0282130942135629,0.0759127582376919,-0.031838281622629,-0.0136925533081528,0.0512079207685058,0.0234699112786169,-0.022688690822939,0.0460381329498031,-0.0197375826061041,0.0185632023623586,-0.0105399312031903,-0.0156188794667591,-0.0147962948984027,-0.0263916039034292,0.0220688352355971,0.0236219766666636,-0.0247919030153538,0.0511496485059198
"SRR10030479",0.0360735539280934,-0.0328967627118269,0.0526670149389635,0.0349793461490762,-0.0614758703411787,0.0747152383106349,-0.0140505141595389,0.0288104880990564,-0.0492833938923143,0.0699527873356406,0.00357523130341623,-0.0185766804176653,0.0061029032139135,-0.0125865458512481,-0.0409159961541202,0.044441542353656,0.0910427197806488,0.0618253230880814,-0.0436970841864022,0.0288292677928829,0.0816481854025342,-0.0296748359693555,-0.0146637620018292,0.0516804612289486,0.0190570086365163,-0.032382515365505,0.0468653466645585,-0.0177911750279786,0.0161120789121672,-0.0173801589728884,-0.0188572996101776,-0.0151804214382891,-0.0257327740175725,0.0168710294717382,0.0225173638246206,-0.0262672982941569,0.0636744020495787
"SRR10030480",0.0338137327150042,-0.0325657259357157,0.0513641263272691,0.0359779599950117,-0.0624528232237713,0.0720994413097893,-0.0131268516818256,0.0259655605612193,-0.0434507900610019,0.0684077545811984,0.00417334940865934,-0.0177337621954111,0.00441269625712106,-0.0126526980026663,-0.0424040469343655,0.0410865187604879,0.0914188023855025,0.0633274135764356,-0.0448230076055679,0.0309270375703477,0.0780979194084114,-0.0308663414509818,-0.0128892629468466,0.0489477432093541,0.0216267835883215,-0.0303022813633016,0.0478385546289329,-0.0240298569872725,0.0149130696169224,-0.0173801589728884,-0.0203282625863909,-0.0137684499906496,-0.0262474973104817,0.0241326498213306,0.0237843692689889,-0.0261963545649496,0.0628833469544906
"SRR10030481",0.0353911652198646,-0.0328284566975143,0.0499936233664651,0.0341369487707685,-0.0648427714199314,0.0722268937516656,-0.00883575303514209,0.034364315994492,-0.0481998524994742,0.0714191239063205,0.00232885181090508,-0.017127938414287,0.00599594810578648,-0.0120999192686621,-0.0434660033953922,0.0394365293924768,0.0951003447496104,0.0618607708638997,-0.0456514044924359,0.026084312478731,0.0801417819878156,-0.0318430292266768,-0.0165028113867831,0.049415386617724,0.0213865553227002,-0.0300938597484234,0.0456695134240169,-0.029739077442289,0.0144950934116099,-0.0173801589728884,-0.018735424021439,-0.0154781514269694,-0.0261612849644761,0.0239976511730453,0.0212670141194425,-0.0261957252344732,0.0682589931968811
"SRR10030482",0.0355542482410865,-0.0327950403860962,0.0510895171838876,0.0367147613810547,-0.059361605315098,0.0705942820703062,-0.0135465757094834,0.0238933455205475,-0.0427361415689639,0.0669702860707581,0.00451325296844645,-0.0184238186533014,0.00525994447998702,-0.0148757709092426,-0.0423986573268389,0.0418136730438393,0.0960311843374565,0.0625081988134988,-0.0472143447028451,0.0266621153360746,0.076083347935618,-0.0303912074120483,-0.0151191462292225,0.0499614721836658,0.0232788254749531,-0.0277325967513317,0.0468221404300756,-0.021083101842857,0.0132769790155309,-0.0143400652573319,-0.0157729106823991,-0.0163399186427483,-0.0253393573774344,0.0254658112053879,0.0225332848816698,-0.0254904946768043,0.0691829204122221
"SRR10030483",0.0907907255874445,-0.0426581277402005,0.0704058777013369,0.102580972575706,-0.0738428034358424,0.0282753152084205,-0.0263882324415892,-0.0243759908572028,-0.048956124803961,0.0653057794204137,0.0449915836640191,-0.050209733905915,0.0745076937991197,0.0151324445498266,-0.0666126388267402,0.0882027376444453,0.106235204393915,0.0771828033831182,-0.0366216356728716,0.0500217829918997,0.0449235665151457,-0.0347397896487436,-0.0376721397461691,0.00941610333570788,0.0754615784184523,-0.0276236128141918,0.0774439438543264,-0.0251904036143034,0.0468471116879927,-0.0173801589728884,0.0120319882067846,-0.0141772144555383,-0.0101877263670975,-0.0277731997811935,-0.0322456842552217,-0.0271264162795857,0.0428288440753948
"SRR10030484",0.0898587791409305,-0.0433433744992211,0.0709212010037591,0.0998640845087567,-0.0750074551668783,0.0274763867518347,-0.0209358233477461,-0.0308060473528366,-0.0469117954683031,0.06487770682281,0.0493126420336227,-0.0507539202653829,0.0763445442896932,0.0154000863656543,-0.0629731079671745,0.0908974902191311,0.107792955751757,0.0796076317192436,-0.0374078979868009,0.0448589339000682,0.0479738998223918,-0.0302213706721873,-0.0402498333936822,0.00887865166028168,0.0698041864779469,-0.0263239902030206,0.0770681429296812,-0.0205708616254718,0.0421885440045978,-0.0173801589728884,0.00864577630747517,-0.0139557766693253,-0.0104382977902939,-0.0245952259989606,-0.0372074042557763,-0.0296627582243701,0.0318986935433293
"SRR10030485",0.0924193860065364,-0.0432981097817053,0.0712569953294797,0.10048166705824,-0.0791448516281122,0.0271373835825886,-0.0194853097635547,-0.0305851095568467,-0.0453670545429791,0.0672657253875058,0.0485145565613078,-0.0500506984004017,0.0738609360369151,0.0146936670047013,-0.0609870342255432,0.0883879598698102,0.106898865211336,0.080578151159891,-0.0379204572019129,0.0467804024874312,0.0507331799449745,-0.030773813248849,-0.0382023958537172,0.0103767430158086,0.072209764417062,-0.0296521194343746,0.0758725114763544,-0.0245499102958349,0.0456138735361393,-0.0138631216987842,0.0133780946513817,-0.0155288465696239,-0.010500322955282,-0.0270476435059805,-0.0356575870817037,-0.0274591772808735,0.0341049475392946
"SRR10030486",0.0885609134249773,-0.0428752899755888,0.071438162764937,0.104365630198071,-0.0752002239749225,0.0349242722316241,-0.0184336284293472,-0.0348867741596012,-0.0410826901373027,0.0634414340039352,0.051857131127825,-0.0491102232440804,0.080416879288835,0.0145073222733572,-0.0636931495330248,0.0897703250631989,0.104268709655297,0.076842023164144,-0.0370832284546392,0.0493072924683912,0.050621130623384,-0.0318273198196182,-0.0380419158397458,0.0107960543293273,0.0719682500642833,-0.0281795817187134,0.0786968178849921,-0.0212549767076386,0.0461098871179965,-0.00957954190868894,0.0138330935583832,-0.0127821040243017,-0.00915630020379352,-0.0270807114327332,-0.0369712332398367,-0.0271259107468291,0.0385921334608402
"SRR10030487",0.0888408340587419,-0.043029523194036,0.0697345471652667,0.0992572904700127,-0.0725384765971583,0.0345210725529072,-0.0222111952773001,-0.0187045073985182,-0.0426306861099884,0.0654565879934675,0.0459853810907627,-0.0496606827891193,0.0768364807504517,0.0172692641203598,-0.0630483382116689,0.0887809149359546,0.106595198368525,0.0773373024508499,-0.0379391198818236,0.04836107180372,0.0511274679350366,-0.0333813703677714,-0.0381714220303252,0.00858377674415194,0.0759754790155575,-0.0244514352586465,0.0776897728532375,-0.0258305916716221,0.0451172644101052,-0.0173801589728884,0.015386450353128,-0.0144157210331864,-0.00984812272959211,-0.0337812276548708,-0.0395679230757394,-0.0294370139934418,0.0385722375932849
"SRR10030488",0.0891359693802602,-0.0433013226160826,0.0702937701784914,0.0992922253257154,-0.0749167179057156,0.0282621120506177,-0.0200495907008896,-0.018961691628098,-0.049015782865092,0.0627311338918475,0.0504227148422246,-0.0507169208917813,0.0770292830050644,0.0152876273113978,-0.0631834320555759,0.0888710467221684,0.102908657083928,0.0763523633446589,-0.0383888452447009,0.0487720993512273,0.0511519607996184,-0.0308952231434016,-0.038072113201409,0.00760041288413727,0.0705371046360414,-0.0333632267148104,0.0782887312825363,-0.0223613427399623,0.0424173296868196,-0.00570578359390921,0.0150465130938568,-0.0166811788736982,-0.0100672748962021,-0.0346886331411461,-0.0348904576060305,-0.0309176620710339,0.0267177567061467
"SRR10030489",0.0892201581245441,-0.0431334675104173,0.0713773053906853,0.102369197643066,-0.0739993815223,0.0284705025981184,-0.0233587052419381,-0.0301419503480859,-0.043508127812419,0.0680463981214988,0.050900541783412,-0.0502258636428812,0.0775210928441259,0.0132208749661359,-0.0624210424837703,0.0929526282445367,0.110027673411969,0.0783803437880481,-0.0377473690336705,0.042003780228761,0.0476340752576709,-0.0321830817507888,-0.039942639344526,0.00815557318005469,0.074720563061598,-0.03346916177756,0.0764711742603701,-0.027779311375741,0.0411047678577975,-0.0173801589728884,0.00817440674309277,-0.0144539221961479,-0.0108511645139353,-0.0282918784228912,-0.0376318645296407,-0.028100556045828,0.0342713363783241
"SRR10030490",0.090261327531757,-0.0438251567770564,0.070502426030357,0.0991264698949603,-0.0747395983796286,0.0323310261168588,-0.0262537664409942,-0.0232073507695769,-0.044926121981926,0.065358103571558,0.0485121006293672,-0.0513347339698258,0.075477890213737,0.0151141234928577,-0.0618146018822453,0.0897005886912891,0.104519202934941,0.0784200384724627,-0.0374613346186081,0.0482172683874061,0.0518995267657548,-0.03377418494358,-0.0404150674731608,0.00712924787194192,0.0707638732839299,-0.0305533671307499,0.0766804039043974,-0.027063090074442,0.0405164927797563,-0.0173801589728884,0.0125360208322084,-0.0163194747166914,-0.00970173327219263,-0.0319109792940047,-0.0394017033645169,-0.0280182330801014,0.0426423944708031
"SRR10030491",0.0884907693208199,-0.0434120649007401,0.0705085038651343,0.100940713822698,-0.0713046158492801,0.0330211434769936,-0.0232332178869555,-0.0270930235648349,-0.0435581782877297,0.0657349508480898,0.0482810994370167,-0.0521712611271003,0.0764903247485682,0.0150486179758585,-0.0638046328022232,0.0892286755301622,0.108484274368551,0.075337051684353,-0.0386643715172998,0.0440597431713185,0.05298350188222,-0.0314372515092673,-0.0387509441815406,0.00770999274300494,0.0724914552156581,-0.0255036826246504,0.0776497577101193,-0.0311618050844039,0.0432072824009758,-0.0118964565810687,0.00979077300172466,-0.0158454562434896,-0.00967393229324022,-0.0265514384951136,-0.0430578424514651,-0.0292677030586968,0.0385601016863661
"SRR10030492",0.089420083725422,-0.0424904464225353,0.0692540570019676,0.100784472660167,-0.072519589357017,0.030845701704853,-0.0165746592194367,-0.0229177076492076,-0.0451730551167233,0.0659947064448015,0.0472490380005048,-0.0496367480585151,0.0757339533127019,0.0149875725600069,-0.0635333430958068,0.0865688652482827,0.109384981468321,0.0787682381780012,-0.036234662007228,0.0474372180641167,0.0533147032376478,-0.0314134788207568,-0.0373308212004175,0.0057384559464674,0.07341054089478,-0.0315984587838016,0.0763392900459536,-0.029855397212422,0.0422193623634276,-0.0173801589728884,0.0108628251150191,-0.0173145367834864,-0.0097403107464507,-0.0350178238904705,-0.0367560721367146,-0.0282948737342611,0.0300789940137912
"SRR10030493",0.0917836824992385,-0.042928301742078,0.07191063225868,0.101712238152975,-0.0802223132823852,0.0344047752177116,-0.0241808314420531,-0.0220533884041352,-0.0401432408092802,0.0651369707170078,0.0475204350492382,-0.0524932700419645,0.0773111804596141,0.0142681952157728,-0.0641221290148832,0.0914497267498852,0.104076744701708,0.0766332345332667,-0.0381968668281376,0.0531377446214554,0.0471808826186135,-0.0311970939545124,-0.0397216332962395,0.00948563224281826,0.0738659113452822,-0.0300820464972494,0.0760473714639307,-0.0216347904501128,0.0365876795229907,-0.0173801589728884,0.0117114957250776,-0.0136850847019271,-0.00953615094708317,-0.0283491665701256,-0.0369120536290589,-0.0285771370780767,0.0371288695551833
"SRR10030494",0.0886748428179728,-0.0422801795577211,0.0693849794407785,0.103311502254061,-0.0760538044500777,0.0290940369546684,-0.0117526517587014,-0.0314258045633043,-0.0410313844644802,0.0634795813692131,0.0469911468612481,-0.0522780530829757,0.0780851404079014,0.0159830148982498,-0.0669409032927219,0.0909342517350824,0.108561515380806,0.0762980127691043,-0.0386011131523774,0.0471355260027001,0.0516270169113715,-0.0342854854061416,-0.0381885015170607,0.00831249480040834,0.0721172130285798,-0.0299383300388442,0.0764501942355088,-0.0292415744030898,0.039551868773478,-0.0173801589728884,0.0154417106493754,-0.0144944554552069,-0.00987525373485088,-0.030038552557584,-0.0365020560456424,-0.0282686392736325,0.0385566840537984
"SRR10030495",0.0881129930077413,-0.0432040193197263,0.0699405919536725,0.104796011085732,-0.0752473690396151,0.0353009222282541,-0.0213723317189177,-0.0315405210720791,-0.0423437285353538,0.0638945536420254,0.0486368519190731,-0.0506104544872475,0.076894295054361,0.0157582113732363,-0.0626970951503529,0.0907439491760346,0.105401374852453,0.0798774102306014,-0.0370303860232865,0.0506356306680543,0.0522342681015478,-0.0318739711592347,-0.03820606809694,0.00840176460771256,0.073440819499795,-0.0310010688547878,0.0755692220171447,-0.0286825527853252,0.0409566657513959,-0.00976284892261862,0.0131710497971263,-0.0157318860540717,-0.00969847686202134,-0.0276965791285047,-0.036167923537404,-0.0287119180683584,0.0382810844294134
"SRR10030496",0.0866901866484067,-0.0429030880028356,0.0687950500322234,0.10309071422278,-0.0730375264592759,0.0340678476896174,-0.0238419767548981,-0.0310486337907982,-0.0464799025868939,0.0630779515002973,0.0462539035718237,-0.050088779316209,0.0745138782792824,0.0164608048954314,-0.0618514266451927,0.0862226843661897,0.106879293362323,0.0777753501911272,-0.0389905366581963,0.0464145702106604,0.0461995043842319,-0.0315721040669867,-0.0378662104023661,0.00639092840408149,0.0742374633663219,-0.0286865248898086,0.0792106348791479,-0.0239599869110464,0.0438504652834987,-0.0173801589728884,0.00577616169823073,-0.0130570195890575,-0.0103320308378858,-0.027224550165609,-0.0380920034515953,-0.0263385133279017,0.0292452374596165
"SRR10030497",0.0886387172230576,-0.0426814666723728,0.0691809756195855,0.101057770501424,-0.0766138985725878,0.0347848765591411,-0.0228745978528152,-0.0302826768179057,-0.0428829338829018,0.0635899792591696,0.0448192585055239,-0.0512385782936859,0.0772179855418577,0.0174711666090002,-0.0590048717042428,0.0897871899941534,0.105721616596697,0.0765831557466764,-0.0379165366402618,0.0474361582877995,0.0532089067149788,-0.0327477287040775,-0.0380846522296044,0.00662090069571076,0.0707636575475505,-0.0273037605302013,0.0749058053513113,-0.0232742150713977,0.0451950108656772,-0.0173801589728884,0.0138198751532496,-0.0158460983959947,-0.00977153086904147,-0.0288313347822016,-0.0356241735184202,-0.0280105026568234,0.0477209420917768
"SRR10030498",0.0913690225800199,-0.0458041424979097,0.0703902389097146,0.10167245578379,-0.0724370731060343,0.0276700997062234,-0.0178756144408048,-0.0311649502119852,-0.041925212436479,0.0660180091261975,0.0459143931529387,-0.0498339766047213,0.0757857775412319,0.0148897533306854,-0.0636713607067134,0.0894036240498602,0.106491904175368,0.0804441148124071,-0.0413356159940957,0.0470947042222698,0.0455574703369187,-0.0309561489350681,-0.0402297279599838,0.00730683690987456,0.0695503032715425,-0.0299368878844193,0.0782465197923432,-0.0255171914297333,0.0425574582261521,-0.0173801589728884,0.0152660360281128,-0.0151691965845709,-0.0115017914953775,-0.0301497990203429,-0.0361210897136589,-0.0299118337939333,0.0214606258536037
"SRR10030499",0.0907285865538886,-0.0427481583704818,0.0696202708900883,0.102515297338985,-0.0767573151588992,0.0360307451041844,-0.0180002560275893,-0.0245242518671931,-0.0404469423181493,0.0664946513160217,0.0442413411427309,-0.0509458036660681,0.075404975762504,0.016277994129447,-0.0626126000941905,0.0904287103647738,0.109677621580579,0.0763409903952072,-0.0394121021511725,0.0466979068985961,0.0508525639074976,-0.0307066183311773,-0.0388709996289043,0.00879808353960046,0.0758986682600435,-0.0244877109732255,0.0778833930813998,-0.0177426132403887,0.0427307059285822,-0.0173801589728884,0.00968555716458254,-0.0156249897668489,-0.00997225092345567,-0.0369740398542675,-0.0403518305576313,-0.0301232399892118,0.0369526254440361
"SRR10030500",0.0886964537973387,-0.0434625986087043,0.0684958687974633,0.101232187714088,-0.0768646646334848,0.0289747506892675,-0.022950067539533,-0.0239786484420028,-0.0478776537101304,0.0646324128727567,0.050803814374806,-0.0516893771385584,0.0779575869252934,0.0151484548329009,-0.0618443416226612,0.0912663726486752,0.110029634133813,0.0777903623170372,-0.0366447638800762,0.0535400373613934,0.0515565862539958,-0.0324449037725242,-0.040664162237073,0.00864317581682931,0.0734179700064088,-0.0288241861115162,0.0773554276330166,-0.0236394803651736,0.0433686336065821,-0.00852793798920108,0.0153988233928372,-0.0153578227707945,-0.0100135532187825,-0.0251604539209207,-0.0383633113789489,-0.0275824892051531,0.025551213578538
"SRR10030501",0.0867036040396188,-0.0431967503131779,0.0693661818964029,0.101198435287276,-0.074462177295214,0.0319143251967879,-0.027928240472537,-0.0236443229472032,-0.0463649077559922,0.0618793614486189,0.0474195559542431,-0.0517675999167381,0.0761199710511392,0.0154587322182275,-0.0622035247699184,0.0891543253973582,0.104734850894494,0.0772977461021965,-0.0404009252362667,0.0472525777321241,0.0486174840620228,-0.0324321754189205,-0.0391154732711421,0.00893206207344191,0.0732056023875,-0.0285318138884059,0.0757120927920464,-0.0214499062500804,0.0439417152371692,-0.0173801589728884,0.00926488690824177,-0.0151664998449035,-0.0100114396404469,-0.0267929457624234,-0.0406682391155639,-0.0286877653673646,0.0304191373805559
"SRR10030502",0.0870649000006155,-0.0426918464057493,0.0689965227993533,0.0996763039101665,-0.0709142902584296,0.0305414531838843,-0.0197230656385662,-0.0339569205788549,-0.043250813701612,0.068172532904808,0.0494613584469137,-0.0502195241230675,0.0764143701915715,0.0175265405515129,-0.0631405551378877,0.0923657157033619,0.101469939460798,0.0766804349227026,-0.0393785649075213,0.0485740738836369,0.0483117760034088,-0.031228750027214,-0.0389540425780949,0.00603284638348135,0.0701921655328876,-0.0347035741002621,0.0808030823646623,-0.019055026369593,0.0419456596140897,-0.0140403567046354,0.0124995873404593,-0.0168863451635019,-0.0107518620137744,-0.0318741430673643,-0.0364011591179985,-0.0315889634657224,0.0314623843600018
"SRR10030503",0.0898728588348314,-0.043310586666886,0.0679371801014451,0.101585939994395,-0.0744968305419197,0.0357579023414353,-0.00862873337873411,-0.0326478126111626,-0.0430044132517657,0.0660934224114153,0.0492211595812723,-0.0508532441276607,0.0782893835509848,0.0166703113268408,-0.0613756510375109,0.0911552760567313,0.108201003643071,0.079463873780966,-0.0401290220313138,0.051384035613056,0.0457558552232552,-0.0311144065144148,-0.0397996643350113,0.00919346744162733,0.0738713754809747,-0.0299070898380201,0.0777372046495464,-0.0239861722594456,0.045005751975326,-0.0173801589728884,0.0131318440443104,-0.0157610868765953,-0.00983374043170591,-0.028078755347496,-0.0368860230398966,-0.0280650658386684,0.0357358100855629
"SRR10030504",0.0877089139343664,-0.0439476870080857,0.0695518643270381,0.102649057546529,-0.0782988352731082,0.030911294409015,-0.0201583455085442,-0.0214102241374199,-0.0434688636878621,0.0665172831853952,0.0473564536262398,-0.0501881617671147,0.0769092855050496,0.0178921373436562,-0.0653270844094278,0.0883041740525971,0.104155684091882,0.0756395559743632,-0.0365719278875764,0.0518165972507676,0.0530885594812913,-0.032772768005453,-0.0399944045108522,0.00996424572889137,0.0722029618419687,-0.0320541644820214,0.0809876851291458,-0.0264990528175417,0.0384781021979542,-0.0173801589728884,0.0138039678443346,-0.0165261337254764,-0.00944039563555116,-0.0355615060731976,-0.0355787665588555,-0.0285372019481392,0.0276037967244394
"SRR10030505",0.0890534966986819,-0.0430770529559684,0.0706899470453702,0.102223458303731,-0.0740603323274142,0.0265691194345293,-0.0214196108786446,-0.0263823485032262,-0.0459875023028704,0.0660442637301934,0.0477712005894351,-0.0522179114838796,0.0770985001053285,0.0151454836376657,-0.0621614261972425,0.0887257758848738,0.105727953346175,0.0799704431105182,-0.038829570690309,0.0504055594702036,0.0533565571539463,-0.0302551998391354,-0.0383963063917895,0.00811468578065687,0.0709069036702347,-0.0335744753263133,0.0785030670630058,-0.0184065695881798,0.0405131368518792,-0.0173801589728884,0.0120836588076226,-0.0149645003554898,-0.0101298069756549,-0.0379025021989372,-0.0338440927414942,-0.0268761548299281,0.032759821641999
"SRR12330763",-0.0497783185780207,0.09788558588257,0.0274392314972024,-0.0362603435890846,0.0347816124504739,-0.00916347907385729,-0.0193077027241336,0.121737597238095,-0.0808528532538163,-0.00468736734859839,0.0340323835654541,-0.0597029934774412,0.0245755211145737,-0.0573020714204495,0.0564486060999988,0.00917270347642314,-0.0421855954985243,-0.0138347500606876,-0.0308629996198995,-0.238992474039094,-0.0639854817038181,-0.0272073494746905,0.163060909357644,0.0791875585703419,-0.0558021917734391,-0.0207685483787542,-0.099013534213127,-0.0250666102228529,-0.0991002542645839,-0.0157183788745724,-0.00801445830162002,-0.00458591116210811,0.0903466740198564,-0.056512375458688,0.0280913603337696,-0.0186185022160407,-0.0407708015466422
"SRR12330764",-0.0493699541187885,0.100611443371886,0.0339055327921891,-0.0377670060534072,0.0388779686272196,-0.00224367378234109,-0.0165687151144039,0.119401912325898,-0.0914466633033569,0.00719456607565423,0.0411037174652408,-0.0642239433076686,0.0247046891840542,-0.0581439558611638,0.0556974555331539,0.0140933405762784,-0.0433405402783673,-0.0144717139811387,-0.0296442580242623,-0.268225672637461,-0.0683797695410113,-0.0312318077672744,0.162571424582077,0.0809010237389852,-0.0545695564626373,-0.0283149627088037,-0.102472145054945,-0.0312888657556063,-0.101254156440356,-0.00951474022932171,0.00266406455712864,-0.00750131749371704,0.0917348374501189,-0.0638127784307491,0.0211126612834376,-0.0213828550100642,-0.0359545580540105
"SRR12330765",-0.0558760186557031,0.100349729746552,0.0263510749610189,-0.0386519347890122,0.0381379478555934,0.00564805730019891,-0.0210381871253334,0.123636783030037,-0.0793970122565481,0.00279304026774398,0.0360220331568298,-0.0596433203983334,0.0182996796376602,-0.0650847555111477,0.0550444409987213,0.00810580402611555,-0.0392478268859158,-0.00950260623499075,-0.0354889329335275,-0.227860896012461,-0.0556839615978805,-0.0276015979413104,0.159007666851783,0.0854991053685983,-0.0597577417475585,-0.0180095906217627,-0.0992658159170636,-0.0182951997509466,-0.103505201032919,-0.0117566827434959,-0.00726759050237222,-0.00600880219274542,0.0864520259413917,-0.0408706105090688,0.0357507392963704,-0.0192442472815956,-0.033747599639867
"SRR12330766",-0.03378784176703,0.0840635219131399,0.0422353562446044,-0.0166095541885565,-0.00242260903801042,0.00162133846824001,-0.0141812005817652,0.0221602172641929,-0.0971930460692304,0.013253266652908,0.0760473145364162,-0.0689683882948682,0.0456874824263845,-0.0669681030196976,0.0159646992174752,0.0482988332591078,-0.00507307530612736,0.0288816195614416,-0.0493459567402716,-0.192290340184246,-0.0454148044476822,-0.0337300380226198,0.09836698169592,0.0242774608129273,-0.0505256345362513,-0.0241382247995731,-0.0788072734151571,-0.0271147114730451,-0.101929817769458,-0.0173801589728884,-0.0168346785103983,-0.0113476835825082,0.0739276036189681,-0.0672787584376135,-0.0187709624887467,-0.0239406178671508,-0.0613926625783218
"SRR12330767",-0.0264856997712862,0.0817363204696622,0.0512031578409422,-0.0173222307563939,-0.00668642621960085,0.00199316927982588,-0.0177718571615657,0.0348912137610497,-0.10449646620661,0.0291204084796408,0.0879845841302319,-0.0748600717366548,0.0507428081676667,-0.0676393374837685,0.0101228177513211,0.0628286587519995,-0.00342214594699994,0.0355872244521952,-0.0544273227159219,-0.207059072409983,-0.0411729725352389,-0.0338370365174888,0.113096756253148,0.0219416683482894,-0.0474211491443101,-0.0284139255174081,-0.0754920340380087,-0.0241094058173595,-0.104880805791251,-0.011629968367885,-0.0165200542722495,-0.0142161158965675,0.0770165414314251,-0.0757034516633658,-0.0321090247662587,-0.0243893666396412,-0.0644774805825215
"SRR12330768",-0.0260728977569642,0.083264784145894,0.0535099216086573,-0.018686777771823,-0.00585228651571768,0.00360087221097605,-0.0235558137323716,0.04393121828732,-0.104480872617801,0.0393943601492442,0.0849554629774035,-0.0760311438905738,0.0468205655362177,-0.0673091668490693,0.0187271196386277,0.0622911073392541,0.000250597380769714,0.0375846951345225,-0.0530521209305529,-0.196226307718435,-0.0384402135089364,-0.037828040179989,0.102016183997879,0.0316479138154106,-0.0458814430034907,-0.0301816656954638,-0.0766724577967301,-0.0242204024111785,-0.0998161378090668,-0.0173801589728884,-0.015225680773617,-0.0129735699354318,0.0780998841160884,-0.0791619530381102,-0.0271255855747413,-0.0252456199157625,-0.0606114469724188
"SRR7811358",-0.0482913570214292,0.0715115498158124,0.0210373021341893,-0.0532754025163046,0.0319162356761058,-0.00934637593855062,-0.0104669923281237,0.0304623868118912,-0.0249030162954984,0.0099618877607673,-0.0111895680775228,-0.057120992574632,-0.0121375431711288,0.119031948364665,0.0451195927935974,0.00531589035646151,-0.0984834312618212,-0.03486919319801,0.174467289251316,0.0227098449540015,-0.0853569084232465,-0.000846608809196967,0.00383554124692605,0.0810465862667058,0.0677867768782692,-0.00885186415689118,-0.0526173100402289,-0.00518934410965943,0.0902543555085304,-0.00631325698313338,0.163835042345926,-0.00518572156705636,0.124751399101039,-0.0861716447073863,0.0637921647056051,-0.00714677034511503,-0.0374611265937041
"SRR7811359",-0.0442417408714195,0.0823251325105402,0.0254300992963292,-0.0504891779657746,0.0241637342696953,-0.000754709834955722,-0.0130434271034682,0.00522741574535952,-0.0383332882728704,0.0152430900611275,0.0044956636512336,-0.0656136796930503,-0.00399606200574516,0.0948113193852977,0.0411634721956418,0.0179946220808167,-0.0841766764300702,-0.0231989370006386,0.14801827889561,0.0295295957042263,-0.0807010768371348,-0.0112738233374268,0.00927754313638622,0.0557358223005411,0.0453518498905619,-0.012110602283874,-0.0575478170482991,-0.0159983061630225,0.0609650892550224,-0.0136418005423663,0.134307669803974,-0.00945890338464532,0.125345561771561,-0.101456118441896,0.0421481576036304,-0.0115473514877704,-0.0503437917062888
"SRR7811360",-0.0284846801284411,0.0811934138844631,0.0371239769830539,-0.00708165144633851,0.0362700466539705,-0.00518198042123415,-0.0165876860317412,0.0494033383745149,-0.017442410374497,0.012654251020347,-0.00171640844680092,-0.0821553757888801,0.0280959801553884,0.0964700863195353,0.052091406944309,0.00845044685375251,-0.0728207872040721,-0.0275545417811776,0.135334845325145,-0.0131177790420133,-0.0905681897246439,-0.00966243901381975,0.0544824714391817,0.0665365827249129,0.0768452431532411,-0.0195660696211092,-0.0481145747222968,-0.0196619945597181,0.0704991037792386,-0.0116683605268469,0.148741805130687,-0.0101938075870716,0.128360643724734,-0.0854935475589119,0.0472011450987507,-0.0173710072273692,-0.0604952062358456
"SRR7811361",-0.0362136977769798,0.0618816558643648,0.0210785489868235,-0.038806408543056,0.0279386347310436,-0.0287745887375236,-0.0153982956354426,-0.00499929030793648,-0.0199366115217537,0.012852206763678,-0.00851671364912771,-0.0615815407798711,-0.00457096865599237,0.111023795850205,0.0384212948840617,0.021296016466867,-0.0998380556433604,-0.0320186120347189,0.18442794082877,0.05069226289963,-0.0931151014592736,-0.00113301456722932,-0.0199300252955159,0.0544399072028804,0.0767225447937822,-0.0091329583301836,-0.0454574065570319,-0.0101882231799647,0.0947478130119456,-0.00946507811557053,0.186142350817959,-0.00590019228224355,0.131113255926007,-0.104964084366828,0.0376564528323773,-0.00873197105063906,-0.0506232139467078
"SRR7811362",-0.0334747503925572,0.0726468250703991,0.0255946169420207,-0.0300631979098945,0.0376112798249558,-0.0239254175983565,-0.0109844914057498,0.0198984865076263,-0.0129656091663594,0.00959596947246236,-0.010769018299445,-0.0705094759100567,0.00865200690564465,0.12424112803442,0.0510444526068347,0.0195397372978123,-0.0957528910757376,-0.0326976490009732,0.189801792026288,0.0315317360191094,-0.0985217549753401,0.0115774112946832,0.00395729546996706,0.0589930241125043,0.0854303786494499,-0.00587737558316088,-0.0454987447979167,-0.00258919099407538,0.0940162534935915,-0.00691884229834643,0.187029574095904,0.000898296273054035,0.135902714688776,-0.10121184116532,0.0384886153131101,0.00115586015558385,-0.0514484310690047
"SRR7811363",-0.0810029982336458,0.105713448942509,0.0241389314740246,-0.0834470492170838,0.0299109267644398,0.0458369226572608,-0.0113268672531046,0.0516623956678681,-0.044005707517452,0.0230919393336336,0.0203215128136869,-0.0528599628113814,-0.0381285665116549,0.0721078337302444,0.0366865486173896,-0.0173413373524757,-0.082331162009931,-0.0165306737133584,0.10689190148355,-0.00202601850772612,-0.0531245378693927,-0.0272547684484323,-0.0191284556730166,0.0974610297707821,0.0026461023354055,-0.00903586385007126,-0.0810105817300098,-0.0135764789115343,0.0176181715991758,-0.0023159898283403,0.0824009004146026,-0.00492151571316561,0.116196317242814,-0.0743167538364623,0.10062672779398,-0.00904474179334343,-0.0323912765784237
"SRR7811364",-0.0216924646183872,-0.0388461384822228,-0.01474030724355,-0.048656013573495,-0.0269402169251178,0.0415516757501259,-0.0298772811842875,0.0498639563232602,-0.0289761072633282,0.0401202915778737,-0.0278517406043529,0.0558263259374744,-0.0631265225730987,-0.0314781187535352,-0.0476368469824646,-0.0214597395266737,-0.00852583400886101,0.0106870874806584,-0.0227336288209934,-0.0230247999387836,0.077971802029595,-0.0135076230074062,-0.00620356929201991,-0.0071261194563555,-0.0351448188497909,-0.0226935763612818,0.0140635767349551,-0.0230372252557808,0.00554418496140461,-0.0136999694765887,-0.0402943232405168,-0.0152717290739325,-0.0614619662859269,0.0684879634513945,0.0343515508239193,-0.0250119531927944,-0.0476306424563305
"SRR7811365",-0.0762945661767036,0.105394990956957,0.0272705971755888,-0.0727886050483531,0.0363395585844585,0.0368406945294314,-0.0121775045799466,0.0533160039115545,-0.0311625559704092,0.0245198177689222,0.0215606592242476,-0.0616200771858258,-0.030478500248262,0.0664265586457232,0.0472185377851054,-0.0127167326552102,-0.0811534442889289,-0.0152719900341309,0.0984498037200003,0.00559456019354113,-0.0601560622990473,-0.0266342315234478,-0.0147705970931284,0.0867796205925784,0.00901371921729085,-0.0122928652938529,-0.0826274329246968,-0.0167277341320286,0.0117375862580576,-0.015524603332956,0.0897661541807107,-0.00929269568411798,0.117905746714551,-0.0769760048422931,0.0865810844427906,-0.017740106253089,-0.0523166766384076
"SRR7811366",-0.0472023380541846,0.0808567001323484,0.0239911613124876,-0.055362048006866,0.0254114151829881,-0.00241622834914272,-0.0148756623224121,0.0195508815471863,-0.037726571345923,0.0122035366515513,-0.00598085139224741,-0.0642446754524554,-0.00989718459870099,0.107221987582581,0.0400741715296574,0.012694850019997,-0.0896442036946198,-0.0276134750309538,0.163646776587491,0.0226758435209846,-0.0856027732853191,-0.00627010846373783,0.0140356081017663,0.0697999186825304,0.0536267037234289,-0.0124281000135479,-0.0572842640494193,-0.0104524350610748,0.0713460347980263,-0.00672734374172685,0.151486317382056,-0.003281196236062,0.128956138711424,-0.10173183647883,0.0524151396764475,-0.00983361640310004,-0.0512687911065791
"SRR3124722",-0.0435084402738968,-0.0294757321796951,-0.0278524856443358,-0.0787759412834518,-0.0184001041423503,0.0355571375238051,-0.025718895771171,0.0098551486385153,-0.0463411614716459,0.044218318072777,0.00305093166994999,0.0677502821865593,-0.0848986747560872,-0.0671087191961845,-0.0434425829065096,-0.030760729287865,-0.0335195403609704,0.00554848923375046,-0.0353716010837845,-0.0351102483614652,0.0813225704610539,-0.0302821666797011,-0.0997298440149796,-0.0108655747795494,-0.0759157042723729,-0.021418623509205,-0.00575829186891381,-0.0253963031308891,-0.0287030021579917,-0.0173801589728884,-0.058168272033758,-0.0158619041247217,-0.0578288782220468,0.0475879749788391,0.0374112360215261,-0.0256295398536888,-0.040707873757495
"SRR3124724",0.0621712710506901,-0.050654992870788,-0.00301810311349918,0.0184292042620676,-0.00662864851724033,-0.0572782299212606,-0.0272722003050631,-0.139632990034941,-0.029734120387817,0.0353752155099661,0.0214752944005724,0.0179919144732632,0.021094058900862,0.00105701287053246,-0.00273620760653559,0.0585784992949248,-0.0410762287870709,-0.00164923293663186,-0.00385912849035643,0.0269959748497268,0.00574725747036146,-0.0150764992110831,-0.0426199876846407,-0.0959436220698735,0.0285323144414452,-0.0196496745238699,0.0553030647266803,-0.0196401075703468,0.0606005810044556,-0.0135822412719469,-0.0046946797087145,-0.0155236129836909,-0.0193021171225688,-0.0562023634681302,-0.116744670950374,-0.0236276899515076,-0.0839824073396948
"SRR3124726",-0.0442165653392095,-0.030830593836271,-0.0303585697163619,-0.0793173593427172,-0.00857161589021097,0.0217069232656991,-0.0316431961384336,0.0606298156588418,-0.024785970603808,0.035571157532387,-0.0330267626246094,0.067552093607353,-0.0851000885493033,-0.0681621835910868,-0.0248089113187404,-0.0341372506561536,-0.0351636760980239,-0.0125723871531185,-0.0351365962140375,-0.0254700404568523,0.0690317622572121,-0.0104259580280002,-0.0458673326208088,0.000534612684026402,-0.0823613633222714,-0.0218849609548227,-0.00863253021588577,-0.0251355344098487,-0.0238120950953242,-0.0173801589728884,-0.0626266428828209,-0.0168474645792926,-0.0568508978220991,0.0590367523335337,0.0404141288922092,-0.0256069130775868,-0.0364236532765049
"SRR3124729",0.0176317177449701,-0.0431212829634555,-0.0314789740031875,-0.0259272862786757,0.0294411843800531,-0.0533876968108757,-0.0224023912315088,-0.0970065947919339,-0.0197939017010366,0.00966688250601894,-0.0168962216080438,0.0450718905580488,-0.0316527296828212,-0.0488621386534063,0.0479313713992506,0.00716932907712781,-0.0549902033936488,-0.0306289086036257,-0.0290079858422123,0.00895294195035124,0.00850569157922336,-0.0136251784475142,-0.00925126271745154,-0.077132647529334,-0.0368196387249885,-0.0206810701355714,0.0205418529694841,-0.0218598171675694,0.00807016958530384,-0.0151203920345801,-0.0516740337431641,-0.0164318269263104,-0.0329943942156315,-0.012007756932623,-0.0678043087859336,-0.0234039331534094,-0.0700418157902287
"SRR3124731",0.0571082052453215,-0.0512460677159261,-0.0165466167131433,0.00990397112398831,-9.86880429657909e-05,-0.070711447743876,-0.0224032338905299,-0.178089584982712,-0.0291019680722256,0.0214690429589191,0.0189190533479026,0.0279358485321943,0.0168858911996084,-0.00468443112685281,-0.00486946918973658,0.0517675806252141,-0.0493767806906621,-0.0119620641148634,-0.00586633541098696,0.0317933703703227,-0.00314769773307163,-0.0113745840487625,-0.059797051019584,-0.10738555934322,0.0136180753761386,-0.0189306285454259,0.0468251600625739,-0.0223035018311975,0.0432890342025576,-0.015350674528715,-0.0144972391250835,-0.0149884457047603,-0.020564984566277,-0.0613263928331344,-0.122279905151647,-0.0187709804713137,-0.0809624618678405
"SRR3124735",-0.0810029982336458,0.105713448942509,0.0241389314740246,-0.0834470492170838,0.0299109267644398,0.0458369226572608,-0.0113268672531046,0.0516623956678681,-0.044005707517452,0.0230919393336336,0.0203215128136869,-0.0528599628113814,-0.0381285665116549,0.0721078337302444,0.0366865486173896,-0.0173413373524757,-0.082331162009931,-0.0165306737133584,0.10689190148355,-0.00202601850772612,-0.0531245378693927,-0.0272547684484323,-0.0191284556730166,0.0974610297707821,0.0026461023354055,-0.00903586385007126,-0.0810105817300098,-0.0135764789115343,0.0176181715991758,-0.0023159898283403,0.0824009004146026,-0.00492151571316561,0.116196317242814,-0.0743167538364623,0.10062672779398,-0.00904474179334343,-0.0323912765784237
"SRR3124737",-0.0472023380541846,0.0808567001323484,0.0239911613124876,-0.055362048006866,0.0254114151829881,-0.00241622834914272,-0.0148756623224121,0.0195508815471863,-0.037726571345923,0.0122035366515513,-0.00598085139224741,-0.0642446754524554,-0.00989718459870099,0.107221987582581,0.0400741715296574,0.012694850019997,-0.0896442036946198,-0.0276134750309538,0.163646776587491,0.0226758435209846,-0.0856027732853191,-0.00627010846373783,0.0140356081017663,0.0697999186825304,0.0536267037234289,-0.0124281000135479,-0.0572842640494193,-0.0104524350610748,0.0713460347980263,-0.00672734374172685,0.151486317382056,-0.003281196236062,0.128956138711424,-0.10173183647883,0.0524151396764475,-0.00983361640310004,-0.0512687911065791
"SRR3124740",-0.0362136977769798,0.0618816558643648,0.0210785489868235,-0.038806408543056,0.0279386347310436,-0.0287745887375236,-0.0153982956354426,-0.00499929030793648,-0.0199366115217537,0.012852206763678,-0.00851671364912771,-0.0615815407798711,-0.00457096865599237,0.111023795850205,0.0384212948840617,0.021296016466867,-0.0998380556433604,-0.0320186120347189,0.18442794082877,0.05069226289963,-0.0931151014592736,-0.00113301456722932,-0.0199300252955159,0.0544399072028804,0.0767225447937822,-0.0091329583301836,-0.0454574065570319,-0.0101882231799647,0.0947478130119456,-0.00946507811557053,0.186142350817959,-0.00590019228224355,0.131113255926007,-0.104964084366828,0.0376564528323773,-0.00873197105063906,-0.0506232139467078
"SRR3124742",-0.0216924646183872,-0.0388461384822228,-0.01474030724355,-0.048656013573495,-0.0269402169251178,0.0415516757501259,-0.0298772811842875,0.0498639563232602,-0.0289761072633282,0.0401202915778737,-0.0278517406043529,0.0558263259374744,-0.0631265225730987,-0.0314781187535352,-0.0476368469824646,-0.0214597395266737,-0.00852583400886101,0.0106870874806584,-0.0227336288209934,-0.0230247999387836,0.077971802029595,-0.0135076230074062,-0.00620356929201991,-0.0071261194563555,-0.0351448188497909,-0.0226935763612818,0.0140635767349551,-0.0230372252557808,0.00554418496140461,-0.0136999694765887,-0.0402943232405168,-0.0152717290739325,-0.0614619662859269,0.0684879634513945,0.0343515508239193,-0.0250119531927944,-0.0476306424563305
"SRR3124743",-0.0442417408714195,0.0823251325105402,0.0254300992963292,-0.0504891779657746,0.0241637342696953,-0.000754709834955722,-0.0130434271034682,0.00522741574535952,-0.0383332882728704,0.0152430900611275,0.0044956636512336,-0.0656136796930503,-0.00399606200574516,0.0948113193852977,0.0411634721956418,0.0179946220808167,-0.0841766764300702,-0.0231989370006386,0.14801827889561,0.0295295957042263,-0.0807010768371348,-0.0112738233374268,0.00927754313638622,0.0557358223005411,0.0453518498905619,-0.012110602283874,-0.0575478170482991,-0.0159983061630225,0.0609650892550224,-0.0136418005423663,0.134307669803974,-0.00945890338464532,0.125345561771561,-0.101456118441896,0.0421481576036304,-0.0115473514877704,-0.0503437917062888
"SRR3124745",-0.0334747503925572,0.0726468250703991,0.0255946169420207,-0.0300631979098945,0.0376112798249558,-0.0239254175983565,-0.0109844914057498,0.0198984865076263,-0.0129656091663594,0.00959596947246236,-0.010769018299445,-0.0705094759100567,0.00865200690564465,0.12424112803442,0.0510444526068347,0.0195397372978123,-0.0957528910757376,-0.0326976490009732,0.189801792026288,0.0315317360191094,-0.0985217549753401,0.0115774112946832,0.00395729546996706,0.0589930241125043,0.0854303786494499,-0.00587737558316088,-0.0454987447979167,-0.00258919099407538,0.0940162534935915,-0.00691884229834643,0.187029574095904,0.000898296273054035,0.135902714688776,-0.10121184116532,0.0384886153131101,0.00115586015558385,-0.0514484310690047
"SRR3124747",0.0554764150372007,-0.0487809017722555,-0.0160572401875511,0.0170613258997954,0.0225555366050915,-0.0656389016821183,-0.0250381907238078,-0.129346400192575,-0.0167815340833864,0.0119278295427721,-0.00590906267310821,0.0250877699139457,0.011611565372426,-0.0334935865910449,0.0451674913838786,0.0347657950973842,-0.0417586460601326,-0.0183082156616829,-0.0284293714858525,0.0382220829149919,0.00116858859438924,-0.010284040146038,-0.0243795653376373,-0.0949271084193992,0.00506199324144778,-0.0247656673533387,0.0455011551114497,-0.0195610965416108,0.0238939288933102,-0.0173801589728884,-0.0334419732675107,-0.017383068931731,-0.0235619253700782,-0.0351097566975788,-0.100645652973715,-0.02267494425905,-0.076932098462545
"SRR3124748",-0.0762945661767036,0.105394990956957,0.0272705971755888,-0.0727886050483531,0.0363395585844585,0.0368406945294314,-0.0121775045799466,0.0533160039115545,-0.0311625559704092,0.0245198177689222,0.0215606592242476,-0.0616200771858258,-0.030478500248262,0.0664265586457232,0.0472185377851054,-0.0127167326552102,-0.0811534442889289,-0.0152719900341309,0.0984498037200003,0.00559456019354113,-0.0601560622990473,-0.0266342315234478,-0.0147705970931284,0.0867796205925784,0.00901371921729085,-0.0122928652938529,-0.0826274329246968,-0.0167277341320286,0.0117375862580576,-0.015524603332956,0.0897661541807107,-0.00929269568411798,0.117905746714551,-0.0769760048422931,0.0865810844427906,-0.017740106253089,-0.0523166766384076
"SRR3124750",-0.0284846801284411,0.0811934138844631,0.0371239769830539,-0.00708165144633851,0.0362700466539705,-0.00518198042123415,-0.0165876860317412,0.0494033383745149,-0.017442410374497,0.012654251020347,-0.00171640844680092,-0.0821553757888801,0.0280959801553884,0.0964700863195353,0.052091406944309,0.00845044685375251,-0.0728207872040721,-0.0275545417811776,0.135334845325145,-0.0131177790420133,-0.0905681897246439,-0.00966243901381975,0.0544824714391817,0.0665365827249129,0.0768452431532411,-0.0195660696211092,-0.0481145747222968,-0.0196619945597181,0.0704991037792386,-0.0116683605268469,0.148741805130687,-0.0101938075870716,0.128360643724734,-0.0854935475589119,0.0472011450987507,-0.0173710072273692,-0.0604952062358456
"SRR3124752",-0.0482913570214292,0.0715115498158124,0.0210373021341893,-0.0532754025163046,0.0319162356761058,-0.00934637593855062,-0.0104669923281237,0.0304623868118912,-0.0249030162954984,0.0099618877607673,-0.0111895680775228,-0.057120992574632,-0.0121375431711288,0.119031948364665,0.0451195927935974,0.00531589035646151,-0.0984834312618212,-0.03486919319801,0.174467289251316,0.0227098449540015,-0.0853569084232465,-0.000846608809196969,0.00383554124692605,0.0810465862667058,0.0677867768782692,-0.00885186415689118,-0.0526173100402289,-0.00518934410965943,0.0902543555085304,-0.00631325698313338,0.163835042345926,-0.00518572156705636,0.124751399101039,-0.0861716447073863,0.0637921647056051,-0.00714677034511503,-0.0374611265937041
"SRR3124754",-0.0421828550878256,-0.0312478368434033,-0.022253404724128,-0.0706096658822528,-0.0135086587138889,0.0371556770587771,-0.0299061700881472,0.0512351488501219,-0.0208167706481994,0.0460120049618932,-0.0344429608607982,0.0631024731457604,-0.0840238540984619,-0.0640794932329782,-0.0239467303851921,-0.0353196305313423,-0.0182332550962393,-0.000254273199636685,-0.0370768796832401,-0.0116170734112955,0.0847808202685386,-0.0140171604444372,-0.0257049671283799,0.00819675390664376,-0.0764200973080158,-0.0202084635302091,-0.00529482405372689,-0.0143012668775616,-0.0232311818836136,-0.0173801589728884,-0.0644683712521772,-0.0155615437945356,-0.0604772501840932,0.0771539090448183,0.0503012570197419,-0.0241243516039001,-0.0279626816631701
"SRR3124756",0.0208224596962442,-0.0342500439630281,0.0159639689542182,-0.005982816223257,-0.0532635418260844,0.0353736734422034,-0.0253820076628779,0.0221093305065681,-0.0487733586064693,0.0610679841246831,0.0455100981409959,0.0184287764165543,-0.0147309908377171,-0.032998380903063,-0.0771043020439909,0.0277925276370654,-0.00137500330610765,0.0432340501912253,-0.0321865109239054,-0.0125790608137917,0.0715560376337314,-0.0253226917479807,-0.12041723891465,-0.0274553613013068,-0.00637714997870538,-0.0234573042295471,0.0394483553035587,-0.0130768111315469,0.00596242262421472,-0.00752983322496637,-0.0233459242242785,-0.0129720450530965,-0.0362798443006662,-0.00688338813655735,-0.0186387357052047,-0.0247739879894764,-0.0563491496588878
"SRR3124759",-0.0153997313132869,-0.0339327545023128,-0.00150043680305382,-0.0494722265182843,-0.0425804371208441,0.0528581635366801,-0.0269901218775929,-0.00169669800929602,-0.0453482288466732,0.0654704622867037,0.026041599027434,0.046576952435348,-0.0544858630068733,-0.00746205405651896,-0.0581251419263934,-2.5490431271824e-05,-0.0121060683679718,0.0357820017135146,-0.0133120486922126,-0.0195762586906582,0.105095164668639,-0.026065881492721,-0.10314080667931,-0.0166656003941922,-0.0240075560018973,-0.0236039681324804,0.0206025675741809,-0.0263007144555428,0.00455725415917804,-0.0173801589728884,-0.032637034095359,-0.0143803004835492,-0.0536682632906908,0.0313698593622582,0.0143575129327771,-0.0265613397087126,-0.0531650917511405
"SRR3124761",-0.0433338362633302,-0.0311112998652686,-0.0179533245286636,-0.0715652467825726,-0.0170106221662969,0.0495986791286158,-0.0281207966405722,0.066936073411093,-0.028446898864779,0.0509919441338328,-0.0347376094031802,0.0595791317214017,-0.086739944236099,-0.0688145301956511,-0.0267203264380843,-0.0323362073078816,-0.014047958780373,0.0047763700014673,-0.039592491239143,-0.0222696747333554,0.0892396916861724,-0.0179506427483473,-0.0134065527595393,0.0138928482542518,-0.0764299608914176,-0.0215912361330073,-0.00749503673602985,-0.0240832825261998,-0.0219192224257416,-0.0173801589728884,-0.0665271253796802,-0.0159220171710687,-0.0612389982708827,0.0768505026057361,0.0509001705255991,-0.026595245869428,-0.0312720392920988
"SRR3124764",0.00184379201521765,-0.0391238545035097,0.00288670934198912,-0.0320715050553918,-0.0656750497140004,0.036855789288041,-0.019901347093836,-0.0196846490284123,-0.0536146113511563,0.0606445997304746,0.0524023186159472,0.036905990104768,-0.0320975098741834,-0.0439133430137267,-0.106918244871559,0.0179555149144693,-7.44380976441863e-05,0.0535759700860778,-0.0321429988066838,-0.0276697495587774,0.0873646036012513,-0.0288754590531423,-0.148655994854873,-0.0422385491947147,-0.0353854943255939,-0.0159607733939695,0.0297762357531657,-0.0175696564593196,-0.00634076993655831,-0.0140295978184774,-0.0387219185075947,-0.0162669469716572,-0.0481727838073097,-0.00346161661359112,-0.0139453698626004,-0.0252100639135609,-0.0566251891347479
"SRR3124766",-0.00732578767286448,-0.0387361607499629,-0.00638323468313927,-0.047252469097866,-0.0492316778744309,0.0311060015433731,-0.0259941072050297,-0.0972408843677589,-0.0514331334234357,0.0648303625059805,0.0516637067543128,0.0497513733198229,-0.0467577947458229,-0.0239392804957712,-0.0752725773024305,0.00816240948825234,-0.0129387289508469,0.0451441477483889,-0.0236131572238285,-0.00305180456802384,0.102164943067036,-0.0308501590589408,-0.155799674189178,-0.0536802658790043,-0.032855079599352,-0.0175673258552366,0.021629973866554,-0.0209297332208832,-0.00526068289727074,-0.0154226974002416,-0.0399660844832008,-0.0138928170388947,-0.0540088895698868,0.00382956708223081,-0.0241817169154385,-0.0211423870406585,-0.0667598323202002
"SRR3124767",-0.0470570374304513,-0.0322866901905354,-0.0174409821360201,-0.0757342624798962,-0.0194335107641755,0.0495772751036419,-0.0254894202294926,0.0596702234876165,-0.032535695811768,0.0487257790503618,-0.0312115562080937,0.0604200427930586,-0.0889561715427456,-0.0654722424363505,-0.032492157235419,-0.0322285674102926,-0.0136393940474654,0.0073542281915907,-0.0399985041287471,-0.0189943527959737,0.0877708077313281,-0.0196923671981386,-0.0193189766081219,0.0133420747153202,-0.0767706963395296,-0.0249540061554025,-0.0058562132976188,-0.0216078832209653,-0.0180093158619208,-0.0173801589728884,-0.0652806413934791,-0.0174251567915186,-0.0625817277396196,0.0745180408783217,0.0567615145894144,-0.029169859354697,-0.0246293553672361
"SRR3124769",0.0690154719925346,-0.0424483992147855,0.000876673423868139,0.0256099865852266,-0.00305577908383789,-0.055102896385392,-0.0217599040001552,-0.131426250412699,-0.0325849436250437,0.0317318687944968,0.0472104443871007,0.0120405544915802,0.0330745199033317,0.0567311362707367,-0.0132330335455861,0.0640353070876419,-0.0565801909979606,-0.00211815823916825,0.0406917100770137,0.00871467189263391,-7.30927892875268e-05,-0.0208235173070167,-0.0948706302049632,-0.0950003344653729,0.0758703012554804,-0.0206815129037745,0.0602222608946172,-0.0223926765577764,0.0828008878991358,-0.0173801589728884,0.0495607625170622,-0.0144215028644648,-0.00774477634029044,-0.0814663081002334,-0.110967280124951,-0.0213752404015162,-0.0864767218497782
"SRR3124770",-0.000768766861201098,-0.0345484563434071,0.002525853437323,-0.0326471671081261,-0.0462221041819308,0.0310906672786894,-0.0254685085836007,0.00513055264660563,-0.0450699036864796,0.0603106733908297,0.037596357640183,0.0335177148332186,-0.036812949736076,-0.0406841192294243,-0.0728423670530036,0.0123438334003248,-0.0164697782003447,0.0363039985041247,-0.0281059191559239,-0.0263549217873232,0.0776220714648356,-0.0331515766476939,-0.134572639092147,-0.0273576476544409,-0.0294770555315698,-0.0249415029157227,0.0253226119569736,-0.0179363161131959,-0.00661309773942181,-0.0173801589728884,-0.0335694846653753,-0.0164459788188187,-0.0420005770603076,-0.0039098672482816,-0.00171674731058684,-0.0255596477800776,-0.0556703599463154
"SRR3124772",-0.0182776108960617,-0.0324424899164422,-0.000713968487720973,-0.0528951307267027,-0.0370051884959673,0.0540565595365463,-0.0195487798620733,0.00760201695356701,-0.0447869833353586,0.0662339718100324,0.0274119315224581,0.0474742039058142,-0.0577089486833124,-0.0259279637259891,-0.0474900402543772,-0.002712079454671,-0.00976192966207802,0.0361826659983899,-0.0291607142107448,-0.0147573508036991,0.105461585275418,-0.0272677849845378,-0.105408970716069,-0.0151177548703768,-0.0352484668806039,-0.0242916230782177,0.0165310114828442,-0.0274475720084115,-0.00704845924851157,-0.0147895887431503,-0.0418487759653639,-0.0157930705983207,-0.0550250866973637,0.0371246253894092,0.0155823878141733,-0.0264849411784336,-0.05507297073685
"SRR3124775",-0.0661779384264415,0.0940922108054723,0.031381132420488,-0.0640276815727534,0.0219983727632203,0.0371022499531549,-0.00433065341638137,0.0127982567590004,-0.042389147395117,0.0328432372062302,0.0276080080926333,-0.060125140940251,-0.024353460652222,0.0701836878874172,0.0391867830061578,-0.0017074851381861,-0.0675066487841967,-0.00171205239519963,0.0999532712402921,0.0266555910463206,-0.0519630699206233,-0.0288460187817416,-0.0334703022868704,0.0733695435180187,0.0157766183384884,-0.0171465890809306,-0.0667443937796905,-0.0189801659290205,0.0205074226345505,-0.011923879172472,0.0811038309404375,-0.00663948668321668,0.115146269259706,-0.083602211144138,0.0753649476440517,-0.012668301151217,-0.0474986209021037
"SRR3124986",-0.0295111326443524,0.0698118706586419,0.0353049315448602,-0.0143716979436116,0.0237312059322678,-0.00085560796155866,-0.0104806957747865,0.0353277412049804,-0.0312437178560917,0.0189867323708812,-0.00269237839295313,-0.0739287968931733,0.0237240255281287,0.124271123227726,0.0404767047052648,0.0107841995320323,-0.0749587297149511,-0.0163064243256705,0.165267699893221,-0.031845329954151,-0.0762244633409904,-0.00680862941043341,0.0531894656915275,0.0693360846512954,0.0896676240046691,-0.00714405736482937,-0.0455294560045647,-0.0200252138681124,0.104114506099442,-0.0133755077122802,0.168940859580528,-0.00814500785655122,0.125169337230871,-0.092434405343217,0.0448935136955613,-0.0139706556211738,-0.056550880605585
"SRR3124987",-0.0567168996296312,0.0915167798634073,0.0398889423428223,-0.0560466827203666,0.00980391078364936,0.0423795834891648,-0.0102937405289441,0.0431903742478191,-0.045282829732662,0.0271984184191949,0.0116910079035549,-0.0683196671820603,-0.0146991347394623,0.0549790500292473,0.0363228711830473,0.0106730405161382,-0.0494922697026537,0.00257294387453658,0.0859775400629346,0.00067885058584848,-0.0602200288477851,-0.0173305782434206,0.0321747762940885,0.0819515170966164,0.012678920795563,-0.0189378157490951,-0.0659576817430359,-0.0195088081966088,0.0134743128888942,-0.00824520951079986,0.0734088325682195,-0.00463657145000487,0.114085129066391,-0.0709521584297188,0.0711251887934495,-0.0130869896151666,-0.0435887944303699
"SRR3124990",-0.0773463003796091,0.0921306575732735,0.0290187737937372,-0.0752499816515175,0.028284415674542,0.0416120568569719,-0.0036314672372775,0.0410348917157777,-0.0577419139884607,0.0294665121557121,0.0218535869781784,-0.0569764071445014,-0.0340409960918369,0.0893516637637545,0.0523136329005242,-0.0113535275963792,-0.0769801831030377,-0.00602879655544114,0.137884714867729,-0.0353586766410722,-0.0578179669060787,-0.0148045405298631,0.018204840979208,0.091873764361426,0.0211726772342489,-0.00969018195670599,-0.0796172307550409,-0.0050442453347033,0.0292989637297591,-0.0100981547314036,0.112451402553694,-0.00427387807318168,0.118954373026744,-0.0873181497860403,0.0841626890588851,-0.0106602327070248,-0.0326765185448934
"SRR3124992",-0.0253887977691585,0.0764956291644531,0.0397649480551031,-0.00618893870279306,0.0206528262063004,-0.00443812572643589,-0.0150474587023635,0.0102875968877797,-0.0376703622385059,0.0251627062779965,0.03010756404113,-0.0789063252976802,0.0328226845702837,0.126359564558084,0.0302479420666693,0.0182223627456335,-0.0753393347092316,-0.00140213602932176,0.168733620508458,0.00919616432718623,-0.0686751865399164,-0.0255758675604151,-0.0182148656679921,0.0517652887689559,0.10002084157224,-0.0161094132393126,-0.0445962371950052,-0.0221764916185357,0.0954459166169119,-0.0101437682116137,0.183217612994567,-0.00898619853132797,0.129309595401519,-0.108785186795563,0.0287908072178158,-0.0130123570824673,-0.062485589372097
"SRR3124994",-0.0519916316183904,0.0742600320267794,0.0333237960924777,-0.0575872004540389,0.00607835927332812,0.0246591101011532,-0.0161093877749465,0.0207128549739437,-0.046685305785015,0.0242779763396612,-0.000306324003524362,-0.0616328233803488,-0.016349655473753,0.0964270806387934,0.0319565486489859,0.0115020562504663,-0.0675957211518445,-0.00491575854196282,0.151462806370582,0.00592219884040981,-0.0683717337932031,-0.0093261312069117,0.0320480609838826,0.0814184841568071,0.0449262973481478,-0.00926311900669166,-0.0557006533193027,-0.0189316870468489,0.0645698596753263,-0.00217472962771045,0.132047685260268,-0.00619882529611979,0.119785323267356,-0.0834269516440457,0.0622185392812286,-0.010293005217202,-0.0482187175358126
"SRR3124997",-0.0678047559878109,0.0809036836064501,0.0282063241267671,-0.063582890417084,0.0424990854569098,0.0186255680484977,-0.00380306559847596,0.0703518259830281,-0.0283049122091123,0.0181416317465255,-0.0212443454465027,-0.0618311392098931,-0.0255258626043362,0.101938771142167,0.0713582959078501,-0.0113892951141117,-0.0856587217139384,-0.0258173296531565,0.165923004911422,-0.0210881836150974,-0.0812437038317791,-0.00919221914901528,0.0733354122157021,0.0913563206608527,0.0462788399110848,-0.0133081511751566,-0.076066264464185,-0.0107179512703474,0.0598544501388091,-0.00474142953855443,0.15399419745393,-0.00440186658366334,0.127861119438736,-0.0774539774262721,0.0746493327958428,-0.0109839778596468,-0.0412436994259521
"SRR3124998",-0.0314350301912152,0.0720022321743637,0.0353210723067117,-0.0134847701877963,0.0235595429444256,-0.00689961581109521,-0.0118530132546594,0.00991317643971318,-0.0339475170859081,0.0207501241691686,0.0260439583011124,-0.0732201884337535,0.028198407439917,0.139069822774885,0.0266994913381899,0.0142595488398431,-0.0879448958902462,-0.00585476412968955,0.190319277014605,-0.017752337215366,-0.0757037247679188,-0.0154218805010352,-0.0112930549078999,0.0574450316157814,0.106145121981844,-0.00992767220794769,-0.0476897706093636,-0.0175403534817739,0.104413153890477,-0.0140665409779551,0.202310843014358,-0.0086024855869943,0.132588249811705,-0.111462685890975,0.0321573511626322,-0.0141114731766342,-0.0628405292839479
"SRR3125002",-0.0346457101872979,-0.0367172395453085,-0.0326899643530901,-0.0729009541009693,-0.0128744670200566,0.0167478427128955,-0.0269861611212649,0.0467850632551822,-0.0262023857849747,0.03426938022141,-0.0330801399199305,0.0669771455438839,-0.0799801268754181,-0.0724269008450424,-0.0287384880172302,-0.0264795875104463,-0.0350548108333213,-0.0120725687248334,-0.0382475011270982,-0.0127458070025286,0.0687314261875707,-0.0107929237557158,-0.0329381770384445,-0.0106512113401995,-0.0763158857454394,-0.0285706663578172,-0.00061363100951481,-0.0267118432022749,-0.0205049965553814,-0.00578339028052196,-0.0637632021991978,-0.0161388488140268,-0.0586714302997243,0.052999933471776,0.0294519260529569,-0.0258685274340891,-0.0387882750945164
"SRR3125004",-0.051954932622491,0.0851657424926373,0.0371430534611168,-0.0499467837113969,0.0196713862238097,0.0271329997911089,-0.017784169787192,0.0360920652957109,-0.0466345461137649,0.0218510169950871,0.000615926330389384,-0.0688633666828569,-0.0132770989772455,0.0815490541818058,0.0540546277895877,0.00819825535725522,-0.0642709154935454,-0.00798511682812579,0.126976807892887,-0.0113636342810516,-0.0741526324253158,-0.00377291982514422,0.0469959849292046,0.0720687189011585,0.0388880963505302,-0.0126044056195613,-0.066726461981255,-0.0155243209268834,0.0363445702344396,-0.00973221456436145,0.127011800111877,-0.00519122156012026,0.122683360756115,-0.0829850440190199,0.0512723280656049,-0.0144149447923515,-0.0542477409857945
"SRR3125005",0.0468999527653219,-0.041304206238961,-0.0185711716663687,0.00783316251598727,0.0202848404911843,-0.0550520935625218,-0.0192997068955822,-0.139736126977573,-0.0252077576971483,0.014900995307947,0.0263968372431022,0.0307098291380731,0.00583949517699472,-0.0287903990160864,0.0310035128161982,0.0252202299795814,-0.0487933703922842,-0.010597945061224,-0.0235885408715489,0.0403508337782004,0.0136678739891432,-0.0236991668514758,-0.0890385178935996,-0.0982513205630123,-3.15696669375076e-05,-0.0204189801623204,0.0397187433309974,-0.0234957006655692,0.0137122882794549,-0.0173801589728884,-0.0259929528959339,-0.0152835287571756,-0.0245471570719637,-0.0458628194954921,-0.096294460147013,-0.0223305678874076,-0.0818159973169247
"SRR30310344",0.0507484146403513,-0.0299493600122986,-0.00968529117164789,0.0253590934710192,-0.00864802954448625,-0.0348018189381464,-0.0177211289652576,-0.0118530625340643,-0.0179088382060888,-0.0658857769309077,-0.00269768531492721,0.00758787241130626,0.0295209210028024,0.0337288492311271,0.00633657002993483,0.0140704753661867,-0.00765221595076882,-0.0111527954799649,0.0106829542284637,-0.0292069710306848,-0.0418742932924849,-0.00185799707552377,0.0317092130427179,-0.0155535558809711,0.0282133137686458,-0.0110753717049462,0.0492354071259959,-0.00443505262065866,0.0359740261219015,-0.0160082341148906,-0.00680466057805146,-0.00924548131645678,-0.000898063432560457,-0.0267974926724552,-0.0312456326755649,0.0311124496336245,0.0513210596043495
"SRR30310345",-0.0047246042162795,-0.0142213978418593,-0.0223677201512246,-0.0291071959116599,-0.0226537110380688,-0.0121075302779142,-0.00451992896181975,-0.0694152767079304,0.0154659323396428,-0.0466689002985426,-0.0178322789050595,0.0239217622329788,-0.0151769647309323,0.113415115652127,-0.0334420993597157,-0.00560904523822912,-0.0349364985092589,-0.0024729296498672,0.105572316556059,-0.00357988771473481,-0.0292529075560663,0.0562410042771699,-0.00392465509951927,-0.00283406067938447,0.0403167666172878,0.077600106646581,0.0170173118125979,0.163619411683147,0.0890023609353515,0.000210833307397792,0.0494867405116562,0.178269337545424,0.00771291309450861,-0.0189800944619392,0.0205097704954925,0.153615459895606,0.0253963751978905
"SRR30310346",-0.013185324682526,-0.00186821341541416,-0.0269680795230053,-0.0320279018087747,-0.0185761815985511,0.00581084124038502,0.0231041056121212,0.00315933995890023,-0.0277501597014877,-0.0510621331681477,-0.016740832193209,0.0328670968669265,-0.0218522070393288,0.0814049404837734,-0.0300200469582451,-0.0253490054566023,-0.0233326478687784,-0.00800541933452453,0.0768101460183018,-0.096314566612734,-0.0179635845413559,0.00525141061928374,0.0162461504268327,0.0263829251103209,0.00518462022741857,0.0849962716206278,0.00314822299217568,0.198630273364969,0.0520830059115385,0.0509789703785139,0.0170689092185833,0.62064120966049,-0.0022187529064943,0.0200474032087846,0.0381374887493212,0.327682190572681,0.0982428597569417
"SRR30310347",-0.0148928078544057,-0.00453289970930278,-0.0288695237251114,-0.0387191869350028,-0.0239186901700329,0.0032041976195667,0.0129916213106681,-0.0264826832026649,-0.0288440095256439,-0.0527618666590948,-0.0191421814204413,0.0379107005656579,-0.0282893585841176,0.0885303140848092,-0.0371422875166856,-0.028813190888531,-0.0175502511009009,-0.000572144152128812,0.0807138127166877,-0.126130496261622,-0.0188100750234972,0.0125752165051721,0.0247008505718603,0.0123790502407525,0.00463569932100506,0.161140878623231,0.00361858784215662,0.289258015684354,0.0550777804496552,0.0468244895179861,0.0148253303002992,0.605999839334008,-0.00734924323971082,0.014480227748437,0.0247679594738572,0.278843079202912,0.0780413871809269
"SRR30310348",-0.0291258268219084,-0.0117004013795252,-0.0275710209857239,-0.0470771580432318,-0.0267337101043419,0.0222551798957868,-0.013897882311938,-0.0105732393529992,0.0176797761436005,-0.0581480370492947,-0.0352676154626318,0.0395701808835059,-0.0461550905348951,0.0988497483254293,-0.0445205905272302,-0.0323638810405004,-0.02387144020998,-0.00593140223934803,0.0873320096178917,-0.0371049052746418,-0.0141746107087715,0.0507474697703807,0.0170242757469489,0.0288209141369105,0.0182488019866631,0.0308545489396193,0.00717273510806111,0.0930237747587309,0.0649942956450766,-0.00331790767200327,0.0289034295987967,0.100775177514719,-0.0123667374580481,0.0263888780508782,0.0611447996894382,0.155777574077232,0.053159669313994
"SRR30310349",-0.0204770119813042,-0.0213683208211841,-0.0227589085398722,-0.0456533289468428,-0.0366386230978021,0.0334422583516409,-0.0187391894568179,-0.0243404039114454,-0.0381843768224428,-0.0574818835178338,-0.0290400047077652,0.0443630184304588,-0.0455831592817252,0.0751484948202064,-0.0471555460048594,-0.028720577464884,-3.00335906884588e-05,0.00640077408050527,0.0481314061914356,-0.102930174630826,0.0020481460682234,-0.00389770376833263,0.0221111623409693,0.0101850548569527,-0.00603894231524371,-0.00995453597599842,0.011496474083875,-0.00419455842989588,0.035370925861376,-0.000473158040766479,9.46894914450809e-05,-0.0105023208212,-0.0273227287689693,0.034445564820153,0.049654680371718,0.0575580161094088,0.0540176473229415
"SRR30310350",-0.0333909445121553,-0.00859848522906441,-0.0279609955948289,-0.0511651639598812,-0.0165025780213313,0.0284518542212469,0.00894339138811739,0.0261046993516708,0.0221037468542384,-0.058637312477705,-0.0498963343828366,0.0406430864546884,-0.0532623681366149,0.0865140301401387,-0.0204084621569371,-0.0436413246623559,-0.0105015846917001,-0.0133947010481573,0.0800890562254834,-0.0318935520567109,-0.00838857128102516,0.0515771371989234,0.034836291222332,0.0468145419505068,0.00301482499620499,0.0280155363053493,0.00362807748005213,0.0446955654227338,0.0490573178727462,0.0274973888019461,0.0112540906169062,0.162506013571879,-0.0126974923651518,0.038966408228024,0.0685904250059141,0.178323374629041,0.0948895191089606
"SRR30310351",0.0579278454655305,-0.0200083233671332,-0.00554633045646839,0.03901132615984,-0.0131607421241288,-0.0622473528361784,0.00205528768985607,-0.0948046922969424,0.0210369861046172,-0.0456335745258441,0.0274033984997838,-0.0100984966011288,0.0583719986412676,0.078332320073284,-0.020222684515493,0.0314070858788424,-0.0168714630909499,0.00189099354942572,0.0587796714533594,-0.00657743768836228,-0.0584026629615576,0.0307212622988315,0.0142391310033419,-0.0551017646110115,0.0473427362966609,0.110661436535952,0.0412404518544156,0.197946478550974,0.0637543859970515,-0.00809301253551881,0.0298159336932753,0.0494018837190441,0.0281189071054921,-0.0676605458625728,-0.0712221718990206,0.142177204784499,0.0218131570700055
"SRR30310352",0.0509288961622407,-0.0258667763504015,0.00138800697030615,0.0274894634067868,-0.0315941497496459,-0.0159904460783946,-0.010064939870722,-0.0640817170760699,0.0260122775591916,-0.047129371544273,0.00825282049655441,0.00127074247356433,0.0325084481094758,0.105559019319048,-0.0326227408432887,0.0212265201062502,-0.0140172857134141,0.00875630960853229,0.0704249842624415,-0.0237090341294702,-0.0283710315454582,0.0556177623614687,0.0271270316156785,-0.0178664738259071,0.0710615063591602,0.0678779481293715,0.0539020022279204,0.186472072832686,0.0825291642969672,0.00489823504738698,0.0400801562992555,0.0524984273843497,0.00746653874779941,-0.0258997609046548,-0.0158687260582746,0.203814341879483,0.0471246289723051
"SRR30310353",0.0545618377620488,-0.0230525449682197,-0.00922597956603333,0.031131252713332,-0.0253896675004684,-0.048740013035635,0.0129965974366225,-0.103624946184155,0.0421910133759342,-0.0454191017879918,0.0268450698576449,0.00447680688963046,0.0414810953825797,0.0773982035712749,-0.0381124591730659,0.0245760381894233,-0.00988588634755612,0.0106124981362662,0.05931168513928,0.0338639531777362,-0.0447928257754775,0.0848252062036054,-0.00215675284379518,-0.0424663291835791,0.0404326595472625,0.124549335959454,0.0466983355905918,0.229828881354695,0.0607912767644224,-0.00153308188442111,0.0165450708126515,0.0837548223361266,0.0137167444332416,-0.0351184155471595,-0.0534934986953979,0.287509284129396,0.0479076772466759
"SRR30310354",0.0270880255825243,-0.0215217013625523,-0.00409192151046782,0.00323820231681703,-0.0137436104999492,-0.0134076477050425,-0.0112191629887379,-0.018083131211954,-0.0136804006263391,-0.0532199337969308,-0.0103056995126399,0.00803653525078115,0.0033807760753199,0.0440518792350734,-0.00549929746325128,0.00372286809672456,-0.0108735893563016,-0.00648153249079011,0.0250555656745462,-0.0443540024316967,-0.0349459965777725,0.00013334327125141,0.0332632422180956,0.00740921415959337,0.0214865472988014,0.000388604186366424,0.0354967825529254,0.0383630485222969,0.0457646944154456,-0.00592592603284457,-0.0019700205006971,0.0107647261078356,0.0046712318488892,-0.0154166792402915,0.00458703959812889,0.119792296702438,0.063388225325798
"SRR30310355",0.0357308536123346,-0.0236279728889593,0.000233111545418772,0.0103630014242429,-0.0188290133206911,-0.015692371223929,-0.0146814909257232,-0.0286541672006714,-0.0232372429084875,-0.0476621465784936,-0.000677512858931513,-0.000566480481139915,0.0145376291686004,0.0287592790166529,-0.00967256775075819,0.0170476246020381,-0.010574002547442,-0.00221869516503891,0.0133310958924667,-0.0255447643146462,-0.032179896127688,-0.00810216666543359,0.0210466093478864,0.0049393012991782,0.0185703701281467,-0.00626375472033265,0.0398820321454556,-0.0115090465947532,0.0453593684165758,-0.00542474700361115,-0.00230932582696812,-0.00973369668643051,0.0107722050655965,-0.0314010538077899,-0.00424098207514449,0.0412764365420986,0.0580519538479063
"SRR30310356",0.0458675554887719,-0.0249042375523478,-0.00114995043455762,0.0210756030657475,-0.016261274858051,-0.0234771593792887,-0.0191533674562783,-0.0421573740115013,-0.00683954835793589,-0.0519166514622495,0.0018135171264326,-0.00115657970496514,0.0272565244529215,0.0814619993049187,-0.0110349329254025,0.0189337999997849,-0.0125797518242162,1.30734179931915e-05,0.0517349935719518,-0.0117882971219658,-0.0345492627948806,0.00546676957679587,0.0160656323239736,-0.00827320639282429,0.0507758843732722,0.00304446370056805,0.0488645991658405,0.00867705820261957,0.0671817644423024,-0.00710721541041172,0.0252112456042156,0.0205918870479755,0.0122288096430355,-0.0337968673311354,-0.0166250923947235,0.148618268404974,0.0541030304986179
"SRR30310357",-0.00726560040750915,-0.0175382940232945,-0.0172951883975156,-0.0296808697752246,-0.019320952307636,0.0229864355621047,-0.0101283323457535,0.0217324259499945,-0.0278697555959856,-0.0557211756854955,-0.0367341367222818,0.0295684994849353,-0.0317076293833865,0.0376346651548857,-0.0191641227143206,-0.0225736115541912,-0.00631014624467586,-0.0114511572809451,0.0234032709697581,-0.0569559466947388,-0.00997054452545355,-0.00669797006027696,0.030580731757938,0.0405504294501381,-0.00334901199422918,-0.00156926725432505,0.0173668056176132,-0.00224234997346923,0.0296165016403653,-0.0076494914834625,-0.013996646950034,-0.00450261538504718,-0.012351396480217,0.0210003193759767,0.0486843322461331,0.091514154039897,0.0916154468744892
"SRR30310358",-0.0377515064544307,-0.0141404914053949,-0.0354945859933445,-0.0602532484229349,-0.0166405752607016,0.0313451345942524,-0.0057254695918028,0.0539570890868786,-0.038256762136032,-0.0675478950678026,-0.0609741735401689,0.0518087902895372,-0.0654891587073699,0.0488605887980599,-0.0181305225709256,-0.0483513485090045,-0.00908937021858504,-0.0223835169729538,0.0403272163009903,-0.118981036035318,-0.00633836220130706,-0.00372265322180588,0.0584691225792371,0.05950939990814,-0.0282089233656602,0.00506622997236827,-0.00658548868742193,-0.000863457560241037,0.0153845064422982,-0.00940000731515001,-0.0186132208578187,-0.00399503709958272,-0.0271207332804371,0.0515513252633139,0.0702281880190534,0.0671030036036201,0.11306951575175
"SRR30310359",0.0164891744752408,-0.0259681123580998,-0.0236730864940313,-0.0145301411342862,-0.0154839766123349,-0.0151634977987745,-0.0134624827487177,-0.0125102699974777,-0.0188070564840962,-0.0662696758910838,-0.0231541097859157,0.0298061149706313,-0.0105010189452711,0.0486822434008196,-0.0238677155694041,-0.0124794566245171,-0.0211742603431497,-0.0177091816542691,0.0305330143481718,-0.0835245967903037,-0.0291241819282134,0.000532951439634337,0.0233742171329544,0.0029591791145899,0.00998460101437452,-0.00251792491971187,0.0307003545042847,-0.00168593078425856,0.0405728821248984,-0.00757322361759034,-0.00381867336425014,-0.00340755769806169,-0.0120362957731229,0.00249787908710832,0.00589336055553746,0.0953880686991899,0.0520784342665503
"SRR30310360",-0.00237476589331914,-0.021825501648987,-0.0236316924771807,-0.0279498175948072,-0.0168868925903734,0.00893168660413388,-0.0145188360275093,0.0043910443514682,-0.0220120878585627,-0.0635221069849297,-0.0396771653996619,0.0336431048513679,-0.0292317596305605,0.0581411241399827,-0.0222971322854284,-0.0245783966153319,-0.0157484392684363,-0.0155157389878817,0.0410302379024705,-0.0570694688522571,-0.0165805641625187,-0.00156755362797799,0.0321236562167917,0.0236725754455315,0.00464593549032599,-0.00203329066655086,0.0211998516925469,-0.00463228843576313,0.03842916331056,-0.00707608273553317,-0.0043395223723469,-0.00137632006533353,-0.0160588323270859,0.0224644993011777,0.0373640871578054,0.101353886426481,0.079413322639706
"SRR30310361",0.0310694093380134,-0.0152628134938029,-0.0125494332041916,0.0112515741060769,-0.0208370737382129,-0.0191621199048953,0.00916148155916763,-0.032237265446556,0.0392597516629059,-0.0531470114827529,-0.00219170638912786,0.0130664182970903,0.0100109907763097,0.0679170107583118,-0.0188695295679936,-0.00079955704160026,-0.0156995207287668,-0.00335262725607799,0.0534564438930275,0.0332484085065,-0.028030874576484,0.0816160268016504,0.0106472422105715,-0.000865699303727912,0.0326598236421904,0.144724758542403,0.040310064050556,0.273769693284315,0.0550690055233354,0.0231828680808546,0.00835237674789621,0.232155903873304,0.00700657147307999,-0.00762470463451778,-0.00456241307680534,0.29392301067749,0.0843657329858186
"SRR30310362",0.0398237857695837,-0.016458439916454,-0.0101612336483848,0.0178296729643071,-0.0234765323762465,-0.0299708443486938,0.011748307606197,-0.0615788270604191,0.0375422194662256,-0.0483720908619131,0.00719782827187026,0.00703625235206194,0.0265877373500661,0.0848562608625831,-0.0244388181586203,0.0124194976783007,-0.0141072748278238,0.00257548675561068,0.0692678221104875,0.0181155713740066,-0.0363950857389395,0.0687680889057079,0.00856390967878243,-0.0173623625950925,0.0429275323118952,0.169298498332332,0.0426414539369116,0.303300690885174,0.0673841969729214,0.011288111711205,0.0244848581839793,0.147417927601814,0.0149429500446347,-0.0307840475809996,-0.0272782810687153,0.234971497692136,0.069538875557707
"SRR30310363",0.050412002706848,-0.0146923685797988,-0.0095396553410901,0.0275416027325548,-0.0128750502097112,-0.0467129706600015,0.00395420285877005,-0.0605575431142461,0.0312251068000324,-0.0467955269088626,0.0120545869892583,-0.0029499640705817,0.0447968601476946,0.0889706038704862,-0.0120506646623239,0.0166844500592013,-0.0220047244293289,-0.00476326803381659,0.076776990816595,0.0156621437586507,-0.0453542152452966,0.0485007031026387,0.0145660505005844,-0.0242189148400932,0.0499677563713882,0.121869992498825,0.0407453311136933,0.234374770701786,0.0695813164636085,0.0165821976513159,0.0325008333655132,0.177989098311727,0.0264802279904321,-0.0463385056013415,-0.0388248439623651,0.260118816256973,0.059569326309016
"SRR30310364",0.0401373490785108,-0.0254159776535143,-0.0104906356433047,0.016762093066625,-0.0195050585167181,-0.0204277699453134,-0.0138955174212586,-0.0243578978561394,-0.0147712846982625,-0.0586557392816454,-0.00423432300228554,0.0128495734954982,0.0197803294576987,0.0550934250193061,-0.0079631016514064,0.0101114524667088,-0.00485693412183714,-0.00183944977867178,0.0293239237998611,-0.0545929795122705,-0.0301211747685505,0.00827264722139199,0.0410955262337174,-0.0111314013131494,0.0298104854478106,0.00663012804846728,0.0448720839509549,0.00378145655784943,0.0440555316016942,-0.00512187760106417,-0.00126595109611921,0.0355875365653208,-0.00244276755022039,-0.0178972981279506,-0.0166317664326773,0.17264881237463,0.0571509120908347
"SRR30310365",0.0408031786021621,-0.0267303387811945,-0.0101568289684023,0.019299662673044,-0.0235674429362942,-0.0156647525005525,-0.0117071267470616,-0.014402090037921,-0.0164387174623298,-0.0583156437422766,-0.00942995967560976,0.0158680894286964,0.0194079849053852,0.0375490109965377,-0.00858063029238199,0.0084198154827849,-0.00188492024990958,0.00269945939799834,0.012854436180402,-0.0366721291379704,-0.0227597747690921,0.00839100216853843,0.0338654348346543,-0.0112493441300667,0.0267821066612102,0.0119865210432623,0.0446002956975906,0.00767218236912964,0.0366726974329019,0.00940739393325049,-0.00880535226891604,0.0225578379748374,-0.00994460099485914,-0.00736262571485012,-0.0112182494736849,0.216028453262728,0.0509749307622974
"SRR30310366",0.0365589496752535,-0.0245059968060177,-0.00798593771909852,0.0118367112720151,-0.0194432189372213,-0.0137035592385871,-0.0134997242254751,-0.0116539288731439,-0.0111827344214198,-0.0588102622488609,-0.00839076951481445,0.0120198389001276,0.0140305876948233,0.0762474867811597,-0.00347456560128552,0.00460219481104964,-0.00768868557958685,-0.00197326163367965,0.0487264280436886,-0.0397065046699678,-0.02688640981758,0.012290160583973,0.0377382526453552,-0.00637496553344769,0.0408729420833989,0.00983344684603852,0.0429023208700917,0.0133654898931706,0.0560000626501847,0.00671733389271885,0.0096152360755872,0.0333039885745907,-0.000200508547336677,-0.0156509754499856,-0.0116870944772996,0.176114273630582,0.0655586968993304
"SRR30310367",0.0418113084883835,-0.024497218877581,-0.00242601211271142,0.0205349669614005,-0.0184662498301957,-0.0146981531162655,-0.0139678829691861,-0.006134875544553,-0.0192140154227648,-0.0561779904546559,-0.00462022325820379,0.00287592997169272,0.0207016163496056,0.02659131238542,0.000175122485059048,0.0126392020538668,0.00144344792437234,-0.00141978001219021,0.0086147295864643,-0.0185541248880262,-0.0289019544309827,-0.00385052646274691,0.0292659588180716,0.00512700991373216,0.0243674582570981,-0.00537833573152764,0.0438361580333075,-0.00502851093668593,0.0376593248310526,-0.0041625150613632,-0.00683715011549842,-0.00417042433445857,0.00322607945701088,-0.0194695746713847,-0.00725955961083675,0.078153020194296,0.0671887630293538
"SRR30310368",0.0468737744649109,-0.0284466556045251,-0.009943059849552,0.0231196172456573,-0.00870174714435522,-0.0339446294573265,-0.0178920924039152,-0.0093525504990216,-0.0125409955028025,-0.0638561604227079,-0.00312500868682148,0.00787113070547868,0.0254330470252455,0.0130092966072404,0.00433754515439328,0.0131179753036656,-0.0108841334662461,-0.0101595841182138,-0.000393149205193858,-0.00868650606552214,-0.0387831766548336,-0.00229217428201917,0.0212305946718148,-0.0103462228201608,0.0206595804529419,-0.00877912881955996,0.0451728242774837,-0.00643604438902692,0.0340244586530903,-0.00783320388692199,-0.0130114960310742,-0.00389427459139886,0.000283081550459862,-0.0274584988702681,-0.0218386553060008,0.0523924410552511,0.0459767121900942
"SRR30310369",-0.0215193420031141,-0.0341523617367793,-0.0481973907344728,-0.051410187547653,-0.0281178407701313,0.00969750944616803,-0.0182848534531058,-0.00320377754608807,-0.0276752588365829,-0.0798843848112105,-0.057048525350374,0.0695575641514675,-0.0616294448129459,0.0479238405536485,-0.0428966617145753,-0.0410601062183999,-0.00923175361871253,-0.0162817076850514,0.0258359209659712,-0.0498975725664901,0.00145937180457792,-0.000643648679632643,0.0174607806215082,0.00537630208050625,-0.0222631739815815,-0.0111779666794603,0.0169799195863,-0.0145602473554731,0.0231576208112857,-0.0173801589728884,-0.030959650280903,-0.00982737176821614,-0.0489988216247966,0.0532581341955624,0.0313554673182879,0.0241133032578321,0.0355878972864105
"SRR30310370",-0.0222840526137252,-0.0297629508550402,-0.0393984821671545,-0.0437218646353873,-0.0216203245905489,0.0157747728333412,-0.0172942887627715,0.022706632280619,-0.0223886125115636,-0.07536879354268,-0.0608396706710094,0.0595852573244542,-0.0559205729203092,0.0799919640576556,-0.0330418159845777,-0.0422997714852174,-0.0136892392320534,-0.0204734186403045,0.0554982389057394,-0.0421259739382142,0.000209916677130425,-0.00136257324471457,0.018730942191533,0.0212552923635023,0.00381690503397202,-0.00598256824932528,0.0145783133140082,-0.0136470004131751,0.0387278773332379,-0.0173801589728884,-0.00258873977036756,-0.00755298960829084,-0.0415413613380547,0.0579582375528925,0.0515055683951662,0.0229450261330921,0.0695860393680251
"SRR24657655",0.0813433000782075,-0.00383529864788971,0.017978753485065,0.0681246791608698,-0.0273628214314992,-0.0379568956128561,0.047687903249873,-0.0203088518279178,0.117342653945528,-0.014076360925579,0.0238577711779542,-0.0245117916319561,0.0689097562494363,0.0960735849276373,-0.00967440196704813,0.0449051654556337,0.00761064394782255,0.0148713397861781,0.0833356451205859,0.125515936151466,-0.0191860036345022,0.362092358922048,-0.0213055505235754,-0.00299820725526697,0.0950995120237967,0.0706228324491556,0.0754577359261739,0.0764843390050526,0.0957260342582439,0.345173490268416,0.0561826281417808,0.122777254407338,0.0431794667752249,-0.0447557673856384,-0.031947196634569,0.14990319461132,0.0724434177034992
"SRR24657656",0.09646828201146,-0.0228538963840196,0.0236106195347588,0.0883663815123699,-0.0264576414511742,-0.0630257266485174,-0.0091795988945823,-0.038146469315867,0.136024880273359,-0.0144477344783788,0.041135495070844,-0.0371349185617063,0.095424911121102,0.104460448794007,-0.0212306885951441,0.0564059742942271,0.00702389031950661,0.0202542710928215,0.0797820540838418,0.129544093617217,-0.0321519436471294,0.316499587292031,-0.0147780244065631,-0.0239855771716047,0.111665488830313,0.0142371543987241,0.077398942014303,0.0277686583169898,0.108634761518894,-0.00566112634146591,0.0734684432637932,0.0178420030142356,0.0422589196934185,-0.0622731001665938,-0.0586110929577585,0.126810237833532,0.0507067784042035
"SRR24657657",0.0978478204978325,-0.0212554517313264,0.0242166428443844,0.088045528244997,-0.0311481276220277,-0.0713229670529684,-0.000465166348708482,-0.0644096937476634,0.135240053489936,-0.0211401760671745,0.0492880835764594,-0.0400290653665444,0.099782064342018,0.106947260824453,-0.0244360334103107,0.0569260924606406,0.0106577947062545,0.0239612478087969,0.0878579478721948,0.138677827011012,-0.0378509031721005,0.308550922183718,-0.0187805164697752,-0.0369091657570579,0.107103608360753,0.021072576295496,0.0748160648007156,0.0340245124502534,0.105922276580392,-0.0124137848744285,0.0730936571391962,0.0221046223341754,0.0468988027618102,-0.0689184633194229,-0.0728661421338826,0.121080716624327,0.0387090895986755
"SRR24657658",0.0774498258223416,-0.0318284931418414,-0.00283782462445543,0.0552792128685873,-0.0124870147509878,-0.0658506571313469,-0.0162034470641516,-0.0558708416276805,0.133495683951547,-0.0568048714538927,0.00355707423830879,-0.00787511209924968,0.0508491491747849,0.0947846459687887,-0.00700143822956975,0.0304137575825561,-0.0112958287379907,-0.00546600483954271,0.0869660569178573,0.114248246749211,-0.041609136231192,0.31666058939269,-0.0114668331372749,-0.0403815597728713,0.0847080415646088,0.00052202724984085,0.0703032902255516,0.00248014263867234,0.0954570990710974,0.0165165995218652,0.0429230545054513,0.0108819749998383,0.0207529599069444,-0.0462066797066944,-0.066031028251495,0.0276236014811442,0.0224949153148342
"SRR24657659",0.0911046433363452,-0.019106690980587,0.0203994428753227,0.080277858681614,-0.0224173977706964,-0.0766138463656915,-0.00299870840976235,-0.0747764863295267,0.132184286460614,-0.0177803218380909,0.0445112789742483,-0.0415604758656475,0.0960326737860259,0.113337107082219,-0.0212850437187896,0.0538183193895958,-0.00768064104698204,0.010782311651789,0.10302102557084,0.133400738363891,-0.0423860029545027,0.289049538950022,-0.0122308772947826,-0.0346787224617797,0.110599808909044,0.0300134422908965,0.0677645116152978,0.024822493055493,0.117508462875391,0.00410755848022076,0.0970214380164037,0.0106494059434374,0.0520375019343273,-0.0752504852016837,-0.06816217628205,0.141463327633817,0.055497832566581
"SRR24657669",0.106882409017729,-0.025686340641449,0.0585061767881177,0.113496898828502,-0.00490360776898528,-0.0642349282519168,-0.0149548301017564,-0.0514321107565709,0.157202267029913,0.0428601537916636,0.0619194326807874,-0.0738098963725921,0.114597241080389,0.0482235249571604,0.0139009151468273,0.0863155968297832,0.00757360359614461,0.0258663296671768,0.0469120085298537,0.15385689122118,-0.0231296109001226,0.26775924843481,-0.00675238647285521,-0.0440909315860539,0.108280567091191,-0.0130068639811725,0.0780757776231736,-0.0139426187737638,0.0788716387280791,-0.00676702622390034,0.0851875079893367,-0.00433678866407412,0.0514659763516131,-0.0869214948023449,-0.097525101555015,0.00434678402139662,0.0182061352075649
"SRR24657680",0.0875600156788449,-0.020149936168287,0.0521153181149066,0.0927083233179795,-0.00663508085460331,-0.039866156947827,-0.0122817674647043,-0.0274539294320838,0.150192841101801,0.0469542616938842,0.0449025791104811,-0.0651436739866801,0.0876048331794577,0.065596561466761,0.00951161605328811,0.0701771791337671,0.000785511581209084,0.0225549295677956,0.07131806037565,0.129613137391059,-0.0131450228628015,0.271686155467338,0.0115333376377667,-0.0156964703328142,0.107867866724307,-0.00578450826554868,0.0677427520126759,-0.00796623549185144,0.0930987260958095,0.00365134911522553,0.0954503959032249,0.000670026873902695,0.048018496761731,-0.0644660377590933,-0.0527751645176606,0.0106770007174347,0.0332057970989646
"SRR24657691",0.107831986496472,-0.025638785999902,0.058150971868449,0.111275480635869,-0.00724915115998143,-0.0598108548118067,-0.011509120325213,-0.0561503038336013,0.150950727036026,0.0441123091568666,0.0628330678065724,-0.073971545160598,0.115153639470186,0.0505519982131944,0.0160714523766951,0.0882966144562185,0.00805480815942753,0.0281318289478986,0.0493178960651078,0.139820325619878,-0.0241023900459269,0.263141898913098,0.00803799200756847,-0.0459271470268024,0.106889868169871,-0.0131308723210949,0.0767611940542623,-0.0140953511908994,0.0798506975265858,0.00407626832268144,0.087412473588045,-0.00504528885850032,0.0515601322480732,-0.0798560441977366,-0.0984158379076914,0.00634707289298784,0.0129443449495264
"SRR24657702",0.0965140900702124,-0.0223300797945952,0.0562064386583924,0.103057065269339,-0.00446715647442022,-0.0489296183362408,-0.0104987148727957,-0.0368264265478579,0.148740209590044,0.0441214611562829,0.0529799153585774,-0.0699018225082864,0.0999407662365052,0.0497357059481227,0.0158677627298878,0.0782179118501208,0.00842552559228486,0.0267887749222076,0.0517731817301844,0.13830706997411,-0.020754774984262,0.268739359346555,0.0117462615798589,-0.0331172266709507,0.101232987499781,-0.0060443218131978,0.0692869797789653,-0.0104521395705935,0.0817739594921127,0.0146881796492899,0.0856278951134684,0.000908843200964945,0.0485997628090373,-0.0712005989544788,-0.0814179419215524,0.00707713454550504,0.0236016088725573
"SRR24657703",0.0901888373519464,-0.0233193695402001,0.048621546516715,0.0904391730536689,-0.00564203296897604,-0.0468230587103828,-0.0117422442253123,-0.0297262479938573,0.145519065335502,0.046605416723382,0.0411690080339017,-0.0582479167283578,0.0838808939043062,0.0647148074147283,0.0119603178961663,0.0722056727130391,-0.000426451624015346,0.0240202903073624,0.0626416386663991,0.126049993848338,-0.00768811302948331,0.265207473996758,0.0125936220276402,-0.0241489166710752,0.103832287553804,-0.00290470702679669,0.0699388447903203,-0.012313837602785,0.0914897102746361,0.0359044444842031,0.0893578085227526,0.0051372000824689,0.0408319050988444,-0.0546911079555296,-0.0685563265625815,0.0327250489629968,0.0347490009270851
"ERR7738942",0.0142392695624095,-0.0281603938193075,0.0136012831424487,-0.00886921743550463,-0.0298192779950636,0.0448484616929747,-0.0190218341361415,0.00903487198419472,-0.0232850548368212,0.048460104895859,-0.00422499136404265,0.0188746628951021,-0.00725965347669312,0.0991028480707782,-0.00875386355530095,0.00808603546378889,0.006248760630059,0.0264823525806756,0.0528700094536511,-0.0983434685517886,0.0593639525074354,0.0117458241898788,0.0228183093248889,0.0106096714248639,0.0498323037980691,-0.0131286177259685,0.0268503734164932,-0.0115844237657417,0.0647157507686014,-0.0111204314106706,0.036771965044294,-0.00992536139930628,-0.0251999207954553,0.0355378095385889,0.0163137147205023,-0.0117987634730779,0.0446059624818614
"ERR7738943",0.0222359973801145,-0.0294426763380137,0.0205764483029556,0.00100178348939371,-0.0200222711764365,0.0371141577727151,-0.0154733890796788,0.0106050068463032,-0.0122075682954517,0.0684953724163625,-0.0118700892031567,0.0123878507355636,-0.00477814251497729,0.104661610140163,0.00818053830003512,0.0169979085877685,-8.21267592236901e-05,0.0159939277092115,0.0570737347500942,-0.0377272901240166,0.0615612211671454,0.0157337380819169,0.00492560833283975,0.014493365785015,0.066204137322289,-0.017607499775978,0.035872788961484,-0.0165505409117879,0.0819512873087279,-0.00585143528784095,0.0476645304972024,-0.0114628407914559,-0.0207627178921075,0.0276681139965225,0.00654485560630195,-0.0116940596743765,0.033269964367989
"ERR7738944",0.00757836524457379,-0.0274965781538118,0.0140309506044721,-0.0130096370514306,-0.0395448407062474,0.0465884720022937,-0.0167560575210673,0.00579704689267071,-0.0161069437892128,0.0554376918887003,0.00845133377310994,0.0202601774663985,-0.0110728011512476,0.103173025523351,-0.0343014759613893,0.00908707407359586,0.00397388427088873,0.0316562099095909,0.0610194119851525,-0.0399249417149603,0.0715450788610908,0.00998937528000734,-0.0319899208131033,0.02170713960252,0.0544661424654835,-0.0127088902180021,0.0310551975844564,-0.0213173806861972,0.0747494566366948,-0.0094528955918189,0.0405872481873348,-0.010173744715125,-0.0253290217679666,0.0308123850489814,0.0312210779842163,-0.0105386536967976,0.0405313553476149
"SRR30606508",0.070886682845247,-0.0469444799806391,0.0364084333413829,0.0701730909899123,-0.0254691072352337,0.00232339803511118,-0.0228953671270421,0.0163302872180047,-0.0483609340338367,0.0484210743290997,0.0275375781008422,-0.0166728680820211,0.0634362419595869,-0.000287703199542868,0.00807075728407,0.0676429586723085,0.0168215184097789,0.0257463680458429,-0.041994601012005,-0.0296415260813202,0.0292552561635315,-0.00840174915815428,0.0433971547869009,-0.0613362980778925,0.0443952766617182,-0.0211690076912203,0.0439911210702026,-0.0260575281978187,0.0264514954137125,-0.0173801589728884,0.0203466976519581,-0.0122744101132675,-0.0174606949294489,-0.0285762747492751,-0.0829165505160423,-0.0259892763125953,-0.0596587774608706
"SRR30606509",0.0353394398339246,-0.0483554389641763,0.0184978174369748,0.0104914326386279,-0.0469544115440217,0.035614873864815,-0.0200554980782029,-0.126912409583159,-0.0463876623601059,0.0685145170956442,0.0337554195168007,0.0146872301972611,0.003143463488715,-0.0216473619066176,-0.0376871907260906,0.0453544838571554,0.00922756737749513,0.0392008156558773,-0.0367165481108181,0.0035188370646251,0.0811268567372154,-0.0144331289782815,-0.0542579581301621,-0.0635457069267253,-0.00257193257301285,-0.0233299304788385,0.0420033086851614,-0.0284570328759984,0.0143460816515042,-0.00629917042710061,-0.026509612443411,-0.0134750820376186,-0.0335572740202471,-0.012422824525673,-0.0305557458692895,-0.0239973089636,-0.0483284254296182
"SRR30606510",-0.0251933938019126,-0.0316109156166417,0.00558091348300985,-0.0429005359066434,-0.0271431213119932,0.0761199416591642,-0.022536687095559,0.00556183172831296,-0.0479852063894985,0.0580028799345022,-0.0132409768525579,0.0396149651199041,-0.0552852529985263,-0.049312387156747,-0.00500777789119454,-0.00828889087034263,0.0024153353949133,0.0192620841557701,-0.0398041674610463,-0.0593342908853431,0.0915630405725543,-0.0116765171556966,0.0323582076076822,-0.003922027630874,-0.0510231278813569,-0.0195400007828828,-0.00413392808440551,-0.0238828830280706,-0.0199021168706282,-0.0142614824583275,-0.044258785242727,-0.0143954187465047,-0.0503221600518189,0.0627669666706753,0.0483390811011722,-0.0215637388555223,0.000262795462140823
"SRR30606511",0.00407673433385347,-0.0394399019052028,0.00996660863989556,-0.0189034602373322,-0.0361503552559966,0.0521696911107645,-0.0193827162456528,-0.0352411619537931,-0.0594449809994125,0.058177583073919,0.00887846599340754,0.0287319482748838,-0.0283436564841043,-0.0371024750762562,-0.015695639807087,0.0190527424192204,0.000677726515363191,0.0250248953000003,-0.0382828188227948,-0.0468014055207497,0.0811334338961938,-0.0105267781121496,0.0123380639181006,-0.0309664181632177,-0.0269182629529607,-0.0173123089526325,0.0157116499121616,-0.0251220605253027,0.00231928690773146,-0.00736655459463475,-0.0349342180416226,-0.0127642408208938,-0.0395633630111143,0.0274878237459257,0.0106869449093864,-0.0211820332208059,-0.0110727267288053
"SRR30606517",0.0608334005721214,-0.0515763043373306,-0.027669016364091,0.04851756789315,-0.00371335484578123,-0.0639254968623005,-0.0240568769744162,-0.037675412654458,-0.0410217960207009,-0.0818700645677774,-0.000690345414435271,0.0214650883147169,0.0421018119068278,-0.0330659411469768,-0.0107952648367046,0.0255446467896245,-0.0110535688403034,-0.025902946718121,-0.0413090694661736,-0.0276038712948713,-0.0541029797652886,-0.00231468548332706,0.0372378075064162,-0.10564410277729,0.00167866251956932,-0.0251262284356555,0.0421342532622331,-0.0265849975431433,-0.00136153341700522,-0.0132094458383304,-0.0376226642794302,-0.0145184867964147,-0.0283858292008827,-0.037599420900737,-0.109675835728245,-0.0200758221517002,-0.0635679246825558
"SRR30606518",0.0212015657768333,-0.0492612128950137,-0.0455235742377771,0.0128606311585919,0.0136878747470425,-0.0491588026178175,-0.0268166595291211,-0.0130461046694113,-0.0248644481821121,-0.0916284120397741,-0.0366567612657841,0.0445788276929856,-0.00139040136082196,-0.0530694448259762,0.0153242786647007,-0.0143758534882957,-0.0143348062807634,-0.038465451588652,-0.0495065737603066,-0.0290036173121664,-0.0406707913386796,-0.00930999877774855,0.0566038361675714,-0.091361727669489,-0.0293428056710931,-0.020963191701451,0.0179792554005534,-0.0251941814977283,-0.0257317513373168,-0.0146078497302646,-0.0547157723227795,-0.0130957367594087,-0.0472773766673885,0.00829359072457251,-0.0672211959668235,-0.0251032973507593,-0.0574804411415017
"SRR30606519",0.0241452357169674,-0.0477716101303313,-0.0438633521655856,0.00902852446662276,0.0117247163282658,-0.0438992882582217,-0.0220099204421505,-0.0102279521988291,-0.0333481352141953,-0.0886273304036542,-0.0338552061762291,0.0432770384497762,-0.00420934755017122,-0.0508111621932443,0.0136785748894953,-0.0105474798069256,-0.0178750572725048,-0.0403931718038231,-0.0457094220343859,-0.0368830967409893,-0.0415969587380116,-0.00656792914846616,0.0592384482412879,-0.0819965341531951,-0.0269589825836893,-0.0225575064753371,0.0218524506421577,-0.0270195184893562,-0.0142655072560697,-0.0141201717514291,-0.053555439615385,-0.0140220011431629,-0.0427982574333263,0.00422380498083207,-0.0599135061559114,-0.0229027033973168,-0.0527194990415398
"SRR30606520",0.0521746975210968,-0.0508394826343095,-0.0337989384282723,0.0418259539302798,0.00860316632882588,-0.0626529713070152,-0.0248400900079745,-0.0438796643617466,-0.0353550778294175,-0.0896942635835651,-0.0176533222433413,0.0259994193674968,0.030348178717371,-0.0365767103851753,0.0114099400807868,0.0108071616806481,-0.0140081104615867,-0.0360868763829392,-0.0448843629264053,-0.0275480091502994,-0.0554401448674761,-0.0103770598948148,0.051907564710649,-0.104584311967542,-0.00534333451345499,-0.0240105009936535,0.0365830839616255,-0.0262441437396024,-0.0087999162690368,-0.0124274784757668,-0.0424715296473799,-0.0141803294641604,-0.0324487592132276,-0.0274354147277026,-0.103686830730074,-0.0226560595505711,-0.0666592840230907
"SRR30606521",-0.0633715857378896,-0.00614129241864843,-0.0399355662532176,-0.0805664135864258,0.00938639488484398,0.037179388414048,-0.00403287650735371,0.116531835943297,-0.0465407286479681,-0.0659978841425647,-0.0780777824306681,0.0532025310108981,-0.0911841136362506,-0.0687866786965544,0.0189469816171943,-0.0645150386557579,-0.0152569348360642,-0.0487964195524166,-0.0269022579729288,-0.0683511759290003,-0.00655484506652904,-0.0124489361527058,0.097736364359223,0.0841981377761092,-0.0907383534740416,-0.0113087884088068,-0.0354252341667717,-0.0208761201930014,-0.0362770003518136,-0.00788898887421533,-0.0628100019050907,-0.00789777177884643,-0.0284916800696391,0.0793743139023005,0.0952398354187336,-0.00535189048898347,0.169506943143944
"SRR30606522",-0.0185709254204595,-0.0124144393480545,-0.0203496526387867,-0.0175297037440453,0.0294133582054535,0.0159432074990623,-0.00699135955372492,0.101804577124952,-0.037298881991494,-0.0651794782394446,-0.0567791176847609,0.0209204694336059,-0.0265110201050381,-0.0575570459739283,0.0561374532773021,-0.0370248792592573,-0.0035027146644999,-0.0449416577791759,-0.0383067329222181,-0.0873301282453164,-0.0270793157006179,-0.00829041358040924,0.132265366723354,0.0380241727536541,-0.0477849661242603,-0.0164417513865023,-0.0192926960346283,-0.0209977069995864,-0.0323697366927252,-0.0107189638018746,-0.0424319781981421,-0.00936109256561224,-0.0159053513836191,0.0485628024342128,0.0431055460878643,-0.0108507099576679,0.13579201824958
"SRR30606523",0.0612698099289357,-0.051100814513532,-0.0294410906591952,0.0525399242127466,-0.00295077444486756,-0.0726297052034583,-0.0223381557204012,-0.0307201499198995,-0.0433781951362667,-0.0875384387739919,-0.00391082765305895,0.0210274712654057,0.0465383312073347,-0.0324988656410754,-0.0140502223412878,0.0250347177890908,-0.0134237803138719,-0.031847276293233,-0.0422884688404591,-0.0353014145715471,-0.063918077974131,-0.00762055730461006,0.0493358800175197,-0.103644949086974,0.00300864421003854,-0.0228081070270565,0.0385150205714911,-0.0257836965350695,-0.00531105568943966,-0.0148443073976959,-0.0330580683538632,-0.0113162535997221,-0.0268476566905476,-0.0389540377279074,-0.104494950744597,-0.0190859578811818,-0.0588560926608868
"SRR30606524",0.00124090683814116,-0.0190501630857104,-0.0240815434019301,0.0129747299041476,0.0373343325661587,-0.0155085810063669,-0.0176097513616679,0.0748914984924004,-0.0268804361388871,-0.0696200224196714,-0.0411007622913693,0.018158114209542,0.0107633155212534,-0.0392421261923786,0.0637373084370342,-0.0275741679569446,-0.014833996716111,-0.0469973782604929,-0.035925318578375,-0.0750763604308517,-0.0364559294531197,-0.00472877067028086,0.129233173329415,0.00101982084585455,-0.0308631928361132,-0.0142802703837972,-0.0139977469432807,-0.0226371970261159,-0.0286638993389114,-0.00797305417268869,-0.0272974584539178,-0.0117296579576703,-0.0175238242292368,0.037906396632877,0.00904364672142131,-0.0117851125334114,0.0610785716169411
"SRR30606525",0.0789969067064036,-0.0471052611511114,-0.019568245569362,0.0823874505170371,0.0201824074322378,-0.0902807660487076,-0.024765537104252,-0.0215091305132003,-0.0322095762035901,-0.0840458341975044,0.00749732780366129,0.00396696173049856,0.085160883125477,-0.0195877329072513,0.0314923703920601,0.0339934023185918,-0.0140187401828542,-0.0353761520395797,-0.0413122456600373,-0.0329038454676446,-0.0847396077826111,-0.000709854519246584,0.0780009661504358,-0.120033245866315,0.0215465418112268,-0.0235380192290349,0.0377816999711263,-0.0249709607880886,-0.00773960349116695,-0.015666318746336,-0.0101363891166753,-0.0125796360708799,-0.0115177012584896,-0.0591797438191374,-0.15299247217452,-0.0207291396682474,-0.0762647413462284
"SRR30606526",0.0511018244512639,-0.040071365808092,-0.0234644448348012,0.0577285684473866,0.0225760065022979,-0.0557275620960959,-0.0197910078840461,0.0171809163484187,-0.0426648501652826,-0.0804556898244899,-0.0114818393863152,0.0128996289282794,0.0593926742018322,-0.021465568901916,0.044257192262753,0.0127361674311774,-0.0168299034143696,-0.0410098671291786,-0.0376777055390209,-0.0720390253123397,-0.0611770104544146,0.00358774633528606,0.112179000071174,-0.0856229126035458,0.00679198726809082,-0.0177696572626349,0.0183447447689474,-0.0257560619733833,-0.0171366421736348,-0.00104856390494628,-0.0118459404728562,-0.010682985175714,-0.0175442329435937,-0.01610441239304,-0.0858567812218226,-0.0169304167990042,-0.0424119964125023
"SRR30606527",0.0929563614228071,-0.0408323323667581,-0.00801473720914322,0.119398371197642,0.0428610139096385,-0.101772647074276,-0.0132973547686672,0.029121659250917,-0.00308771291514021,-0.0853747175692192,0.0175231205452006,-0.0200161973058118,0.118170042004214,-0.00469734467139646,0.0721674558028911,0.0432472289491141,-0.00919224509104846,-0.0405198520320183,-0.039417642336108,-0.00792195126642515,-0.0971240794033368,-0.00795025300867148,0.094323254377747,-0.121531005753195,0.0455484100215441,-0.0251723797911061,0.0348656381229923,-0.0228137493152024,-0.00303021488338016,-0.0151735568159932,0.0153573378845254,-0.012259660831885,0.00421432263702489,-0.066278261221124,-0.16332064852845,-0.0224563149369021,-0.0647209635084218
"SRR30606528",0.105718127138501,-0.0420228161788639,0.00191296194140094,0.123944687162479,0.0307226063565206,-0.0984714295841782,-0.0183263322510217,0.0167986490728274,-0.0284231005435876,-0.0755735655806004,0.0332389949880686,-0.0298713265784661,0.130348256391746,0.00486674002655914,0.0611729254975008,0.0700907332733658,-0.00969373894974375,-0.0286578434728952,-0.0375444651798399,-0.0214780964276766,-0.101161422140258,-0.00573861984239068,0.106847043048357,-0.124400755563663,0.0554793614669754,-0.0207494614857817,0.0386185435225767,-0.0182328668339926,0.00866127781527616,-0.0112804325797516,0.0242992733017809,-0.0109514811924064,0.019001081342919,-0.0976141634571902,-0.172841707473267,-0.0198537714253759,-0.078825271568666
"SRR30606529",0.0537917731751232,-0.026327382947296,-0.00893338398855495,0.0764126177713331,0.0454427868015045,-0.0573283416273397,-0.0135105108663211,0.0584296834854578,-0.0242219896584008,-0.0695852364194301,-0.00741644071710303,-0.00881508932412904,0.076889742293703,-0.0131222423762324,0.0824071047529375,0.0197713166563022,-0.0153148003979833,-0.0439922819230582,-0.0367783942518963,-0.0331258334975223,-0.0643109254422921,-0.0118304328934866,0.13113351998945,-0.0514933896571518,0.0219670199352588,-0.0212736158168935,0.009948084935114,-0.022038463937382,-0.00565083365618508,-0.00842956252405401,0.00939012328592613,-0.0112180296677423,0.00189165544562961,-0.0217608223193127,-0.0623591379117786,-0.017758363014192,0.0331251729699856
"SRR30606530",0.0312753880865294,-0.028874275437395,0.0338068784209606,0.0397146201032392,-0.00343044542867127,0.0329406840122597,-0.0179009225011201,0.0725120657606544,-0.0383131976917964,0.0475127105948509,-0.00728046312518015,-0.00995084873768247,0.0280226758502463,-0.00890358781066052,0.0319565099132904,0.0285446877284486,0.0096985693529262,0.00659665336793969,-0.0375101243648834,-0.0631377781982656,0.0304577744076388,-0.0146412386541341,0.0882174032121765,0.00127882374396354,0.0221318029650504,-0.0193752496099407,0.018844884444088,-0.0256043316775826,0.00994685440464275,-0.0161082537393327,0.013190566684089,-0.00943107326684385,-0.0203184058272794,0.0266363654916188,-0.010543109058124,-0.0240600574935228,0.00117949895640338
"SRR30606531",0.0991246903460992,-0.0434777965237607,0.0479660984383758,0.115613735948922,0.00125615243436752,-0.0319991468572886,-0.0227716458544062,0.0258402516272417,-0.0297015277990344,0.0387261870980799,0.0434754630443399,-0.0434167525691253,0.116618679521056,0.0181248325344325,0.0472966774274822,0.0907390511268871,0.012521841231781,0.0176796492682374,-0.0374468070989059,-0.0224818425396061,-0.00414300011090669,-0.00346670259654823,0.0849840523849155,-0.0810800409949619,0.0739523368161955,-0.0218426591726041,0.0465143622047125,-0.0242179421151959,0.0286831871762913,-0.0116547186528651,0.048828462367749,-0.0109067116969859,0.00392936846508829,-0.0596564401841565,-0.124895643563417,-0.0248218946222741,-0.0700629938121538
"SRR30606532",-0.0558585739298036,-0.0407695129884481,-0.0815749345983122,-0.0865462674829653,-0.0214253800964018,0.000770452799600065,-0.0268924102341343,-0.000586878789926504,-0.0220964463335993,-0.109099772857675,-0.0818969726143204,0.0993882346991512,-0.103792098249538,-0.0665523354423471,-0.0753576658856887,-0.0733216651211267,-0.0269528563710463,-0.0462004330593313,-0.038217016226026,-0.0539167512880655,0.000487425794487242,-0.0107949517997643,0.0248408442284354,-0.020970306606544,-0.0928868182000154,-0.0181232007267066,-0.011190352608119,-0.0232794963306395,-0.0324794400478577,-0.00902600175843219,-0.0795479718765109,-0.0136066933873708,-0.0774489481415448,0.0951841338325264,0.0578036704051199,-0.0183223946888003,-0.00746906916263888
"SRR30606533",-0.0554333297662142,-0.0370349695203386,-0.0779547594438954,-0.0825865656890301,-0.00225541387253217,0.000614793855699718,-0.0275079028801302,0.0113365939102057,-0.0218014605510978,-0.1017582295056,-0.0818121408974356,0.0899734621556065,-0.0979479347474776,-0.0662925347546341,-0.0382001763380892,-0.0737746424470591,-0.0260628246780286,-0.0523068999872138,-0.0350735339243358,-0.0558121099605647,-0.00304565094423314,-0.00977535178678412,0.0360068593163304,-0.0202717746492339,-0.092001044170625,-0.0176661161417579,-0.0142415901455014,-0.0275789866709948,-0.0292618535021486,-0.0134288148410605,-0.0742402289083161,-0.0163558268670287,-0.0662499136222659,0.074085117817539,0.0571948059166031,-0.0174936561993896,0.00361452268934038
"SRR18568313",-0.012705033148606,0.0389619466947202,0.0363680644529521,0.0303039148274368,-0.00715537996832512,0.0420450844567708,0.108680777405143,-0.122141960551411,0.036609571298808,0.0393740417454727,0.0719968869583459,-0.0266135610658047,0.0313898533662562,-0.0358281745793682,-0.00438713648713836,0.00389244513892584,0.05789783572447,0.0537590222735899,-0.0370754908933605,0.0392667357758618,0.0504651097427888,0.000304553848037978,-0.0468402555080504,-0.0323628511422014,-0.0141565388758355,0.0745621899863384,-0.0233001092972073,0.0564783671630493,-0.0646136302761245,0.11010791979025,-0.0210610150712626,0.000761742532403446,-0.00698753736543037,0.0206191826325528,-0.0141645558762348,-0.00956476454718459,0.033793750983626
"SRR18568314",-0.0190754252137894,0.0397194991974791,0.0278817472241861,0.0231400250728696,-0.00218347874340279,0.037547310919602,0.109912553767917,-0.122274932010052,0.0468025271871873,0.0342637122813328,0.0758366373364974,-0.0173340538910137,0.0210458560841968,-0.0415301113731584,-0.00276359498774358,-0.0088426685668984,0.0507668925781696,0.0512163205734112,-0.0388807881534717,0.0517353111089938,0.0523370102814425,0.00149414853801204,-0.0566373655163215,-0.0321566831880786,-0.0228436166282845,0.0654439358366186,-0.0231198394403554,0.0396382231168906,-0.0735240428237141,0.0379320376059365,-0.0303466646153002,-0.00325019585125671,-0.014296501546186,0.0317542814046901,-0.0152195718076412,-0.0142844978957074,0.0342643549836519
"SRR18568315",-0.0378859410406915,0.0478227391150918,0.0267514488550488,-0.00977539216908171,-0.0137970207678032,0.0598029780477057,0.120176752391802,-0.0927367627025659,0.0371179997589067,0.0413723655220131,0.0605371735316802,-0.00980698567608438,-0.00701128362471882,-0.058364812186826,-0.0150814459147293,-0.0152150596812966,0.0551878243124422,0.054626519608932,-0.0457828849387357,0.0355210780837094,0.0670165507100861,-0.00193014213859843,-0.0512266929834174,-0.012039933203818,-0.0495565747841797,0.0634525852821185,-0.0369590907447924,0.0273642842811015,-0.079256853592821,0.101241307647258,-0.039910186175035,-0.00747980513927209,-0.0181267337698573,0.0403233789682579,0.0117892207400998,-0.0129030221672868,0.0465383006428212
"SRR18568316",-0.0656112893654949,0.0792973279680737,0.0392114516908945,-0.0229677006616659,-0.00634100411796921,0.104701707999644,0.189010909143881,0.00788278748752866,0.037452675764947,0.0541748928695721,0.0657257056392323,-0.0233938880058012,-0.0115392130084979,-0.0636242652897285,-0.0117351944302921,-0.0379474098149549,0.0516623194588432,0.0477295766552002,-0.0476777106955066,-0.0727916683561522,0.0804687427011622,0.00594822755373995,0.0135772073727739,0.0518717249851054,-0.0664459498054394,0.15738752017015,-0.0720144067487531,0.108168036202403,-0.109000667036486,0.249715372046582,-0.0380556061049516,0.000314698006241681,-0.0132257907968183,0.074920499439562,0.0834462700624198,-0.001503298142187,0.0939870876144773
"SRR18568317",-0.0723433410878183,0.0763668174190584,0.0344821440342602,-0.03059186565322,-0.00102678654920035,0.105229917768137,0.238959341889715,0.00776958333785463,0.042407350878083,0.0533997376396631,0.0614536878503831,-0.0179676536808548,-0.0205744387901107,-0.0654508914306933,-0.00448328748350361,-0.0466928343062602,0.0481292058988572,0.0448260879163488,-0.0461753918348796,-0.0867614505563294,0.0782463641257612,0.00287701590712086,0.0327779332349179,0.0531688141190642,-0.0716650314804867,0.269112392164,-0.0747463732775139,0.194015547987287,-0.110734594677098,0.148356885436961,-0.0397054811954166,-0.00099226427612948,-0.0162238772611888,0.087291524501856,0.0863575286027809,-0.00589945153022814,0.10789880050775
"SRR18568318",-0.0901367203512272,0.0665577413065626,0.0312778637098852,-0.0468682323837219,0.0146317684386653,0.110539975394189,0.266859629933022,0.0236934163923703,0.0499611986287151,0.0482786199860053,0.0548244287765295,-0.00658716882917741,-0.0474568736980791,-0.0661505986468332,0.0137777173132647,-0.0672394151663157,0.0340266717865866,0.0388101954735934,-0.0461259273040197,-0.121154544788229,0.0666663877070652,-0.0022548611110757,0.0729410968312975,0.057751010491456,-0.0967182389164137,0.381651023844782,-0.0886968002158387,0.264931793889691,-0.125424350125118,-0.00728248841789067,-0.0534190809878202,-0.00722500243977472,-0.0258443196720731,0.119386573126728,0.0900362858345689,-0.016877812844101,0.121466950032647
"SRR18568319",-0.102257262688069,0.107580104052853,0.0192820739889273,-0.0487456082441815,0.0450389355320291,0.101787114034145,0.281689162632706,0.0903867779410686,0.0725305495246771,0.0237294284880695,0.0301448039328563,-0.0209119983445163,-0.0378823247812216,-0.0720845628430827,0.0383827690705766,-0.091446065124473,0.00132331529657449,-0.00263610109213137,-0.0404282219445294,-0.0630164527416861,0.0520097375331242,0.00317452074287216,0.0804788347521033,0.094487454896271,-0.0926512562198033,0.200199368757969,-0.112493583922876,0.122985481308621,-0.1356922762,0.0235326771122534,-0.0447785884642554,5.65070493886098e-05,-0.00945405748910329,0.125557451125152,0.127045988963964,-0.00835348285567285,0.137871716957315
"SRR18568320",-0.0919515599650125,0.104733666753428,0.0287823787919228,-0.0411118696806855,0.0176117580571474,0.110150495512671,0.243112974618083,0.066032933594464,0.0570754249897002,0.030228761535927,0.053855091399653,-0.0259372636987863,-0.0250639097420996,-0.0688410205774205,-0.00421790306959912,-0.0693537916565446,0.0160067846016715,0.0147819055934039,-0.0429390224415543,-0.085725085791714,0.0598540099792196,0.00342782824478121,0.0517190772253304,0.0841147382889994,-0.0834280270243487,0.156273062084265,-0.101045504731088,0.0861591545871036,-0.13062715992677,0.0358155237199971,-0.0408929192829913,-0.00213359880056639,-0.00907457348528701,0.110010309882315,0.120285549983948,-0.00960740310346876,0.126337522121508
"SRR18568321",-0.109125009119316,0.10098730664162,0.0188840873407264,-0.056679560836152,0.0429511332715646,0.0981441846270523,0.320188027634709,0.0979274113608713,0.0768117788661719,0.0280317083272919,0.0237476949480997,-0.014570471967703,-0.0508229255541388,-0.07981149697856,0.0307200709066499,-0.0959195903618642,-0.00349844154818557,-0.00230748483169224,-0.0402885786529651,-0.00297777520369557,0.0579408687603138,0.00473595771320384,0.0517486104500728,0.102792107619858,-0.109157807861664,0.350241562976084,-0.113738744668832,0.243275293481972,-0.140131730485418,0.00539679130009713,-0.0569705331260727,0.00281751274702551,-0.0117638172954422,0.129795489602914,0.134106837525484,-0.00336888226891973,0.14727027715394
"SRR18568322",0.0416218184857368,0.0392461875612173,0.0589926410995165,0.117111679768862,-0.0259238516163808,0.0111820327599094,0.0921289614801767,-0.0746863188994105,0.0463965092846688,0.0276320990349963,0.126479855488753,-0.0736713075588026,0.122274780358362,0.0220050200368815,-0.0511486536147011,0.0436597429242512,0.0620095478068569,0.0595824270025508,-0.00804152845883826,0.0723745211336318,0.0109696188889383,0.00920254589449252,-0.0680997008346768,-0.0304048170613838,0.0622083782800229,0.025790509747279,0.0035923895600504,0.0141659358216953,-0.0255418902007393,0.0828575407962339,0.0499137729728989,0.00189077859631318,0.0291199502554422,-0.0335221620926001,-0.0235566679020271,-0.00532871999687707,0.0157157471420217
"SRR18568323",0.0214591556560335,0.0384611876151694,0.0485383749089001,0.0876580911884835,-0.0223941364965581,0.0241185842752794,0.0735170322299412,-0.0604293242465852,0.0458903939519827,0.0216517498006439,0.101519460733431,-0.0550349601947584,0.0891219951745194,0.00158199137517102,-0.0406717813100532,0.0252307280321905,0.0570562220798489,0.0517977135177211,-0.0187290555387749,0.0606043221416997,0.0204376443346942,0.0084179553888557,-0.0563235150851248,-0.0151146327508688,0.0343392005544693,0.0225000241846817,-0.00458797575778023,0.00885898155083936,-0.0390292677712329,0.0404538273823818,0.0253232627125754,-0.00218024139297197,0.0133776581277344,-0.008100722412403,-0.00708108385249083,-0.00819732620344501,0.0273733284578301
"SRR18568324",0.0215615611631457,0.0521997026292112,0.0501256131241687,0.0853947734023097,-0.0118524729471933,0.026077773522651,0.1070560801836,-0.037343078638017,0.0306287318238521,0.0342534925343649,0.101119994190374,-0.059123073250712,0.089617812553782,-0.00823947064908205,-0.0182658296936521,0.0220448655479041,0.0568530956438828,0.052045849975569,-0.0279044735048672,0.0200035668766319,0.0222502032474737,0.00607492949473478,-0.0224819649546203,-0.0080943142280227,0.0302803272240838,0.0265270496783583,-0.0103803692484277,0.00702746148965408,-0.0472218917689702,0.0499641814530684,0.0186590672772726,-0.00551464031147201,0.0189840686553697,-0.0131062162319369,-0.00976337811969022,-0.010832281288811,0.0371401120161989
"SRR18568325",0.00606622611553822,0.0451095951225167,0.050124694188618,0.0834767321302379,-0.00901299876413578,0.0440473215248369,0.151035716564335,-0.0124048410422927,0.0546106079139974,0.0414370571829682,0.0939946289746762,-0.0578839307550476,0.0918540812889145,0.0156829032225064,-0.0285151368723848,0.00047325844699453,0.0558626428617461,0.0498637171844447,-0.00977151482833929,-0.0495906686780953,0.0291691325620223,0.00519424403801999,-0.00574897260353406,0.00755602003215014,0.036634606976745,0.114803016250581,-0.0305950510631605,0.0866792340149127,-0.0499324018874713,0.0306214504389667,0.0416669327182682,-0.00403367676216618,0.0167207267576537,0.0184196898015195,0.0144394069568767,-0.0149874193976947,0.054140024410024
"SRR18568326",0.00356789121882104,0.0486369134295681,0.0511345346784328,0.0819772739040539,-0.00730385579748136,0.045638792184017,0.145383416997095,-0.0101350142247624,0.0519602499058299,0.0436029103097467,0.0900379146812754,-0.0594923066174715,0.0919831755172002,0.014284056345202,-0.0224220690280825,0.00204506360255398,0.0507256119241609,0.0445499961599913,-0.0108606229926528,-0.0347755638557447,0.0277929870370394,0.00289964616749972,-0.00829682934684702,0.0124054582300523,0.037658442373929,0.0399777538988526,-0.0307722487938905,0.0248378561008336,-0.0463335255948929,0.0209512340778434,0.0451737830911899,-0.00434879537274096,0.0198556830485888,0.018240409906673,0.0246077647951513,-0.0160235228264553,0.054208319659879
"SRR18568327",-0.000355331255768283,0.042234613347221,0.0505778921078315,0.0805277221815402,-0.00943591933288942,0.0502203377612811,0.199015471342606,-0.038628611847077,0.0629860490205386,0.0453034700879984,0.121489622391475,-0.0535250583009773,0.0945365981442057,0.0181772236473255,-0.0496159581018943,-0.00656128445958891,0.0561408877107982,0.0669433246137402,-0.00916897954071766,-0.0763749825998146,0.0353533131865771,1.79152814606731e-06,-0.0236108999810191,-0.00591657731134597,0.0322413598415591,0.200485154735735,-0.0320541381855208,0.150568783272713,-0.0640572748127866,0.00776739949060244,0.0395489442296655,-0.00673764844163561,0.00902312308854664,0.0212773017893719,0.0184589367557796,-0.0124569206463903,0.0579085705851786
"SRR18568328",-0.0913993026267177,0.0955412776958924,0.0238579167523721,-0.0237818800539355,0.0454778820830604,0.0973435730796106,0.336621925379473,0.111592773406114,0.051716063093379,0.0295016499174659,0.0232461691845942,-0.0206210792115653,-0.0241160558727415,-0.0661794423851489,0.0514647015323529,-0.0832181392451959,0.00488337981344337,-0.00139739269598267,-0.0426353043251119,-0.0844490721103483,0.0536238735103358,-0.0043746463291307,0.101058300806412,0.0927676688214963,-0.078093016276913,0.274028299987006,-0.109515002732009,0.175404946754216,-0.124013812402842,0.235933099439456,-0.0281985595855917,0.00571374882398048,-0.0071852587933986,0.123713592577593,0.117219877131736,0.00229205065643763,0.15395064384707
"SRR18568329",-0.0674805565178686,0.0878568598539581,0.0362184606083434,-0.00153092242335138,0.00255525314573896,0.107667543891034,0.340052005625114,0.0778297970397995,0.0343429420579496,0.0339711412959396,0.0472214876170143,-0.0262491766679169,0.000805252085455597,-0.0459986716092306,-0.00415849685797247,-0.0568539109108347,0.0259829853316529,0.0232885841011773,-0.0328903221054331,-0.12000309091116,0.0589108559137383,0.0249978162405766,0.0791917203196054,0.0782843455817756,-0.0562597428895471,0.290607168693384,-0.0900993137952339,0.235376530810953,-0.110010466666474,0.638389061586058,-0.0127197852852436,0.0222231812651876,-0.00219271835027306,0.105397354812761,0.106759795997236,0.02722939469838,0.158893275068581
"SRR18568330",-0.0809230932696395,0.0932115520229784,0.0291469416581576,-0.0136697331390209,0.0266528983160969,0.102214135137353,0.35546183255393,0.0962600369268758,0.0463309984725051,0.0306613684448254,0.0324085216201688,-0.0231722239000271,-0.0137424678913324,-0.0585435656839953,0.0293689387621214,-0.0745895897748086,0.0128702615610651,0.00773429902829875,-0.0399150546946254,-0.0902831256644425,0.0558927376683675,0.0140741567866339,0.0977292809405641,0.0874963839766817,-0.0688924785955884,0.287339957647778,-0.101668635922498,0.211074752166673,-0.119379660026957,0.493670635284885,-0.021574795878434,0.018154154730374,-0.00476111398764604,0.115735338656111,0.113860820483048,0.0218946517451982,0.151541740984028
"SRR24107301",-0.0557563941205681,0.094365945628405,0.018175104168664,-0.0205513769701839,0.0631601848976676,-0.0204449433250569,0.0154356448281492,0.026881061723713,0.0297311566353103,0.00980422576826896,0.00755167729165625,-0.0674508186194563,0.0154058006619762,0.0330158828590032,0.075148668254287,-0.0278002928470519,-0.0448473228674803,-0.019825455111095,0.042301457144394,0.0582775131668015,-0.0648720613068812,0.000322142786260989,0.0710941931632158,0.0239492132856705,-0.0231548987002318,0.0457188862617541,-0.0946176679667335,0.0257934440842083,-0.051864894990107,-0.00837649885755818,0.0467196623952755,-0.00588782238759381,0.0909848112381973,-0.0442334179574536,0.016878318027231,-0.0131370002515668,-0.0449533755091649
"SRR24107302",-0.0562562038508089,0.0953144743598175,0.0192708164263564,-0.0192277835616057,0.0616065810354235,-0.0153949590572587,0.0154203069479159,0.0240080443084796,0.0316280702749327,0.0129849091931343,0.0093101817841416,-0.0689517155032575,0.0181821411362053,0.0319931204758364,0.0741618999633817,-0.0282716781793643,-0.0456184307932338,-0.0187947990172826,0.0447405898547512,0.0623729739802759,-0.0676550981662304,0.00667031452013415,0.060807925993133,0.0255038526504353,-0.0232035145010514,0.0443175861089466,-0.0938161066843597,0.0192496809063647,-0.047646684173227,-0.00978417255150352,0.0464896802790534,-0.00420449482564867,0.0913898667837436,-0.046849851333137,0.0181851730530423,-0.0122718768263165,-0.0473097451999801
"SRR24107303",-0.0617445321719326,0.098844593153964,0.0229911106591562,-0.0188019421486684,0.0788143285572572,-0.0106411236907102,0.0183575878170151,0.0370677944497217,0.0273772925254127,0.0123168737358729,-0.0021788460439717,-0.072295199424771,0.0164580690012127,0.0548986695468827,0.103258893538986,-0.0312781124738497,-0.0476737986438837,-0.0295307128945701,0.0600538719665751,0.00705464625351721,-0.0682539501899647,-0.00660461674531239,0.0948334209589358,0.0347938105220516,-0.00450449611163611,0.0313935016464942,-0.0975999884088606,0.0265301029701233,-0.0407827590447822,-0.0161069889749583,0.0715249191161399,-0.0069562493007157,0.0961664635005028,-0.0395400817750257,0.0261493304560522,-0.0147755450000271,-0.0440677273541081
"SRR24107304",-0.0557636754008788,0.100063296418049,0.0210588435796661,-0.0136001121409464,0.0718621530469868,-0.0138370399447342,0.00967795996666434,0.0369983073728413,0.0320795996242284,0.00927945188571111,-3.79434131083153e-05,-0.0736426285702292,0.0215480117862658,0.0574870783412636,0.0928296839497691,-0.0288879950572584,-0.0508486206891504,-0.0312064408879212,0.0668881199472013,0.0397311021777718,-0.0699865959717193,0.00857766583177117,0.0881868656218977,0.0299107841224938,0.000566850341490649,0.0397221817673449,-0.0935593128461319,0.0279295272962296,-0.0359666722690297,-0.0161991187301965,0.0763937313069015,1.79452154188227e-05,0.0974792993684838,-0.0477198420787074,0.0224418536815396,-0.0129259625433733,-0.0374591597511893
"SRR24107305",-0.0711117887435015,0.113413971212537,0.028030610959965,-0.0332354535045229,0.0545584845821686,0.0332910204594971,0.00598882498869536,0.0721148936573713,0.0165025514966544,0.0114770119649909,0.00152558074536708,-0.0679684354805387,0.00201469620252981,0.0432156188108183,0.0796285828305641,-0.0251987094944312,-0.0384600834678871,-0.020709661460999,0.0513855226390959,0.0337932294527135,-0.0480578571067271,0.0210251785103415,0.082547120669739,0.0663115579376323,-0.00848021223214974,-0.00440706100413886,-0.0909674558777559,-0.0102472483414696,-0.0447228067580453,-0.0134211487915436,0.0393304555107899,-0.00352011567574624,0.0894678503222571,-0.0320415467798864,0.062591422895704,-0.0118370932588932,-0.0306755636762888
"SRR24107306",-0.0691883818133816,0.11196109777589,0.0283900938531886,-0.0335218507773048,0.0551120068290183,0.0340356754496535,0.00566381570585109,0.0717458282505579,0.0122046502420722,0.0135837283224638,0.00113791760144175,-0.0675236639981965,0.00265478237839755,0.0439552736720434,0.0795922253232675,-0.0239941230928266,-0.0378933725399616,-0.0211676881140884,0.0514949989205742,0.0265158069789443,-0.0487916823629795,0.0205675728481829,0.0827393587298603,0.0664748967976973,-0.00885420044725936,-0.00653139090839653,-0.0906617339025416,-0.00663202162890791,-0.0452837226001512,-0.0115746155842597,0.0404025951581144,-0.00502602130834879,0.0894724419770376,-0.0323636369002532,0.062817066384891,-0.0115062069107608,-0.0366613293568252
