"","MEblack","MEblue","MEbrown","MEcyan","MEdarkgreen","MEdarkgrey","MEdarkmagenta","MEdarkolivegreen","MEdarkorange","MEdarkred","MEdarkturquoise","MEgreen","MEgreenyellow","MEgrey","MEgrey60","MElightcyan","MElightgreen","MElightsteelblue1","MElightyellow","MEmagenta","MEmediumpurple3","MEmidnightblue","MEorange","MEorangered4","MEpaleturquoise","MEpink","MEplum1","MEpurple","MEred","MEroyalblue","MEsaddlebrown","MEsalmon","MEsienna3","MEskyblue","MEskyblue3","MEsteelblue","MEtan","MEturquoise","MEviolet","MEwhite","MEyellow","MEyellowgreen"
"ERR7738945",-0.0484291067520837,-0.00686001543641185,0.0111954819892708,0.0410598044691908,0.0385025954767449,0.0951430391074296,0.0150031444151765,0.00510845612633963,0.0828849599989158,0.0992010437078608,-0.00335610109495177,-0.00474064992018946,0.0952541853729295,0.129789844907912,-0.00460202992240381,0.0342012886057724,0.0419667510525388,0.0153741886775963,-0.00844529892289925,-0.0138676252800031,-0.0328557287206281,0.0719703087906307,0.0164888041363691,-0.0129163940072064,-0.0106804897487959,0.0131635980527002,-0.0207008763535725,0.00224877350587237,0.0711068058690645,0.00690785759710129,0.0605395338074662,-0.0114833836725042,0.00106822531841848,0.0849632900540835,-0.0110320656193136,-0.00535097754432612,0.0415595529537449,-0.0276634847616239,-0.104971316760778,-0.078636957524462,-0.0306484774993076,0.0207517846597067
"ERR7738946",-0.0482953955051492,-0.00638379729584815,0.0114845610170171,0.0385976481431487,0.0388445875904463,0.0939440117391418,0.0143196565523075,0.00444114151709416,0.0820982524718286,0.0987195287088752,-0.00533653951048285,-0.00681814524542801,0.0955913392586639,0.0963608519286319,-0.00422370816952622,0.0336331650963734,0.0425656557672682,0.0150382838593632,-0.0100984978867722,-0.0141036710386557,-0.0336737004662103,0.0716357804658797,0.0173223671749815,-0.00926877144643176,-0.0109881758246315,0.0118182491846642,-0.0183541219373369,0.0024641312292463,0.071523038979014,0.00367569191569,0.0593222501539322,-0.0108973836566556,0.000149983812738617,0.0837467466216119,-0.010373755387586,-0.00663464538547209,0.0411285247801757,-0.028154980260189,-0.103465998626821,-0.0819297654168635,-0.030638510554759,0.0208506733872962
"ERR7738947",-0.0351565523802211,0.0105062708358986,0.00150511844429102,-0.0120381594955795,0.0238539346109325,0.0715993210675186,0.0466465698990146,0.00954122011471263,0.0627568451757636,0.087919977455762,0.00274125036197113,-0.003207026169748,0.0847932486552087,0.157230974038099,0.0153418581040676,0.026816123726711,0.0297294641482976,0.003106235043572,-0.00512100064883203,0.0293827643132651,-0.0164939489813653,0.0584529531244085,0.000434789024054331,-0.0174707260126152,0.0055769503449116,0.0153545278702477,0.0113969569735718,0.0290462455906855,0.0627259118625299,-0.166540987213721,0.0570376773555195,-0.000410951043666397,-0.0387917073849919,0.0707328446175492,-0.00865118008684015,-0.00979085690088406,0.0424155603006605,-0.029426118356408,-0.087769022244142,-0.062310950321545,-0.0374367056617559,0.0243307269749888
"ERR7738939",0.0129329480595404,0.0412192517281748,-0.00917776126244309,-0.0407596988470967,0.0415417404931119,0.0132553073256243,0.0452769760337344,-0.0163479596378963,0.0204713764496983,0.0818940435860566,-0.00706421053117572,-0.0124228691449851,0.0757456708168122,0.0263494331930095,0.0227167684213171,-0.0336375855573531,-0.0294724861004554,0.00189687444065601,-0.00777505415455108,-0.0166902397447746,0.00481018494474563,-0.00317283399242415,0.0156261214871486,-0.0135312433715956,0.0800621921665853,0.00129128785395144,0.0518497167468605,0.0303105775116126,0.0176936801822447,-0.0507710656337553,-0.0213076102284061,-0.00936076098350943,-0.0252100184349938,-0.0197996615644176,-0.014224120856009,-0.0150358710916227,0.0274781457875741,-0.0292089376186703,0.0369447543915823,0.00164930806161121,-0.0263938062888946,0.0326679645597852
"ERR7738940",0.0126149621552128,0.0417158242951698,-0.00767183186570197,-0.0435402343299808,0.0399342746585273,0.0148772984201769,0.0450941772650305,-0.0130651822732436,0.0224238533872324,0.0837842792345808,-0.0102167075692383,-0.0116180490918705,0.0764945755798131,0.029073466434553,0.0248061253564866,-0.0330875320256237,-0.0270831191561062,0.00362971678504043,-0.0099744205070612,0.00397915881044273,0.005917077296536,-0.00132725492656866,0.0160971536115372,-0.0118815469129157,0.0775333477920814,0.0069437033553397,0.0521329104216047,0.0312888163057801,0.0197841099131503,-0.0487084862906333,-0.0152321589975421,-0.0093442343882725,-0.0268746462417821,-0.0234318022268367,-0.0119899406458206,-0.0154337088196103,0.0261138436789216,-0.0308053043707804,0.0386044741192451,-8.34576286203106e-05,-0.0282092746273112,0.0317674598633571
"ERR7738941",0.0104014639718958,0.0479655725284578,-0.00212877633701706,-0.0407903149283017,0.0759146687806308,0.00940918160694982,0.047970345944808,-0.0150499678394067,0.0186635989839805,0.0816301210056904,-0.0135842829284428,-0.0157363043504669,0.0701132899670694,0.0209472419606233,0.0258695881819963,-0.0380467238562109,-0.0310038747901308,-0.0137055780440857,-0.0105907864740947,-0.00140466497513917,0.00346559773189973,-0.0059775574313578,0.00968961771853947,-0.0158065600580384,0.0970363861457388,0.00609144718814779,0.0397443263751557,0.0331984980114789,0.0181281178933355,-0.0450575593706021,-0.0293324301606894,-0.0191491892862797,-0.0235775788462628,-0.0296286443506482,-0.0148443861576476,-0.0194576412946818,0.0368286409593232,-0.0344022330569391,0.0413804741897903,-0.00319498844131801,-0.0284378678628718,0.0238859259842461
"SRR8689382",-0.0937413239678742,0.0363511223926128,-0.0329803861212139,-0.106831134337587,-0.0157414948399624,0.0247865273567683,0.0544174400575767,-0.038676240201022,0.0117531299727018,0.00219311651511977,-0.0191858204803793,-0.0213411718778327,-0.0200191856566649,-0.0268274593635256,-0.00943465477401822,-0.00227994496152112,0.0198567028600326,-0.0317429637072819,-0.0134535082728958,-0.134943540011015,-0.123584048869113,0.0360480004204405,-0.0321151845732736,-0.0190094473336702,0.0453607118676724,-0.0185405685429986,-0.0523493569465917,0.0579781875866683,0.0637509834030043,-0.0540913935175173,0.00472358855429683,0.0240999222270271,-0.0328894986631148,0.0450861911000577,-0.0189849734985264,-0.018317657329378,0.0351575011334298,-0.0537285988985426,-0.0871638331757065,-0.0501940390198357,-0.0374772479558817,0.0850316258881984
"SRR8689383",-0.0920458571834065,0.0360726044279707,-0.0332743532215686,-0.103387614064916,-0.0156848112416447,0.023405235613403,0.0526062598136063,-0.0392857377479741,0.00965298627310319,0.00126499967744663,-0.0215544761031543,-0.0223502852005928,-0.018554128028777,0.0251535815382515,-0.0107835172009823,-0.00535351686839106,0.018637979474437,-0.0358021571503978,-0.0133911072283565,-0.141778518090593,-0.122802123187837,0.0349799866308354,-0.035312045002413,-0.0164986012069647,0.0429713957404555,-0.0174501311240671,-0.0534298964377787,0.0551983689368354,0.0613995509612913,-0.0334339095345201,-0.000311220096371094,0.026127491233116,-0.0366363978603953,0.0439806050895514,-0.0143059012118969,-0.0168216988032932,0.0322158677323671,-0.0546755201972641,-0.0864431263288487,-0.0491106443418015,-0.037404349066506,0.0834865582691311
"SRR8689384",-0.0920083603927687,0.0351479989896688,-0.0315772226340278,-0.100993641932484,-0.0143097099239034,0.0292468065402037,0.0512602533434672,-0.0366014061155363,0.00974678274629248,0.00124320963231441,-0.0204765761971672,-0.0206686797067056,-0.0207251085026463,-0.0535222894442656,-0.00916935891845658,-0.00527761448818947,0.0182562012599732,-0.0296505579133235,-0.0122714011682281,-0.154918100104546,-0.13136900412586,0.0348884007139657,-0.0326978341544386,-0.0158089848888411,0.0436426072245007,-0.0213883212366135,-0.0537587648879816,0.0537746630651955,0.0636010681970222,-0.00832781564803204,-0.00263262350813425,0.0258485653340787,-0.031156556647577,0.0418572578631311,-0.0179217795222265,-0.0193748676380416,0.0315219772108018,-0.054264537771491,-0.0880369700612535,-0.0513693372632011,-0.0376215682912031,0.0815314352494258
"SRR8689389",-0.134471705042046,0.0140582564882808,-0.0129779384973,-0.0908245820805372,-0.0133871123840914,0.0655982712076977,0.0614264791951747,-0.0298796549280217,0.0757755610980009,0.0248763135732084,-0.0147505306561717,-0.0127841925708098,-0.0164891927800508,-0.0622986591931055,-0.0129887469214454,0.0558577619637204,0.0767476428650358,0.00767727689927024,-0.0130115605568421,-0.094176406531912,-0.136361380186006,0.101666359381139,-0.0432422795135526,-0.0204179135991026,1.46622424636289e-05,-0.0187746783710663,-0.085224963114239,0.0604776324575462,0.10276610433771,-0.110005421769416,0.100692363264911,0.0134987658030511,-0.0428702133993219,0.114818989335654,-0.0163363034224657,-0.0154091869952885,0.0591701340961535,-0.0591521305853746,-0.187084000967116,-0.135980458978014,-0.0400947644695207,0.0593117446863221
"SRR8689390",-0.132454350593902,0.0123954456259075,-0.014482571457261,-0.0849746476652521,-0.0120266743185494,0.0681998657900059,0.0542280931136687,-0.031754665602052,0.0742813684348393,0.0207992646085299,-0.0243506702357421,-0.0135760375088584,-0.0194561093089069,-0.0220150759992102,-0.0158153936616541,0.0502221466603507,0.0712544076797372,0.00839034645423631,-0.00957037295391416,-0.121381293170204,-0.141536410586515,0.101654617164035,-0.0403196235127329,-0.0190554321533595,0.00227091655837544,-0.0117618353406557,-0.0843619693947809,0.0534233878793437,0.102262288663629,-0.0652821722975375,0.087625987947567,0.0133186896737205,-0.0347762547812254,0.112369311572224,-0.0193003079516484,-0.0188140937542475,0.0559128774103448,-0.0587240353786379,-0.182684335726097,-0.129463901578539,-0.0412404420202732,0.0624536743973088
"SRR8689394",-0.135386901931817,0.0264296035744156,-0.0219808277617271,-0.119160879686277,-0.0266717450365965,0.0578762068378514,0.0667677778768361,-0.0187412763572788,0.0588531614979554,0.0172377787119122,-0.0108402429673687,-0.0144156520570273,-0.022386776312265,-0.0256028387758621,-0.00539914370594935,0.0479137179090646,0.0732460837930534,-0.00808080829373068,-0.0122034132677452,-0.109739719442249,-0.154438269784879,0.0948941490045555,-0.0441477018306614,-0.0204179135991025,0.00389368372844753,-0.0175630589234685,-0.0868318314392952,0.0718261241226307,0.0980909940222231,-0.12097920204562,0.0766738138798674,0.0246801615255292,-0.0463587371019987,0.102799021864959,-0.0167464976355385,-0.0160865865563813,0.0504132327622388,-0.0622436278859258,-0.176724899864097,-0.124076383644185,-0.0420676240207403,0.0653756983298014
"SRR8689395",-0.131944135672802,0.0232602097903961,-0.0257226727200298,-0.107806109508354,-0.0266807761136103,0.062814832655149,0.0536422848510997,-0.0197204739774931,0.0541282316907576,0.00891900649245172,-0.0175897227062158,-0.017354474624775,-0.0263432393999116,-0.0488357447779144,-0.00901572612555442,0.0382146047049831,0.0651048245225137,-0.00584096186524031,-0.013389188754178,-0.15595263817244,-0.164122934895558,0.0874998966095224,-0.0420843256695403,-0.0204179135991025,0.0108056724456712,-0.0178205449977799,-0.087536936672849,0.0589444015531171,0.0977503624548374,-0.0183605016857799,0.0645333630143964,0.024499943585887,-0.0236855234087241,0.0889353484039232,-0.0265569587652318,-0.0188732289179338,0.0471115001504036,-0.063629750036042,-0.17203384606938,-0.128694878390441,-0.0418412640172573,0.0657206923887731
"SRR8689396",-0.130773004054245,0.0230196210958254,-0.0243687002592592,-0.109872474525502,-0.0254465223872558,0.0623993528740743,0.0535880069798385,-0.0195769102470718,0.0530229449225232,0.0113421407178585,-0.0222565157177692,-0.0150453778803779,-0.0273129189282933,-0.0385203898010407,-0.00656108256852075,0.0390781503745641,0.0639610251836136,-0.00604815133799087,-0.0100598640404438,-0.166902230737296,-0.159508870199541,0.0883260463098157,-0.0421905234487815,-0.0163006559637892,0.0112653345519551,-0.0149126177831659,-0.0871849019999715,0.059609589676569,0.0991339616215899,-0.00489224409850849,0.0602410095511758,0.0257198654937497,-0.0228570195019217,0.0915869315277109,-0.0232952105600871,-0.0179660614692803,0.0455076652370245,-0.0628561387323321,-0.173231942671789,-0.126527274942276,-0.0409152646667346,0.0680519700203443
"SRR8689400",-0.0346595657013764,0.0642015114326247,-0.0591701719495213,-0.108349976163062,-0.0106294566963852,-0.0593200491200965,0.0446353260817917,-0.0473129007723452,-0.0576160202773065,-0.0436356155623748,-0.0146836372763083,-0.0180488349970918,-0.0355014509837614,0.0109053676156334,-0.00658239482783936,-0.0689129295182831,-0.0605912364503483,-0.0447314608433056,-0.0113286554576576,-0.129681460262924,-0.0716137673195396,-0.0496150314644968,-0.0257162653389761,-0.0204179135991025,0.0903859661655338,-0.0116660137338789,0.00657642300547271,0.0361517305140071,-0.00728856501657224,-0.0648924663731475,-0.0744999462406872,0.037721414955127,-0.0273680420913257,-0.0475481985813536,-0.000725682937722731,-0.0190233667445129,-0.00299304195566371,-0.0397169246543375,0.0246373945224127,0.0293311747690503,-0.0266624225094792,0.0934663797639635
"SRR8689402",-0.0328230327504126,0.064328199131714,-0.059871306041532,-0.107288185369437,-0.00883375521240018,-0.0575830405203316,0.0431227492525745,-0.0473057006289515,-0.0596562934114603,-0.0411145190488044,-0.0178757111857909,-0.0192059559563868,-0.0363096263218472,0.0377636600450212,-0.00640511498227123,-0.0700153684953253,-0.0609332866623812,-0.0435024567092571,-0.0134370602998457,-0.137272613847922,-0.0754518782503443,-0.0519841088350294,-0.0288751031596376,-0.0137403270990854,0.0886277618522284,-0.01369803318545,0.0109379993451374,0.0350707861182477,-0.00757562158940986,-0.0617963968009375,-0.0752437871010815,0.0385983646699397,-0.0246772885540281,-0.046956950821961,-0.00422532507718691,-0.0168601601803594,-0.00355966610565788,-0.0406279039563256,0.0238545249647598,0.0277669276042401,-0.0267616268449071,0.0937640446373669
"SRR8689407",-0.0638514693942823,0.0552291490816541,-0.0557807930984455,-0.141777248498334,0.0135853168422051,-0.0314722851977468,0.0670051920841635,-0.0339088223621524,-0.0170113141003073,0.0179432494035947,-0.0189082270111138,-0.0207505822576768,0.0108941765870339,-0.0205915029048865,-0.0032160509869271,-0.0554019420800884,-0.0537651997079481,-0.047312997357308,-0.0108560525262158,-0.172135259805814,-0.125147375682332,-0.0300690070177562,-0.0194326416932098,-0.0154439031835368,0.0955683719993316,-0.00393750277110567,-0.0196118897489957,0.0650614393603843,0.0140446064239494,-0.0581467355365777,-0.0580881335214431,0.0356262700009949,-0.0290482259363894,-0.0176999867917882,-0.00253762466170743,-0.0174273782974382,0.0219003870722181,-0.0507957302960422,-0.0243590197577375,0.00047420447428224,-0.0359347025810003,0.0889276484321396
"SRR8689408",-0.062483009568139,0.0553638009271714,-0.0539802820715922,-0.140942607269094,0.0141388278389071,-0.0322909609686638,0.0697192784743072,-0.0347935353155249,-0.0161539567902937,0.015329301782657,-0.0175287948833803,-0.0191278281741995,0.011983510294073,0.00899886905081619,-0.00244758752565572,-0.0537090888959052,-0.0496258814279026,-0.045031904074617,-0.012765677453621,-0.17090328370777,-0.122381736170502,-0.0291926810455545,-0.0188108668193889,-0.0172338173736774,0.0910672057282572,-0.01220233343078,-0.0195995104493367,0.0657293840818679,0.0150693391215873,-0.0770686505240765,-0.0554683968620234,0.0354647069812823,-0.0300676812176139,-0.0146634625409522,-0.00867242026687634,-0.0151337602532293,0.022706528161962,-0.0498563849903065,-0.0243329910419199,0.00187216953755592,-0.0372650586627044,0.090549949551219
"SRR8689412",-0.058935286369077,0.072439916269697,-0.0708941667492067,-0.0923052683021241,-0.016272907055437,-0.062162025985572,0.0377819713622899,-0.0522211844708966,-0.0604820031148322,-0.0354449330647294,-0.0221046239179081,-0.0233568662711039,-0.028171541469104,-0.0256026030232842,-0.0145720224368232,-0.0774112373614066,-0.0683604957975258,-0.0489162015281201,-0.014756543139138,-0.104802951875809,-0.0684042807615441,-0.0544264640993356,-0.0313805327838693,-0.0100142013270014,0.0885102034738575,-0.0129284048230388,-0.019085414046717,0.034301856120582,-0.0112684834962591,-0.0595412026387783,-0.07274797674539,0.0515097946528795,-0.0173042160625613,-0.052493492141924,-0.00361772706738477,-0.0220345638290483,-0.0119648782141394,-0.0499508921180501,0.00366293123493061,-0.0170200490943818,-0.0311844574495094,0.100668991610584
"SRR8689414",-0.0585351196003452,0.0732429991262259,-0.0715109903478258,-0.0967578127036506,-0.0161978318708929,-0.0638803104948509,0.0395756554923761,-0.0498598579974844,-0.0587766928532321,-0.0372361952768522,-0.0169791867422872,-0.0206187371799442,-0.0274147092435488,-0.000146807626484122,-0.0131266247192141,-0.0748510095316376,-0.068796844627282,-0.0484750569635848,-0.0127325510592948,-0.09716639524413,-0.0702027974076639,-0.0526490604238344,-0.0285282432818228,-0.0169943714433646,0.0865580517240303,-0.0122047448346686,-0.0181369093534655,0.0345574909435796,-0.0116677444703483,-0.0740141153077518,-0.0694007385679321,0.0497893042507882,-0.0239666523269199,-0.0507943973051421,-0.00490002451608247,-0.0224075614097879,-0.00944838950414493,-0.048416393427336,0.00282430230109867,-0.0148209472926208,-0.0304425713686037,0.097768413502871
"SRR8689388",-0.130710644411649,0.0111078323127576,-0.0174616444937572,-0.0822989127969367,-0.0110165308600098,0.0682310027076968,0.0549456757763134,-0.0321264561179296,0.0699348273273679,0.0179373433992046,-0.0170820443794946,-0.0131386384249148,-0.017926988992531,-0.0119535608915088,-0.0207009088796452,0.0487960753364782,0.0698563658945165,0.00117141153444004,-0.0137810907381374,-0.130219132646381,-0.14361434740046,0.0985483344126204,-0.0407335085377382,-0.0192002002919458,-0.00186291299353621,-0.0191005301254431,-0.0875740074190684,0.0509185502907339,0.102612869518705,-0.058226469132794,0.0881366027976721,0.0158730979054206,-0.037190274033175,0.108534094422261,-0.0226023412537751,-0.0201588246317764,0.0569144120944632,-0.0581115108511137,-0.186067274709854,-0.12563085058347,-0.041659423637338,0.0672157582402946
"SRR8689401",-0.0363532919091046,0.0658341584989276,-0.0579067718629612,-0.113289821509173,-0.0104468654667821,-0.0576760262673111,0.0463631257895928,-0.0470631645671422,-0.0559448900618823,-0.0406558358045028,-0.0135894766683601,-0.0172103034117134,-0.0334636598674511,-0.0309953959724861,-0.00547394432618746,-0.065416064245082,-0.0564785998142614,-0.0463455162526449,-0.0118611393155221,-0.119146848529536,-0.077278197846465,-0.0508424108175191,-0.0296794883169004,-0.0168308752008959,0.0891646274671949,-0.00624329749739976,0.0125199622981787,0.0396452409751859,-0.00741299727153228,-0.0985466025847569,-0.0684229457808002,0.0391386773871292,-0.0370429045310068,-0.0420353294626806,-0.00587629537294367,-0.0181967802878746,-0.00180614770425703,-0.0402682549811716,0.0223808391593942,0.0287961474328319,-0.0272084333323589,0.0891077966097904
"SRR8689406",-0.0627318129849555,0.0559323208921683,-0.0550984852175814,-0.142315184823423,0.0144675242175529,-0.0307596226024964,0.0685067376266614,-0.0303744308411841,-0.0199109573252716,0.0163291496471628,-0.0134074466471253,-0.0185783401740491,0.0129422986990725,-0.052417312722089,-0.0019654146056448,-0.0544342340364223,-0.052204515794909,-0.0500915442696239,-0.0123448248012309,-0.163568669911566,-0.118973906027993,-0.0284184925325453,-0.0161808033396237,-0.0168040316611883,0.0913357429385457,-0.0119893067603854,-0.019460256436574,0.0637784324904728,0.0134531180863085,-0.0953609131872983,-0.0547618254175996,0.0333115846224948,-0.0291783207905792,-0.0127049782910669,-0.012338084715099,-0.0169757732295848,0.0207113175787982,-0.0493376737717681,-0.0257576255167352,0.00328722488910356,-0.0364123826859549,0.0853755114274807
"SRR8689413",-0.0585160977978516,0.0727045559793085,-0.0697528159468323,-0.0981313223806609,-0.01626769319302,-0.0654681270707178,0.0397666213746941,-0.048732549549936,-0.0581456625327921,-0.0367905524950829,-0.0172951380019293,-0.019583224868319,-0.0266486481994188,-0.00367091966007744,-0.0131086939860663,-0.073333454512373,-0.0682252592464386,-0.039946166641484,-0.0135703382324469,-0.0958238308888796,-0.0706139143168941,-0.0513070670373654,-0.0321858665069707,-0.0135088699816936,0.086316214031593,-0.0128347169992186,-0.0164773437684645,0.0360821868921288,-0.0104783410317799,-0.0841349656857689,-0.0680736450806965,0.0510445533124553,-0.0240274222661756,-0.0477634772816791,-0.0092019552103426,-0.0213028576806184,-0.00868602074884588,-0.0487456099923169,0.000615395686770534,-0.013576493152985,-0.0306607578427915,0.102497748414317
"SRR8800677",-0.0804843974876495,0.0835934467276529,-0.157498771101925,0.0725686223977692,-0.119229748623142,-0.100456889367606,-0.131113142302096,-0.0951186992130251,-0.131238734553623,-0.0986976271279195,-0.0320510082963487,-0.0336183013930221,-0.0561600660931505,0.0274328336735203,-0.0807736482516881,-0.138044945109217,-0.125146431660005,-0.0473904170615354,-0.0157477215597692,0.00749558792145691,0.0222586834242309,-0.109488410283789,-0.0303323377395047,-0.0204179135991025,-0.0591758378857575,-0.0119174726414929,-0.0492836236444544,-0.151133219135301,-0.0732526189154605,0.0505590851636183,-0.0997614947529003,0.163824499428877,0.119089859221709,-0.127179221317479,-0.0329330398204211,-0.0309862707869976,-0.16041144633988,-0.0576895400300341,-0.0234431013627786,-0.0281528870585195,-0.0371112687390412,0.0892570814623432
"SRR8800678",-0.086348118719982,0.0841814900309274,-0.16067578328892,0.0731192794167907,-0.117329140061744,-0.107312646963029,-0.138641853441171,-0.0986915175368105,-0.137424715150642,-0.112299182862162,-0.0348291734437227,-0.035670318156864,-0.0526130809201786,-0.0390942888712032,-0.0784909367495474,-0.148391808816003,-0.130749112786566,-0.0623195801582535,-0.0151962388462143,0.0133890817587059,0.0193522193846813,-0.105282578342508,-0.0339810595340896,-0.0204179135991025,-0.0692837899462052,-0.00713695973828864,-0.0431172400079111,-0.150491477664914,-0.0739380091467836,0.0481827535302324,-0.0950997035433271,0.160705973072063,0.135160773542629,-0.138368735865719,-0.022660778291196,-0.032689179163102,-0.161911224793057,-0.0582614651692646,-0.0250449006135258,-0.0270409131656261,-0.0404653357901359,0.0868350613404553
"SRR8800679",-0.0703354716085685,0.0815105050895957,-0.151336705387598,0.0719031909238547,-0.114505616998679,-0.098023017991244,-0.127038748473728,-0.0922545714687109,-0.126956247614998,-0.100080688876562,-0.0252615589331095,-0.0314664958588033,-0.0515311578484824,-0.0237330381109733,-0.0800025685263599,-0.14026073849288,-0.124298809375898,-0.0457845408464374,-0.0155942247247643,0.0123343352317981,0.0231025073313053,-0.102178353692186,-0.0260427043878412,-0.0204179135991025,-0.0567253473533692,-0.00421993835158718,-0.0334495044088027,-0.147501156913498,-0.0715263952321422,0.0511643907026044,-0.0920078882418845,0.159543317332913,0.132648663059872,-0.126080321314213,-0.0171182874029757,-0.0265992365054051,-0.154333020003006,-0.0500040106677097,-0.0187478975486078,-0.0204888150127333,-0.0351721212552477,0.0874845742096694
"SRR8800680",-0.0720647811947564,0.0813077125586378,-0.15140281563601,0.0743419445348399,-0.11380842230041,-0.101100654091532,-0.12933533485429,-0.0880308274389719,-0.124228153348947,-0.0977816773821326,-0.0310939719680811,-0.0302736482474631,-0.0545354263398858,-0.0129383759536334,-0.0813802610310706,-0.142157517547456,-0.125098641285841,-0.0446170162960296,-0.015128691459672,0.0125565511620685,0.0203937245795329,-0.10464549635929,-0.0216295350731628,-0.0149250046499172,-0.0616465685268031,-0.00154734159850485,-0.0407055967816862,-0.147909899149142,-0.0710445231381034,0.047606087948335,-0.0938523581614356,0.159061431191675,0.132320727506775,-0.128811744207783,-0.0173398797491727,-0.0261779286114065,-0.153121160771393,-0.0510539291572646,-0.0179205088894222,-0.0142963973903088,-0.0350134007513788,0.0875979973456985
"SRR8800681",-0.0723572762172603,0.0811716784192142,-0.150548192693299,0.0734704386504344,-0.117195812575586,-0.102474817735161,-0.130538621782026,-0.0919561257536693,-0.125345104564257,-0.100261907944465,-0.0260128910959049,-0.0310109254277505,-0.0541492647064034,-0.037736260384304,-0.0777467978078808,-0.139012484813808,-0.129800676193181,-0.0505659718569022,-0.0138712164991297,0.0107822596386706,0.0237522230578788,-0.101910485952649,-0.0222890601253557,-0.0204179135991025,-0.0570119094005063,-0.00401409548142938,-0.0397984173501575,-0.143627374475517,-0.0701731089658905,0.0529993480233686,-0.0953845676039213,0.157562474011414,0.133065337823494,-0.129904793659486,-0.0295073590397579,-0.0249439003454104,-0.15276059034986,-0.0516809659132899,-0.0177523776916991,-0.0232838345023951,-0.036043706989789,0.0891405550612264
"SRR8800682",-0.0835040408275278,0.0767583984947915,-0.146541761241412,0.071927307131594,-0.10684475398538,-0.0822677367319137,-0.119294201411492,-0.0834813029035039,-0.109878966319982,-0.0870007489028688,-0.0355712190875189,-0.033481834817775,-0.0495542826826254,-0.0174500739467921,-0.0712972114824668,-0.127779005752944,-0.118821311787596,-0.0506613558585512,-0.0155023945484167,0.00745870780165983,0.0103958360843041,-0.0943712172982926,-0.0275151877482154,-0.0204179135991026,-0.049521958291977,-0.0128954572850613,-0.041103950388894,-0.134169950669353,-0.0646330460664976,0.0485013438059051,-0.0884160773432812,0.149485788999858,0.123944641905303,-0.117451202078039,-0.0322732013866156,-0.0320906031553841,-0.142887730849708,-0.0559739847090641,-0.0264835293413283,-0.0333284457917916,-0.0392947924833512,0.0812794497472343
"SRR8800683",-0.0852745445740852,0.0771081637715494,-0.145022445345989,0.0742744848914924,-0.111774239957746,-0.079371682722651,-0.122317124984364,-0.0893501152660567,-0.114983335369161,-0.0934845309932551,-0.0387927470528245,-0.0351777790883847,-0.05142467671954,-0.0656703520948756,-0.0721254949836499,-0.134131476097159,-0.117396113898745,-0.0437678338565277,-0.0144266727169451,0.00423998168139809,0.00949400137780575,-0.0964181320359952,-0.0327538603431701,-0.0204179135991025,-0.0581919902358153,-0.0108389806560192,-0.0572587010867368,-0.133186299869035,-0.0622458789858696,0.0411048116974088,-0.0888848940713696,0.152160840326687,0.113939406045225,-0.128224330280416,-0.0357611284784601,-0.0341749072920324,-0.145928253830095,-0.0567260739190663,-0.0240344941871987,-0.0353363970012123,-0.039540162097167,0.079273496312315
"SRR8800684",-0.0786993699318608,0.0751671434511197,-0.140204587212069,0.0710725112136988,-0.104732151169245,-0.0846886465677903,-0.112037456860407,-0.0824398276007864,-0.110146785144691,-0.0783484188910048,-0.027189782858675,-0.0296613404302551,-0.0440166821724637,-0.0310192832739697,-0.070249087390553,-0.12786904409665,-0.11375061135667,-0.0470704895168133,-0.0141857753143712,0.0070025987943128,0.00759197581517736,-0.0900293752371566,-0.0258315812717258,-0.0204179135991025,-0.047338817074541,-0.00297584829464614,-0.0447822637170527,-0.131249669338323,-0.059752476101626,0.0479421839561618,-0.084068862196865,0.148943973804463,0.121844801226733,-0.117043461957624,-0.0308560774431754,-0.0289008246246388,-0.137520142611958,-0.0506002790828282,-0.0216722386608293,-0.0254313083372429,-0.0348478535602777,0.0844730306108719
"SRR8800685",-0.0766786560210659,0.0758604718081353,-0.141257605742049,0.0720364961656046,-0.106331707223296,-0.0816318570449578,-0.113518466160603,-0.0825195039628666,-0.111395557620894,-0.0803344029206221,-0.0324910189697827,-0.0300909478805881,-0.0432046772971641,-0.0191839642506628,-0.0695148310658806,-0.128404160750411,-0.109523166086829,-0.0434737162601369,-0.0157891272566144,0.00417700860774679,0.00360404545702306,-0.093524684554903,-0.029266355363495,-0.0204179135991025,-0.0558097806840218,-0.0045446539998448,-0.0469050107311346,-0.134227182298763,-0.0589319245033484,0.0502009616858531,-0.0886135682183379,0.149459755431312,0.11680959606511,-0.113341271091502,-0.0272859294839818,-0.0279943050988729,-0.137510727486403,-0.0520839819237638,-0.0227907849650633,-0.0263433047171155,-0.0380561699647594,0.0817228349598571
"SRR8800686",-0.0772178790871289,0.0751893641768636,-0.140021306595554,0.0732731603196381,-0.106042562017963,-0.083099641144847,-0.116650845877931,-0.0799403056565517,-0.111331062333266,-0.0833499098517997,-0.0242588548368542,-0.0307781884267829,-0.0436148274741056,-0.0444694930161264,-0.0725651317556538,-0.129561173890965,-0.111552604666404,-0.0463766907726663,-0.0146431645521407,0.00612907421494287,0.0127369794886846,-0.0900365353970177,-0.0294257551673359,-0.0168961417939904,-0.0543524355838577,-0.00124688727286084,-0.0506032918738385,-0.130850699400645,-0.0592930604877473,0.0482742297712367,-0.0836973344529649,0.146662328681377,0.120141153299746,-0.115085078425988,-0.0285834997701845,-0.0276988119404305,-0.141802334669537,-0.0517066321164659,-0.0243385287105053,-0.0246053326604054,-0.0365744143243676,0.0848141185466803
"SRR8800687",-0.0981471801974486,0.072569118724272,-0.141870671595748,0.0660522273058831,-0.0999694817380044,-0.071542241915778,-0.106723731865759,-0.084822704518391,-0.0917019182123033,-0.074604094790301,-0.0348285946686984,-0.0345546987071887,-0.0408069868028604,0.048763053170689,-0.0722083808506016,-0.119127685816814,-0.100546906302051,-0.0466199642607662,-0.0154673909044605,-0.0187569351523641,-0.0214819673988147,-0.0780416418039575,-0.0243331552774869,-0.0204179135991025,-0.054142043286027,-0.0065526556614923,-0.0581485072739017,-0.130707026416747,-0.0473676254499715,0.0453158572161352,-0.0700893113505038,0.1515034830286,0.118026866375748,-0.10829572742586,-0.0276850729928177,-0.0338844412917982,-0.142300818024095,-0.0592134065931856,-0.0442479838633777,-0.045809089441123,-0.0415869491131756,0.0883167616155361
"SRR8800688",-0.102281164434755,0.073815337941006,-0.142684090471846,0.0660967165895373,-0.116372788946861,-0.0708298655279612,-0.111075566708231,-0.0862101338332898,-0.0949381755739878,-0.0806076012272714,-0.0344709873717863,-0.0345033246571118,-0.0392248366964763,0.0360479063212462,-0.0678992906723125,-0.120463706720087,-0.102793251989551,-0.047869062464171,-0.0163040453297707,-0.0213281950018999,-0.0343662898114742,-0.083803718474324,-0.0275784011431517,-0.0204179135991025,-0.0558168929053875,-0.00675336632685752,-0.0707277843276993,-0.130470294215526,-0.0474518213626661,0.0554917273735041,-0.0624668179814395,0.149554606304729,0.134217553501961,-0.0981905215377027,-0.0311542922048215,-0.0360639965336952,-0.137025395134923,-0.0617909506250436,-0.0427945047459505,-0.0482361681782303,-0.0430294687373455,0.0856378353719722
"SRR8800689",-0.089005253826339,0.0714413339343537,-0.136483226594817,0.0662845182404026,-0.101790722717967,-0.067960060047548,-0.104718729622633,-0.0794392332800631,-0.0914467089817495,-0.0728689525714684,-0.0297040528275784,-0.0305263075664095,-0.0348745284891402,-0.0358950625984945,-0.0675840577454489,-0.115468874031259,-0.100304185765702,-0.0366855118306303,-0.0151100588445796,-0.0140628777216953,-0.0198596890397763,-0.0707085070203303,-0.0246520973531987,-0.0204179135991025,-0.0516007058679336,-0.00071225975303794,-0.0529300065561588,-0.122913880749951,-0.0467866892152281,0.0511651771942601,-0.0652022218987483,0.148589072263333,0.119673811084609,-0.0981030285725037,-0.027924243727946,-0.0267721692275201,-0.129553098169009,-0.0534629358265399,-0.0356989562512157,-0.0360070204374437,-0.0393454416198681,0.0858248114947731
"SRR8800690",-0.0886271431462774,0.0701226859246595,-0.138638118714418,0.0680096133411194,-0.103106207808939,-0.0682821472456935,-0.101706217966596,-0.0796718820328283,-0.0921687777308971,-0.0713192404740587,-0.0257861278828633,-0.0299004326125567,-0.0352107440030252,0.000162833833102458,-0.0665637433592186,-0.116309187008402,-0.100515361721008,-0.0377940821326403,-0.013931785361331,-0.0174158079690591,-0.019633420765001,-0.0716408033296607,-0.0247972865229787,-0.00859042192304954,-0.0504327639709723,-0.00228849181139457,-0.0516488593669448,-0.123367714162539,-0.0443244858335524,0.0505269424779061,-0.0625686483627217,0.148358022746615,0.117370329495869,-0.0956169492262938,-0.0247695813058652,-0.0282630387419276,-0.131116064585413,-0.0531397019579727,-0.0355780961856773,-0.0399571764334395,-0.0383695348643288,0.0872450285093676
"SRR8800691",-0.0898362077099289,0.0705184907792653,-0.137480697814371,0.0689697637706715,-0.0994186658578419,-0.0718229834811596,-0.106704597908739,-0.0797727812636457,-0.0908551386484781,-0.0719340415372769,-0.0267863517590932,-0.0297577807838654,-0.0365272697279904,-0.0380977077009783,-0.0648888004113838,-0.114305427830032,-0.100835129029089,-0.0403758635323052,-0.0132325080849757,-0.0193375230926915,-0.0193054469744877,-0.0753535027095304,-0.0253676183871241,-0.0181795871606363,-0.0526790036552602,-2.27073101022531e-05,-0.0577989240147071,-0.12560992242845,-0.0450143991022825,0.0490592671628583,-0.0630440388994208,0.1484460363262,0.125296294186389,-0.0974671225115871,-0.0300523523778051,-0.0279947142625041,-0.131266997898467,-0.0544404972440887,-0.0348283671296651,-0.0385900120097996,-0.0402305017948138,0.0881534537978699
"SRR8800692",-0.072170950837853,0.0696834548396362,-0.1289286204753,0.0719766167057611,-0.0965618663866713,-0.0560753971445893,-0.10573194862944,-0.081322270046231,-0.0888197980578643,-0.0647882233350826,-0.0206012923750209,-0.0255982971248538,-0.033075406857089,-0.00150314609447008,-0.0659008611294547,-0.116263210520545,-0.100655025050976,-0.0404443605440587,-0.0129816233701191,0.0172458806339128,0.00706568509293277,-0.0723166463098078,-0.0203846589833302,-0.0160487011578017,-0.0549848115398346,0.00796417961647499,-0.0294340662279151,-0.127418519812293,-0.0407429487651401,0.0342436116126242,-0.0720594400745983,0.140879020803158,0.105360562837744,-0.101399240971904,-0.0184693568447562,-0.0234632463544359,-0.123210377322183,-0.0465949924178773,-0.0360280433029448,-0.0250570093325042,-0.0372473914777638,0.0776274732885833
"SRR8800693",-0.078767730195945,0.0599262749203279,-0.111805545369367,0.0720159758675842,-0.0946867355765317,-0.0222437781507524,-0.0934372107220967,-0.0693567961557873,-0.0555751064360671,-0.0372679446337539,-0.0202248561418122,-0.0248482546868987,-0.0190452861396737,-0.0125982443164315,-0.0592204763174607,-0.0898585358222344,-0.0630943070377181,-0.0203993114998002,-0.0144275130605283,0.0318250984285534,0.00329456261555754,-0.0377300362395546,-0.0204274592668893,-0.0136498858093714,-0.0598176889748829,0.00740563110753768,-0.0429313478779099,-0.113140413299964,-0.0189322914278266,0.0345609940114732,-0.0397166847197009,0.12820224942369,0.103395575194775,-0.0680828798612037,-0.0216041711309103,-0.0247077976760878,-0.111509604687402,-0.0476711545099064,-0.0535941499510255,-0.0398219033673494,-0.0372124891118177,0.0716218973060556
"SRR8800694",-0.080538833193858,0.0601627044752865,-0.113053532552968,0.0725291585320784,-0.0934579462396509,-0.0232365392832998,-0.0972137695934385,-0.0736961017130754,-0.0555169011713145,-0.0392548244386301,-0.0214658673624561,-0.0255913568094541,-0.0209265411573243,-0.0323641091259217,-0.0586583107055358,-0.0895655109910734,-0.0632746256586903,-0.0177074547596162,-0.0148552636674898,0.0329975705279068,0.00199965123922627,-0.0379135727675091,-0.0216845999480618,-0.0142182863618505,-0.0596101979922482,0.0069974709019704,-0.0379303398040336,-0.112750208821105,-0.0189338715924378,0.0340713070279635,-0.038281415045301,0.127379471120293,0.0999339479865662,-0.071249249193221,-0.0232546012900456,-0.0243859100176015,-0.110187870347724,-0.0482564134269106,-0.0495755767017229,-0.0414621240748332,-0.0379560703666536,0.0715381704745204
"SRR8800695",-0.0773890572259029,0.0736199514019483,-0.138279589482055,0.0766501240114895,-0.104844661999191,-0.079949497253679,-0.1129425064964,-0.0874055358882135,-0.103914651183706,-0.0841406254592392,-0.0188392161957406,-0.0266746489053417,-0.041775552211949,0.0127085028986633,-0.0730577855503887,-0.125517363256882,-0.112685081751349,-0.0450741310569265,-0.0142654131180814,0.00960411205812625,0.00965534550314052,-0.0874908884409275,-0.023880426538066,-0.0204179135991025,-0.0608644072796636,0.00662221452148044,-0.041499727123276,-0.134933324348821,-0.0527067720658705,0.0343298090641595,-0.0764067391355481,0.153637609533062,0.113800919315889,-0.107638371279204,-0.022887537733339,-0.0221104997180629,-0.133757229009948,-0.0492461486396442,-0.0378648291162698,-0.0337612929627542,-0.0374605412833801,0.0845620073169944
"SRR8800696",-0.0793355054254919,0.0742687076410407,-0.141133641821348,0.0774262318605275,-0.105671670881029,-0.0800082210812249,-0.111645053182155,-0.0879562497921586,-0.105510570842868,-0.0858204483852497,-0.0208901436112398,-0.0281894116048835,-0.0428542295347285,0.0789217274580336,-0.0723917664311662,-0.126778784485524,-0.113370180184202,-0.0472629265500818,-0.0140415785599042,0.00887188401585273,0.00827539826387809,-0.088242005119675,-0.0238377147682027,-0.0204179135991025,-0.0575943427498164,0.00675759972150232,-0.0485082331510429,-0.133961614581931,-0.0539426794278841,0.0345389576355839,-0.0810477433577783,0.153396053711673,0.115724400709264,-0.107358961926088,-0.0243318455706997,-0.0291155130495825,-0.135139953350256,-0.0504630221554639,-0.0363412297917042,-0.032728621091065,-0.038596508365856,0.0851258975745601
"SRR8800697",-0.0791415026246946,0.0775031163599516,-0.146673537536119,0.0771393095398507,-0.113163548552546,-0.0839307250883924,-0.125154209238547,-0.0883194245519774,-0.123298553234422,-0.0985815421365119,-0.0374033058256545,-0.0351774206202569,-0.0631281730762503,-0.0592130631766259,-0.0716676079101738,-0.130853829524658,-0.114710205770131,-0.0523351821156203,-0.0159153033893104,0.00473154403658067,0.00133893812927176,-0.0975925247773735,-0.0324526657147524,-0.0204179135991025,-0.052867769255226,-0.0128680663441941,-0.042529042622432,-0.136370343048698,-0.0564093413033537,0.0509208493884841,-0.100585543440354,0.144905968940606,0.122090578511231,-0.122129363037006,-0.0264067937756944,-0.0324285662268761,-0.145421312428331,-0.056256425003908,-0.0114429861012488,-0.0269701084910495,-0.0386356274461363,0.0764534170334852
"SRR8800698",-0.087113226539468,0.0774764088084164,-0.143507067303168,0.078470475198625,-0.114528930129393,-0.0817015657589695,-0.122504241149917,-0.0890492857717852,-0.122392007183697,-0.0963140872934922,-0.0350214327614783,-0.0373977976764891,-0.0613105520863625,-0.0641513119490031,-0.0715689632955828,-0.1356212770093,-0.119541527710765,-0.0516252484175482,-0.014923717258963,0.000977685218046694,0.0075432122095229,-0.09270773625757,-0.0390315696299098,-0.0157912642368958,-0.0542980841064866,-0.00900156578573763,-0.0570132827349174,-0.135822932093435,-0.0563721342939304,0.0493179804838082,-0.0933259046581094,0.147328970423118,0.118534896274473,-0.119913623640208,-0.0290529926181916,-0.0339257092927489,-0.144363704416572,-0.0575797655969622,-0.0181557843128822,-0.0217802161255259,-0.0368723320394071,0.0834095900610472
"SRR8800699",-0.070262570159809,0.0755974532318653,-0.135919211132625,0.078107243992894,-0.108052988279449,-0.0788197894437479,-0.112862007871677,-0.0815592908074102,-0.115194893229665,-0.0948780783231761,-0.0279513970088445,-0.0315236538870575,-0.0553227471595263,-0.016346601082225,-0.0691441255842339,-0.124709364809012,-0.107795943576373,-0.0411739358892709,-0.0158066768648895,0.00405419350319104,0.0178245897247459,-0.0927084323065438,-0.0301324689034793,-0.0141688994424452,-0.0496355950103453,-0.00261037854971085,-0.0361885379164745,-0.132239397742364,-0.0545421712116918,0.0492871030849273,-0.0952685667352777,0.144436172908221,0.112275359565103,-0.113672271140539,-0.0231066236039389,-0.0289696834881614,-0.136482942450387,-0.0504011126104618,-0.00968567670334105,-0.0148185237777979,-0.0350582797915327,0.0808807512248959
"SRR8800700",-0.0729125651814421,0.0749221788657366,-0.137654454466425,0.0783304240517316,-0.108064090557547,-0.0792287137971615,-0.11659329158813,-0.0854768465406369,-0.113740651302902,-0.094246002209025,-0.0278838912679335,-0.0308605628765824,-0.0580950867023689,-0.0350243177427585,-0.0707976210874715,-0.127059714603771,-0.109826186054157,-0.0477392648826476,-0.0140708948477388,0.00192036273126302,0.0114960229340369,-0.0898245327617688,-0.0297941246788859,-0.0204179135991025,-0.0493924315439255,-0.00388550267152296,-0.036678413404558,-0.131342106597694,-0.0519523589498017,0.0512151521846936,-0.0946736988311062,0.144139621470896,0.118027913171025,-0.113418128939176,-0.0292648389011374,-0.0266519448292592,-0.139885949104072,-0.0501338120736217,-0.00370905707674045,-0.016411015163228,-0.0356875554829482,0.0843468422052824
"SRR8800701",-0.0706039026382643,0.0750570239628902,-0.13673463670233,0.0778552975505463,-0.109414711452636,-0.0814350488439993,-0.11390056556385,-0.0873653346917346,-0.118057256209559,-0.0952097152163815,-0.0316076613560138,-0.0311711307095023,-0.0589145309677932,-0.0351508483901491,-0.0689292880279481,-0.12608291398663,-0.10759232327756,-0.0520904169208508,-0.0142795252296799,0.00130817938278684,0.00892091627075959,-0.0920866422860128,-0.0289119493095151,-0.0204179135991025,-0.0510952533019703,-0.00331247990992716,-0.0391208754795416,-0.133919929156661,-0.0513307497676387,0.0533426596686173,-0.096223724495694,0.146243027645911,0.116860683755014,-0.117446527280536,-0.0235349568430248,-0.029747016425948,-0.13809037161321,-0.0497904130724219,-0.00950242617047927,-0.0172851699575888,-0.0354621620435831,0.0824757220793666
"SRR8800702",-0.0790300876920406,0.0749804743024213,-0.133762401955355,0.0794871994452105,-0.107905602444436,-0.077017586477857,-0.11383117402812,-0.0870323426807904,-0.112966798643033,-0.0986474634338591,-0.0329571299775764,-0.0358920554726216,-0.0615841434992378,-0.0534660420808385,-0.0663046956108999,-0.129796276963107,-0.102572481472407,-0.0460134617922987,-0.0157338459390685,0.000579772446964347,0.0203498753761239,-0.086482134933283,-0.0351429040652958,-0.0135875145096685,-0.0446128902635441,-0.00743374131369323,-0.0532099539311948,-0.128829503803938,-0.0505709403385551,0.0437996212520171,-0.0898507740726692,0.13968056683246,0.111460272667433,-0.113826534512983,-0.0319738389884178,-0.0355854178751739,-0.13597933482298,-0.0529375318409327,-0.00258136785092928,-0.0289912619117139,-0.0359231633498005,0.0805980609420157
"SRR8800703",-0.0845597592357658,0.0754347052291452,-0.134304094395271,0.0787121505435527,-0.111582526436051,-0.0750950188335946,-0.11653626133397,-0.0879531127712215,-0.117683427459955,-0.102247122233089,-0.0343264242446725,-0.0370401971020249,-0.0651971643994011,-0.0592034540710678,-0.0659924042671461,-0.128259363637982,-0.102502947838582,-0.0488911151931791,-0.0158782191371493,0.000404568330481093,0.0091664549615821,-0.0908375777202963,-0.0341264366629317,-0.0204179135991025,-0.0512494209162701,-0.0106989693456525,-0.0522684448066038,-0.131559761163958,-0.0500305440342607,0.0499594094366818,-0.0980895240648576,0.139869759684356,0.111385854555727,-0.122926580171375,-0.0302807547907226,-0.0362846940906482,-0.138452840541437,-0.0571802187566006,-0.0175837314693621,-0.0221610839727583,-0.0372925086977158,0.084283418400668
"SRR8800704",-0.0710987326490817,0.0722774553591661,-0.12981415616074,0.0790380219182437,-0.105104478910525,-0.0736859437764385,-0.106073113123748,-0.0869210967002508,-0.110763156227635,-0.0902998194384166,-0.0268052522546273,-0.031113938305965,-0.0551739176824153,-0.0127514545995475,-0.0658364512798,-0.120592551894778,-0.100370944394943,-0.0496838954555004,-0.0154336718801435,0.00452596349071619,0.0154839051507907,-0.0836485256211481,-0.0321140058539101,-0.0204179135991025,-0.0444470053194989,-0.00272340774140897,-0.0364752713203327,-0.123308884097784,-0.0485470501149321,0.0445190279533538,-0.0870284577357541,0.135017834446655,0.113285443248775,-0.108281870349751,-0.0238550260654945,-0.0310497848741339,-0.131399398953623,-0.0486678312676275,-0.00715269952814943,-0.0212536178573004,-0.0346062872728605,0.0778506260375003
"SRR8800705",-0.0665705715874798,0.0719844310437717,-0.13126182099181,0.0789377999791991,-0.105057414230988,-0.072048506365281,-0.108178084166141,-0.0823813110465509,-0.111026410087989,-0.0904736957548546,-0.0286931817540522,-0.0305159642978089,-0.0551477313279742,-0.0158231734494895,-0.0609381791294791,-0.118991469472185,-0.09902542216948,-0.0465751514456809,-0.0153200723664408,0.00344518692949403,0.0142692824001871,-0.0830445361186173,-0.0309555591155972,-0.0178578855203296,-0.0439214197559825,-0.00308459763293777,-0.0422317481623422,-0.122584759214407,-0.0470565525926164,0.0461290087184209,-0.0854708997773369,0.135148233586433,0.113805623414519,-0.113329134144776,-0.0274510615976064,-0.0286762348540153,-0.129417168774703,-0.0476260358035275,-0.00506561949824972,-0.0193742787366214,-0.0342611846159629,0.0808402099179802
"SRR8800706",-0.0750822311952355,0.0735432525113787,-0.131798223770944,0.0796658495845606,-0.102646965430463,-0.0726501628549178,-0.110456752569336,-0.080783881200004,-0.110240567977764,-0.0916567745331265,-0.0279304213809658,-0.0342329066679266,-0.0593439573740769,-0.0590174417990237,-0.066906410240129,-0.121311429418067,-0.104135835802851,-0.0484194588616697,-0.0146188995650048,-0.00140059902163682,0.0129564500226204,-0.0871545256350311,-0.0336654828810627,-0.0204179135991025,-0.0445380632342391,-0.00443534806180173,-0.0512393356492181,-0.122479360243591,-0.0481800301956491,0.0472297999378102,-0.0894622082571438,0.135694544432577,0.113812256946625,-0.118520877835626,-0.0257432788060104,-0.0300763635137564,-0.135963428526289,-0.0522897678280854,-0.00790459089408711,-0.0201849739494246,-0.0361632959864592,0.0779644135398687
"ERR9604272",0.0857623670294093,-0.0983389561691549,0.0387167042876029,0.114731296237073,-0.0289296101748753,-0.080277001034783,-0.101897072433993,-0.0291860501732056,-0.0628086959837454,-0.0961293012855331,-0.00947092655148539,-0.0176852224633006,-0.0641579421878168,-0.00511748919343662,-0.0608240300470666,0.0655964417281157,0.0217725477879319,-0.0164739931270226,-0.00944967976848467,0.0265746091098596,0.111498075623288,-0.0678252352587298,-0.0173850761400271,-0.00532576626341186,-0.0806946839249939,-0.0265385549319372,-0.0668564922441143,-0.0456243820794967,-0.113206698285517,0.0494345716026185,-0.0202356728919418,-0.0346574712147696,0.0433252408326009,0.00052075641963266,-0.017474007005648,-0.0208902942994024,-0.0741555817676525,0.122922705649265,0.0829476191587907,0.0562774838179468,0.170243766624971,-0.0572272308427187
"ERR9604276",0.0872578848487331,-0.0912481900815422,0.0454719911420006,0.131498555531806,-0.028787369995518,-0.097994038611918,-0.0865043875066464,-0.0339419750823634,-0.0708825608892731,-0.100803164485372,-0.00440882322417245,-0.0133988114470961,-0.0667806086124593,-0.0113153573655343,-0.0557647950869833,0.0632123786123409,0.0202907828378536,-0.016251730762521,-0.00536799891799181,0.127557392851009,0.151819415854084,-0.0720180304998647,-0.0238415098537111,-0.0081989901780422,-0.0807652220137823,-0.0256169711014018,-0.06156111267922,-0.0368312297978738,-0.120771857476687,-0.0794633364678562,-0.00770977243253258,-0.0416501276503448,0.00265893463787594,0.00333640223146132,-0.00650398487142299,-0.011868528632049,-0.0679041369514605,0.126434055191705,0.0847531513601501,0.0397109346997184,0.176901697874853,-0.0632225844741405
"ERR9604277",0.0855584449162802,-0.089544468574389,0.0427193880129654,0.127907427154434,-0.0261437418769754,-0.0937877739084561,-0.0895521033936869,-0.0299320778454124,-0.0700640872089576,-0.100477192031392,-0.00296123729143653,-0.0135914956338544,-0.0676095093740331,0.0328809967315248,-0.0546188237737954,0.0633074635789702,0.0204421153170465,-0.0117912899356686,-0.00734722219909425,0.0932469037332656,0.138401117286702,-0.0704156771151776,-0.0231742782981189,-0.00215813243075811,-0.0759958177876837,-0.024714512620651,-0.0602256750209037,-0.0364003001327814,-0.118247299671801,-0.0310878683386225,-0.011614022524398,-0.0421299599931601,0.0187274774201697,-5.821500915976e-05,-0.00413205613349722,-0.0102947554880327,-0.0683001548148081,0.124109114491592,0.0856048941591723,0.0433118679816742,0.177145316207455,-0.0598159150392892
"ERR9604278",0.0861997560129984,-0.0912834953377329,0.0430926203834315,0.128694182756197,-0.0243099053640729,-0.0914729958613396,-0.0920686366807569,-0.0272318885773247,-0.0678165184405847,-0.100080399036046,-0.00108764482704752,-0.0151319989840509,-0.0660931892639373,-0.00404617632073496,-0.0549198716578496,0.065542356139484,0.0236816605145224,-0.00907909016208566,-0.00672557980643938,0.0765216108869482,0.132294722123151,-0.0701619966463917,-0.0222774421915017,-0.00686241026151974,-0.076942052437408,-0.0254233252130247,-0.0628209161039081,-0.0377257110704659,-0.117397114743047,0.00541447700456439,-0.0162065146693115,-0.0433710198076656,0.0286765465172643,-0.00112157094816532,-0.00876788719718153,-0.000585859831437755,-0.0677635363096725,0.124418947081976,0.0861905911731937,0.0443134795182725,0.182238113500526,-0.0614093245607105
"ERR9604282",0.101438275888445,-0.093266065907737,0.0469517122441887,0.128962967265242,-0.0141045272494317,-0.0770204352197565,-0.0760416220089534,-0.0125926889584052,-0.056756248180657,-0.084806714353036,0.00191431633359019,-0.0087930537833722,-0.0561810634367115,0.0104142502921329,-0.0491249590943035,0.058907242174381,0.0150171288907024,0.00216940000746196,-0.00471147025291071,0.0950723277673342,0.138298779667858,-0.0569357168165291,-0.0128413324565426,-0.0122740531957575,-0.0726311417268833,-0.0219292064587165,-0.0555958786591246,-0.0306815029131436,-0.107863543172344,-0.0150137904958868,-0.00177752277205319,-0.0460804774513295,0.0149905933972711,0.000799104416073296,0.000307638480201858,-0.00431495138809407,-0.0533737123353097,0.118876352731334,0.0843432139642417,0.0329097159551193,0.146366627628387,-0.0576118958080864
"ERR9604283",0.0782981868830857,-0.0929394179129895,0.0364817216394981,0.102093275065098,-0.0313152454420443,-0.0767314035067495,-0.091273842582924,-0.0276369892745551,-0.0590194952204484,-0.0914486242218071,-0.00670759573533211,-0.0150138639994157,-0.0615677158285214,-0.0186614110083607,-0.0564945779952863,0.0666824658051003,0.0239037066394618,-0.0159417053351262,-0.00702109439976362,0.0451002280925624,0.107660841303165,-0.0622654376827903,-0.0183712593070434,-0.00783041357309755,-0.082025793710855,-0.0219802910158284,-0.0670365647761144,-0.0420444920978953,-0.107138819466094,0.0218766399993921,-0.0116816131395249,-0.0316758944339228,0.0352044780993054,0.00444743031664614,-0.015727290714328,-0.0213154368787585,-0.0674312947456521,0.119589301930513,0.0695207419243204,0.047484866914364,0.159342626153944,-0.0554768983079629
"ERR9604284",0.101631613199739,-0.0942373606342014,0.0470029875428998,0.131934176513291,-0.0142191334965656,-0.0753264092671307,-0.0792965928671147,-0.0108620164812142,-0.0541988760918795,-0.0853823888590905,0.00380813797715951,-0.00974957834044396,-0.0553951392447812,-0.00704180477430578,-0.0486498637014588,0.0607855184282356,0.0194065706586667,0.002780922679104,-0.00341253449213745,0.091928525718907,0.138410213356841,-0.054455650134423,-0.0125169948419396,-0.00456404632288429,-0.0739293507420097,-0.0234003246440877,-0.0563765695451587,-0.0321505543049076,-0.106547990936647,0.000673245783998549,-0.00267543831873546,-0.0470295808381459,0.0180103073816303,0.00254186880172629,-0.00545215592866324,-0.0083828599866924,-0.0528185957268641,0.118987086498453,0.0808832742380287,0.0354396867780093,0.148709828255817,-0.0586441809789103
"ERR9604285",0.101264720534874,-0.0946488927375476,0.0465021117297848,0.132867645377747,-0.0138209342885286,-0.074281184043831,-0.0822402877169485,-0.0120084435018168,-0.0544372999661089,-0.0847898921587092,0.00379723795774866,-0.00930952903035096,-0.0549235321609026,-0.00288361617077868,-0.0493132282883398,0.0611140707867696,0.0184126150301646,-0.00102201797251072,-0.00507559016060376,0.0850493315095529,0.136444569893172,-0.0533950418411995,-0.0135330251150734,-0.00144593191237512,-0.0739893903350822,-0.0224890993888182,-0.0552827721851293,-0.0325083352028552,-0.106810592472511,0.0113049840382335,-0.00229818663125612,-0.0473050304296387,0.0203478215204411,0.00404044887180229,-0.00117703052268815,-0.00914187859607426,-0.0531650491153702,0.119571073323941,0.0788235267468867,0.0368960171130089,0.150812556879733,-0.0585084895038139
"ERR9604289",0.0883848166729339,-0.0836027148271363,0.0384623069678405,0.114590494232516,-0.0204516955960743,-0.0565237611402516,-0.0775922214455678,-0.0101116086405675,-0.0305444685612535,-0.0640553637778893,0.00160324505506315,-0.0103663463141903,-0.042648889299386,0.00185538071463301,-0.0430302914400379,0.0672965274531123,0.0278181565926355,0.0371313368771116,-0.00515054684772279,0.0531435179574743,0.11394984955569,-0.0315357008419227,-0.00822196816597011,-0.0107281769134418,-0.0770321106412379,-0.0196465552103552,-0.0305625480454256,-0.0313989039348781,-0.0915316923581309,0.0232200189471117,0.0199982282863894,-0.0382088735376296,0.0335744744134577,0.0127399610471932,-0.00167153481144804,-0.0130324526624878,-0.0482091543868933,0.112689407881527,0.0562669796465962,0.0297292353642949,0.135063179846803,-0.0532535224273487
"ERR9604290",0.084066762486843,-0.0671798977061973,0.0356601552258168,0.108581148249786,-0.0208975462984782,-0.0517240835055456,-0.0716253628847518,-0.00869249245792444,-0.0275609484006047,-0.059131049280979,-0.000905243239844798,-0.00735955965127019,-0.0387384919356884,0.00125094545778348,-0.0337328389133955,0.061829519003616,0.0302496652246341,0.0390947156066644,-0.0065062033324979,0.049511991849119,0.107300911949678,-0.0239360888572556,-0.00730860261873778,-0.00854160752829112,-0.0644588628146088,-0.0106291575502989,0.00223687070061937,-0.031844350598202,-0.0814358044951463,0.0296686671949457,0.027455091599643,-0.0356870913549909,0.0373790146303028,0.0129076678521142,0.0126205482771264,-0.00484318855245734,-0.0435580862614186,0.102145619264172,0.0542240289030677,0.0240889965981732,0.126732100101167,-0.0480984988599539
"ERR9604291",0.0878595168246888,-0.0748514022921835,0.0353356619797091,0.112488440369552,-0.0203202554443354,-0.0542846333786438,-0.0745017119191615,-0.00362971700843671,-0.0303342512518834,-0.0645927246010079,-0.00208524926142101,-0.00957258639397165,-0.0433538833061464,-0.000139193799034043,-0.0368850418188843,0.0620297426921823,0.0287641887756034,0.0209000989494377,-0.0071532141467757,0.0213638095632821,0.098250512679238,-0.0288980009504508,-0.00707512678423164,-0.0141688658033136,-0.0646367549298793,-0.0212851680770941,-0.0167068054732634,-0.0296190625383325,-0.0869994706225153,0.0553817383859735,0.0179860057375799,-0.036145509979092,0.0400353289553199,0.0083894983670419,0.00354179952972671,-0.008403630683375,-0.0451644596625454,0.106457614927001,0.0593404049252067,0.027612931374967,0.128796091216079,-0.0507656646081588
"ERR9604294",0.0898282231166492,-0.0970969453546768,0.0392148605116623,0.120047774018667,-0.0274776329597936,-0.0825175556014348,-0.10480561846535,-0.0307661691212653,-0.0653163989272284,-0.0979414960617915,-0.00475344526244812,-0.0156963991819222,-0.0639081624969313,-0.0215400096130942,-0.0613315092738045,0.0638455933658322,0.0218794470259244,-0.0134284173184732,-0.00720613017151848,0.0324537475976961,0.118480131574789,-0.0700707839342053,-0.0166486039726783,-0.003693831925645,-0.0774911494311636,-0.0279086567121224,-0.064030882109946,-0.0474996689613327,-0.115990305181675,0.0540668639469196,-0.0229783377380347,-0.0363479420055561,0.0456780923840205,-0.00384540526238104,-0.0131904903666189,-0.0148530141359937,-0.0751673306454911,0.123567398263497,0.0876589293738148,0.0609850899229504,0.176922719869238,-0.0568539343283105
"ERR9604296",0.0685449411516232,-0.103127806784663,0.0497788643264074,0.100837749650209,-0.015935210778022,-0.0487962759371066,-0.0726257132290702,0.00210781796163538,-0.0119253858923069,-0.0505055266369413,-0.00577764027296562,-0.0143499778028772,-0.0391643215348519,-0.0235449474956553,-0.0426915946574872,0.0827219336705292,0.0484580769439115,0.103108904275324,-0.00555667956059196,0.0285328113941746,0.0907365527869726,-0.010772420965886,-0.00885224422349598,-0.00618310366002643,-0.0836765408770118,-0.0224536773076798,-0.0707687106927592,-0.024903706011969,-0.0870500234530938,0.0294112360593906,0.0524701320419493,-0.0457089388222994,0.0340273556932756,0.0286917730993756,-8.60584004033962e-05,-0.0175167998921964,-0.038926071504319,0.114825828319769,0.0506727394925625,0.0168877572704184,0.154782757037543,-0.0717585030729685
"ERR9604297",0.0621200635749729,-0.106070994054754,0.0554289907261107,0.0924170262213234,-0.0143158760024038,-0.0395144404446158,-0.0640219997523769,0.00848507343812641,0.00323508113874451,-0.0378785967845028,-0.00428510585172732,-0.0144059569509369,-0.0310027865902085,-0.00445403672093333,-0.0383488748308562,0.0889283715754952,0.0559919610919691,0.117404933993094,-0.00257437197561558,0.0574643060980853,0.0950004874053058,0.00399993025220958,-0.00504043473384766,-0.0118427378438579,-0.0895684215780218,-0.0166883845392173,-0.0743988288841574,-0.0197953846479915,-0.0801961824640184,-0.00393517677520822,0.0754296802538977,-0.0491739707734654,0.0232747036210336,0.040391421641673,0.00170812814189247,-0.0156855790690992,-0.0283862502068701,0.112611263960607,0.0359367343786462,0.00352495872119945,0.146601332883946,-0.075371834540185
"ERR9604298",0.0641969082954158,-0.105313477236791,0.0509871104053685,0.0981419551071491,-0.0160463508578243,-0.040297173525916,-0.0723151531602838,0.00735274941510055,-0.00130689546704881,-0.0420508662232005,-0.00453907410057399,-0.0153243806786282,-0.0331869370430666,-0.026877083484612,-0.0418817408109687,0.0876560371405241,0.0535804513246684,0.109139207534104,-0.00317059022130613,0.0257590668913848,0.088316423726018,-0.000932568179533966,-0.00554624772092628,-0.0135586517999788,-0.0879986067330333,-0.0189523498907247,-0.0713671293827654,-0.0241458254192158,-0.0818695134638516,0.0312570520858165,0.0631367160233394,-0.0465698032187255,0.0327245530483025,0.0361734076011525,0.00089480113862925,-0.0154410871401505,-0.0344349722632756,0.114095252602439,0.0410497010962776,0.015463249245233,0.15076128203133,-0.0721456297240062
"ERR9604338",0.0789906326401694,-0.0951606660314044,0.0384279070616514,0.104351827876913,-0.0283118282270568,-0.0821371355487209,-0.0871204710852184,-0.0253281961213492,-0.0599072862257645,-0.0952569059850854,-0.00427239651379732,-0.0166472865639158,-0.0671550237756952,-0.00497358988411527,-0.054112871549883,0.0675676111208264,0.0249460719922693,-0.0194486076244808,-0.00533710107287794,0.0423980940824987,0.112552282956745,-0.0636873138994938,-0.0228527002674001,-0.00677093542110206,-0.0799866362388852,-0.027319589539862,-0.0691274073128458,-0.033716997767838,-0.108433905568362,0.0101796042526435,-0.0133286489560509,-0.0358598454230047,0.0277779729223885,0.00437629983790808,-0.0144373233443915,-0.0243768461350358,-0.0644413667764554,0.121937313308908,0.0714485550750998,0.046901511563435,0.16283667162298,-0.0574511281672689
"ERR9604342",0.0817761547488234,-0.0777044178562894,0.0372748811821092,0.110191686538598,-0.0281704974325234,-0.0872624421564341,-0.0840267259802953,-0.0201042477139055,-0.0662598591408301,-0.0958535040672679,-0.00361815067050104,-0.0152620565459298,-0.0636561125200063,-0.00810542219233966,-0.045001521579296,0.0608473203069711,0.0210032380037949,-0.0144837170422388,-0.00918506922516715,0.0740400340787897,0.125072206081232,-0.0667335752864301,-0.0211802649184996,-0.0090525061172515,-0.0708916877247754,-0.021522810668221,-0.0325405252190706,-0.0315607770795545,-0.110863486054512,-0.00868749723599756,-0.0151261767508848,-0.0342187632205342,0.0348113008110859,-0.00359641536817168,0.00281665005966468,-0.00474466946405962,-0.0660012197854476,0.118614993620515,0.0786252533740675,0.0433292394770992,0.165273453048951,-0.0581882926061615
"ERR9604343",0.0814253174463767,-0.0673034328654388,0.0299836956276852,0.109910827173719,-0.0283733171350314,-0.0810615392244737,-0.0826119528132174,-0.0213988013530666,-0.0630390892138402,-0.0937289868829379,-0.00388236045731481,-0.0149120857575306,-0.0649085695903038,0.0307484540787616,-0.0423646614323396,0.0574490173471597,0.0198887017467001,-0.0198767396615979,-0.00576312967594777,0.0398404844637544,0.114849952380553,-0.0657416339672971,-0.0213259059827065,-0.0115716539684114,-0.0668889271196751,-0.0235084459330695,-0.0228595424043938,-0.0328489698797006,-0.106687680339416,0.019023457821978,-0.0212235259773042,-0.0284493608639402,0.0388686388404773,-0.00265740837899169,-0.00446952755896479,-0.00956918159589158,-0.0645315237499712,0.115114658085875,0.0723363062198365,0.0522413561446815,0.159473233377095,-0.0510563299899163
"SRR10030449",0.042199123410065,0.0283142765202106,0.0328432027422967,-0.044376621107544,0.0697145923845696,0.0342839974190753,0.0638924079644816,0.0704833764409031,0.0101455889333344,0.0027454505891053,-0.0287987694636269,-0.0279240709642569,-0.0364572540786177,-0.0574383600511774,0.0993871777456175,-7.92835488603592e-05,0.0355106351343458,-0.0337079778642168,-0.0126568988021299,-0.0158919062280098,0.0141843736467662,0.03372796834355,-0.0398448697183847,-0.0204179135991025,0.0689027989006556,-0.0327131422998905,0.0663494238775397,0.0601945428345524,0.0440993443557664,0.0285387022277169,-0.00992542063101246,-0.0377994169702959,-0.0411336300374402,-0.0199673105287586,-0.0065610646692076,-0.0242049556251263,0.0489351883717316,-0.0321932971005465,0.0266484190792108,-0.00276418696058285,-0.0348153335015111,-0.0463313692576432
"SRR10030450",0.0409541230834692,0.0292755602953776,0.0320749112427202,-0.0430101850774002,0.0704268020953325,0.0284853975324683,0.0643512266990438,0.0743638388915953,0.0092773096723088,0.00497970877270704,-0.0217283645275241,-0.0261806711596584,-0.0342194067136117,-0.0281434878809298,0.0992010932398429,-0.00206676128836711,0.0370552094946399,-0.032035719233161,-0.0142370997657949,-0.0156821898388249,0.0135473862497893,0.03051995311377,-0.0410025897907641,-0.0204179135991025,0.0720753108220835,-0.030939291007532,0.0667575743296148,0.0636612308229906,0.044601862736454,0.0315602375498424,-0.00822233894987795,-0.0386912980327423,-0.0435992156776983,-0.021671373462512,-0.0102947636079104,-0.0284218293828623,0.0488102526732742,-0.032449910180481,0.0232379027419363,-0.00374488785691474,-0.036079189648797,-0.0515429027605783
"SRR10030451",0.0409016090384176,0.0285573191763119,0.03189372342017,-0.0430706825338582,0.0710194686605556,0.0310888839647513,0.0662544214532987,0.0632416477121532,0.0114184014581509,0.00322234673275183,-0.0175729192428115,-0.0273562621991859,-0.0326989086767724,-0.0453562214124139,0.0976052473300576,0.000145852437377588,0.0334444535297083,-0.0347069356824337,-0.0152977333546518,-0.0163491503581164,0.0162219801820135,0.0329778035364504,-0.0426314281307533,-0.0204179135991025,0.0697359675735685,-0.0314864614980847,0.0626275289276359,0.0619365511415046,0.046012631948293,0.0296828880348644,-0.0145429725813009,-0.0379831641641494,-0.0488609883203144,-0.024214328734389,-0.0215879115685182,-0.0289444270716986,0.0503120449638568,-0.0330433714040747,0.0207935870954837,-0.00870317510711146,-0.0372855869644059,-0.049116245538948
"SRR10030452",0.0418822631035765,0.0291635815159318,0.0297759484586198,-0.0423165093667044,0.0718802365427848,0.0303249243760805,0.0698018268987679,0.0685394763135162,0.0116360107583326,0.00623962713225315,-0.0188822740271306,-0.0252450436333746,-0.0353102667780727,-0.058476171323418,0.0984140780933393,-7.75959763768788e-05,0.035084255632116,-0.0349750589352641,-0.014907094093014,-0.0151640667320586,0.0106508667409974,0.03429461464209,-0.0385501428186803,-0.014285225375935,0.0735984304192009,-0.0342125148302807,0.0644943216169693,0.0618188907293025,0.0440562688798619,0.0279355537553421,-0.0125948836168037,-0.036936001344682,-0.0424586251915761,-0.0218308713939888,-0.00572387477392277,-0.0283794458028638,0.0476589529764797,-0.032691289573441,0.0227444329198855,-0.00778404847230253,-0.0356478858897193,-0.0530219350886734
"SRR10030453",0.0413470974388353,0.0286630074453058,0.0309547352573019,-0.0445021890825844,0.0722578179439289,0.0300534252919225,0.0646896051682159,0.0737893709555301,0.00880300237982608,0.00290749753606298,-0.0248772655887083,-0.0272514463628112,-0.0348233999421885,-0.0114659061197381,0.0979448260600595,-2.487655139751e-05,0.0362081157470843,-0.0316059990892949,-0.0142164323005465,-0.0136875897693752,0.00595659156460887,0.0326032469279307,-0.0394406385757766,-0.0204179135991025,0.0702117107468851,-0.031870648775563,0.0625799375891255,0.0624251084483431,0.0436380618460761,0.0288262621367747,-0.0139535921395729,-0.0348963893579692,-0.0458826773468913,-0.0233763823526591,-0.00101703075201727,-0.0280823713742483,0.0472822949201622,-0.0329559529494002,0.0275468596369259,-0.00174965809906045,-0.0359266678935759,-0.0508912587532007
"SRR10030454",0.0432000353382344,0.0290459627809265,0.0323235254613938,-0.0439432801638101,0.0721483512806562,0.0297124287189477,0.0644331078025072,0.0642000051672098,0.0115267852872671,0.00536150871428854,-0.0210487461982538,-0.0268339014717108,-0.0355263286619775,-0.0272472501165705,0.1013196450733,-0.00275475991770924,0.0345216041791556,-0.0339184667398417,-0.0119279835638799,-0.0141961304620477,0.0159307151728783,0.0355037105646449,-0.038042953559207,-0.0204179135991025,0.0714950671656615,-0.0329746302319575,0.0673217857324961,0.0636065246786535,0.0450804985238493,0.0320921723203777,-0.00974028524934843,-0.0371558538090443,-0.0409116817365293,-0.0250167301118261,-0.0142682503559128,-0.0272490445387877,0.0494643431539202,-0.0318436546900273,0.0261207202220517,-0.00124816791050604,-0.0355881658291361,-0.0519847891071181
"SRR10030455",0.0408801006568747,0.0286046750490681,0.0311987963381636,-0.0415192434895348,0.0726591328445995,0.0311139250994936,0.0670238787402648,0.0710602385520002,0.0107851819801604,0.00275405373905942,-0.0231981410748266,-0.0256834160681568,-0.0361888495769995,-0.0118554210801063,0.0981184438449584,0.00104921401506562,0.0349745708201554,-0.0388992400814191,-0.0131860872538674,-0.0160447611032997,0.0118591979223616,0.0317808091769762,-0.0400368260917547,-0.0204179135991025,0.0744868024277936,-0.0334843622955096,0.0630246276077211,0.0617259480398136,0.0459114277588823,0.0332427821770751,-0.0146319334394163,-0.0363090099693107,-0.0469334170358615,-0.0233910211244089,-0.0173315175302336,-0.0281731070389865,0.0450648562379085,-0.0324554412431195,0.0226644021621371,-0.00135202895584283,-0.0363868701832178,-0.0466504210583274
"SRR10030456",0.0417984116505127,0.0284630149323084,0.0312303647865872,-0.0437031270638625,0.0695067284610088,0.0317307593259125,0.06662554117348,0.073700316049996,0.0100241552020834,0.00719312345878389,-0.0256685268047699,-0.0257703151688136,-0.0348277208526682,-0.00988055926388995,0.0963246135183775,-0.000198876732677674,0.0379210337461273,-0.0370469814945414,-0.0134962505166256,-0.0163575990500573,0.0131121253782518,0.0327367407532755,-0.0433949728786284,-0.0204179135991025,0.072958400732347,-0.0306213695485341,0.0621365382018809,0.0644362506333784,0.0444444122264536,0.0299019130615931,-0.0128364955042325,-0.0364187961023889,-0.04351288789904,-0.0219791210022744,-0.0026427771295501,-0.0294263713858242,0.0470937803027318,-0.0314705248766724,0.0248958230637946,0.00013568814990615,-0.0359068002847168,-0.0494144870925414
"SRR10030457",0.0406635784731307,0.0286145500753574,0.0310740028892612,-0.0437589498669869,0.0710821512599792,0.0314185587178024,0.0648642830316726,0.0720234274096886,0.0120792429029698,0.00394594923377592,-0.0243749807453052,-0.0279330305586804,-0.0337458609837312,-0.0100134054591459,0.0940049028795307,1.32587167993915e-07,0.0345668029511393,-0.02790754987875,-0.0131829378851788,-0.0132407460285685,0.0136080648458455,0.0332704457146556,-0.0365640556992359,-0.0181344166272597,0.0679311310852702,-0.0308126145630265,0.0600758599652557,0.0633847568028923,0.0435300213682361,0.0310949594691153,-0.00896838592982979,-0.0377635547527683,-0.0416385676881712,-0.0250114623739673,-0.00832233039689633,-0.028227509767264,0.0474575016700719,-0.0319663156255864,0.0236100027261186,-0.00257985451219542,-0.0348154278410203,-0.0504468197297634
"SRR10030458",0.0406710561412615,0.0295992931779401,0.0323223391129814,-0.0429511009195565,0.0720251273147303,0.0311971051474518,0.0627237551076343,0.0735468633752727,0.010107290182702,0.00214136452171462,-0.0194879139108909,-0.0274350282506298,-0.0355969027900544,0.0119160029116591,0.102358630735507,-0.000354014404310912,0.0332129461701492,-0.0289532272576704,-0.014637172419186,-0.0144671224708065,0.0107019615762079,0.0324462313318171,-0.0412459353529942,-0.0142105705169166,0.0723142180461056,-0.0324197588760548,0.0720939754542002,0.0613026446355348,0.0437812982923825,0.0321771488005088,-0.0119549331002431,-0.0378903994178141,-0.0444991092836711,-0.024458323154223,-0.00554557972366775,-0.0273291656704587,0.0495868072960251,-0.031130571446279,0.0275643230395894,-0.00344991728272327,-0.036235080907834,-0.0529010855441063
"SRR10030459",0.041552650651502,0.029019551015966,0.0315762600991176,-0.0433053973322309,0.0705721847165059,0.0301710725527296,0.062325183038806,0.0725514684553667,0.0104810149753278,0.00609710171768168,-0.0226184475184868,-0.0269426920354538,-0.0346783040476474,9.15409358204979e-05,0.0965225907332286,0.000931723378519443,0.0356687928405774,-0.0269513080482456,-0.012369812723287,-0.0152925120450368,0.0153383853284717,0.0328415530924934,-0.0398760918597947,-0.0204179135991025,0.0694679720434647,-0.0313996136894889,0.0659773783957576,0.0631667069874672,0.0440818321007094,0.0286917863026236,-0.0137495452794536,-0.0363943100975184,-0.0397786071356092,-0.0231595523035435,-0.0155676250325539,-0.0270528297256153,0.0475814826414195,-0.0323328995913068,0.0270556516303302,-0.00166963093515805,-0.0344859952472979,-0.052078377461314
"SRR10030460",0.0418056291232997,0.0284237399540708,0.0308008239827834,-0.0440394445423392,0.0718987277529583,0.0305911956529648,0.063618930866964,0.071252440150337,0.00840506193248194,0.00455472049260833,-0.0228237198483361,-0.0272096833510779,-0.0346088019067249,0.0597830973252884,0.0999817584397407,-0.00186451705457276,0.0354010544237655,-0.0348258310894909,-0.0146725125427415,-0.0158745144800428,0.016657921877028,0.0348103660165003,-0.042867483576669,-0.0204179135991025,0.0747426130807467,-0.0334739593345862,0.0686565594300268,0.0637168478789452,0.0450128745754063,0.0283565143688688,-0.00966849719698004,-0.0360853532356401,-0.045413378031243,-0.0243929717093523,-0.0138453519823934,-0.0270726139344886,0.0517685510721432,-0.031996400582448,0.0238558932944596,-0.00307224360102203,-0.0350828988272003,-0.0509158755941868
"SRR10030461",0.0413200627835754,0.0291568564040648,0.0313676830746024,-0.0427521103544058,0.0739584489976826,0.034814933952754,0.0654936501673785,0.0720220732277188,0.00945727055875978,0.0029594576823148,-0.0238206399201978,-0.0241087978996291,-0.035753579549207,-0.0408335973852502,0.0983450006647284,0.000133427453519328,0.0356663009606357,-0.0339531382970584,-0.0143992779116624,-0.014559130805844,0.0167999372055472,0.0336044512670601,-0.0392963252935889,-0.0204179135991025,0.0713051009856769,-0.0326072674588035,0.0654431346590297,0.0596317565120873,0.0459765682169585,0.0277171071690689,-0.0122073864050419,-0.0378411849726057,-0.0420777503320399,-0.0194867953909939,-0.0150624461479062,-0.0284685384801985,0.0468386590447263,-0.0315901755748924,0.0264257672771491,-0.00526322938420908,-0.0342200800436082,-0.0536307875593889
"SRR10030462",0.0427511013212601,0.0289423216391708,0.0323838984899734,-0.0427150920925205,0.0711531089213502,0.0355690088764437,0.0646729400559493,0.070097937241796,0.00978906643325863,0.00222158629207288,-0.0219045261016811,-0.0267932789173847,-0.0358549402218211,0.0471160355960097,0.0973629166361549,0.000272635304221939,0.0360769894068178,-0.0302554492704702,-0.0143348890837427,-0.0116922507290134,0.0157683602276301,0.0332531491338812,-0.0396988899356186,-0.0173878724607314,0.0731847059259289,-0.0339853354361142,0.0630931153497354,0.0625851670236263,0.0451464479592753,0.0329017159655353,-0.0127176453640397,-0.0365764623644049,-0.0454939800202008,-0.0200804776298849,-0.0187667328189265,-0.0266095047137655,0.0470275852428888,-0.0316374152389624,0.0228425793071466,-0.00380540721064535,-0.0359247937821847,-0.0500361688374131
"SRR10030463",0.0404352477084646,0.0287914542692071,0.032892836636999,-0.0431009448577465,0.0693960107461764,0.0327099565832173,0.0653966552245267,0.0707537673745081,0.0122263177229347,0.00421211047682025,-0.0251962491497553,-0.0269359392948789,-0.0354864133939889,-0.0627783092252219,0.103804773732084,-0.000138250291783148,0.0345689197963237,-0.0312841977941429,-0.0132050937346804,-0.0142590720431353,0.0101946670587964,0.0319758944289827,-0.0417898127394869,-0.0169614163105093,0.0716456364257936,-0.0293755752118342,0.0576341668072234,0.060694104113997,0.0440251117319247,0.0324011479804247,-0.0118482011663791,-0.0373468804664485,-0.040334961629886,-0.0229139582783243,-0.0183199318291238,-0.027716189166574,0.0505499460140012,-0.032616707376372,0.0241987304355514,-0.00598293580919892,-0.036980750451921,-0.0468080712109923
"SRR10030464",0.0409535814995698,0.0288346455829015,0.0321263851382335,-0.0421935039906605,0.0727858932659641,0.031396817137861,0.0663632182914679,0.0723796329230579,0.0129755530066631,0.00681263516771185,-0.026239864285979,-0.0273497543228914,-0.0351754718927406,-0.00579479385738321,0.0981806448801408,0.000184990434527537,0.0370501440742508,-0.0314399608727953,-0.013875553656599,-0.0123355062241417,0.017308344039109,0.0335967066373151,-0.0399170226969204,-0.0128619899502185,0.0728936964611211,-0.032871144022288,0.064416102950528,0.0615520662601745,0.0451402761516109,0.0318693428457493,-0.00830907722291899,-0.037033634653595,-0.0424128932100889,-0.0250509754847568,-0.0111944165714164,-0.0321894200815596,0.0488408169982012,-0.0322861936510429,0.025033011509938,-0.00393370941030021,-0.0356439158032984,-0.0520042092914267
"SRR10030465",0.0421617356882155,0.0289295141196396,0.031214888436049,-0.0447262069699197,0.0729943771113398,0.0315275562335301,0.063290623249813,0.0729906739534355,0.0107233864173401,0.00488118111471801,-0.024440771543888,-0.0281787043776029,-0.0348757696083084,-0.0431683409086621,0.0965005721618672,0.00088165341345679,0.0386390357993329,-0.034861501483617,-0.015287395366466,-0.013332720211891,0.00968424479146538,0.0339640960847536,-0.0408532700828521,-0.0204179135991025,0.073906708211627,-0.0313159588366713,0.0659037105385611,0.0595302608153395,0.0457554119371514,0.0337335626035558,-0.013525522929979,-0.037243848174603,-0.0427341254933864,-0.0253284964598867,-0.0133543806572038,-0.0304856152149979,0.0479937956317796,-0.0322112680821636,0.0248799244065811,-0.00500876858528083,-0.0353314526744548,-0.051685626668353
"SRR10030466",0.0410513989681416,0.0294785654272782,0.0304546337757392,-0.039363089021301,0.0738428683651144,0.0310490494199381,0.062849597011231,0.0743926498564871,0.0133817912652398,0.00455234030624974,-0.0219318153397671,-0.0273076971271627,-0.0357876512502112,0.108727593456012,0.0983041525245815,0.00349530205604899,0.0348252482100256,-0.0386511658317608,-0.0135253378923033,-0.014900345072203,0.0111076216915692,0.0336708505805733,-0.0399636793266588,-0.0204179135991025,0.0722143457748991,-0.0312181672969995,0.0677283440671725,0.0645962483827162,0.0443057115607046,0.0296681921820196,-0.0138872035497175,-0.0362814150572986,-0.0479582413993866,-0.0237143924245968,-0.0127581773039766,-0.0282219174055687,0.0488651822139638,-0.0324906313018795,0.0270604034559693,-0.00315112653513811,-0.0342223452661793,-0.0526898341691692
"SRR10030467",0.0415521742136467,0.028617948029833,0.0321201109761123,-0.045823020139919,0.0723413091398182,0.033213465438508,0.0664326108884313,0.0701235217625994,0.00877900068533839,0.00379165912029595,-0.0267323135799097,-0.0266141015682303,-0.0355667973281578,0.0127269729359195,0.0980377484591525,0.000437633404706381,0.0348306823595321,-0.0309357568390249,-0.0135053116683628,-0.0135416132833315,0.0143235536757204,0.0343766299127588,-0.0412577054161479,-0.0158028490916749,0.0710255225749935,-0.0294362372798213,0.0685191053797007,0.060655922162442,0.0447629214600193,0.0304316373186078,-0.00978541058423746,-0.0374001544246195,-0.0430297373346719,-0.0271693854874867,-0.0139243148210884,-0.0280792035027135,0.0474254799425489,-0.0323221585327821,0.0243472796824512,-0.00343227659333948,-0.0352012843561588,-0.0472728821509059
"SRR10030468",0.0412596475214501,0.0293718852053956,0.0309561978842361,-0.0412524864329442,0.0715523513766809,0.03136158680307,0.0665327435527518,0.0736514696955134,0.00935054728391644,0.00455709444913,-0.0243158578789397,-0.0271813302098986,-0.0357144525849037,0.0182302878865021,0.101121866842394,0.000238946148149515,0.0347430061778503,-0.029575668039344,-0.0126194466640542,-0.0151382967193385,0.0111996853968224,0.0334019138441256,-0.0394713289919781,-0.0173625471537403,0.0676195453357871,-0.0283637242649148,0.0601889824939611,0.0609558972205327,0.0443963434624155,0.0274833553886638,-0.0100009184354212,-0.0384580220729439,-0.0473437109989216,-0.0251360747733892,-0.0127717598939332,-0.0276772940630424,0.0464704037061533,-0.032537925692453,0.0264552449640961,-0.00619039201188783,-0.0354995991397252,-0.0485369014011082
"SRR10030469",0.041235468481387,0.0288663005530079,0.0332713087739229,-0.0435936970492393,0.0713935615916909,0.0337158925398685,0.0632195777818227,0.0689287362927265,0.00956883063860161,0.0030232299025933,-0.0215898872552442,-0.0261624577775902,-0.0376523847539099,0.0457281460976852,0.099618396776047,0.000241099212606917,0.0343234328841582,-0.0337917600801923,-0.0133513398673023,-0.0142353152117054,0.0101601844445832,0.0316899466993172,-0.0382075223817862,-0.0204179135991025,0.066253752415003,-0.0329468859264844,0.0641844637638184,0.0634366674442355,0.0450384839532125,0.0286540907448189,-0.00793770491502896,-0.0370044384399329,-0.0377351514145594,-0.0196951181919894,-0.0230214142835977,-0.0263798567536851,0.04844771814673,-0.0329376882037629,0.0225789337909203,-0.00359819937830865,-0.0362071580221576,-0.0544980677643686
"SRR10030470",0.0411635744746969,0.0286528697880023,0.0307032404453662,-0.0429108875621405,0.0707904362503401,0.0317280472108184,0.0623238408847055,0.072959808869518,0.00746828888348003,0.00456128253452813,-0.0208831231739676,-0.0268114001701564,-0.0333799518659267,0.0164898498067651,0.0977876734585083,-0.00179434593623528,0.0375502171788328,-0.034504655842666,-0.0128381067546489,-0.0166478032307232,0.0128852672400356,0.0330040009175643,-0.0386906010945295,-0.0204179135991025,0.0747263319062459,-0.0300243395706184,0.0644074197310099,0.0615940742078934,0.043593196997544,0.0290504843871481,-0.0103475513097121,-0.0368726031308124,-0.0407607536139518,-0.0218199503912173,-0.0132070294883408,-0.0288344043303718,0.047434369711287,-0.0319185968229321,0.0253355055453549,-0.000135587511562179,-0.0354924307374861,-0.0525185232754137
"SRR10030471",0.0415580403587383,0.0286447598247108,0.0317048299908319,-0.044881887477814,0.0723247761378052,0.0348448069348735,0.0622644162161909,0.0691332751720588,0.0118408702835012,0.00331806445239153,-0.0167549276049637,-0.0276267415086002,-0.0358205865366342,-0.00942893145148317,0.0949906095932093,-0.000694618464947638,0.0368015797040827,-0.0338790392122603,-0.0131849355320734,-0.0169449918114151,0.0128661773167838,0.0335164600624683,-0.0410475923855895,-0.0204179135991025,0.0685901432216031,-0.0323826413507901,0.0683294532897445,0.063690736947149,0.0448626766448481,0.0334594133153622,-0.0120142661825671,-0.036320444994343,-0.0381859195158847,-0.0209192299715732,-0.0165071439120686,-0.0287187875697566,0.0489843421925907,-0.032078130961158,0.0254165535313676,-0.00114882951247706,-0.0354528136428754,-0.0542898212606442
"SRR10030472",0.0403292382120463,0.0293282584499636,0.0315214950105657,-0.0423148521932432,0.0724545032364102,0.0310725910232276,0.0627695106284418,0.0756041447281808,0.0102730276577033,0.00274049628509078,-0.0211495087878036,-0.0269283820895012,-0.0357984436920443,-0.0302059274428133,0.0972700742782906,0.000588882585750174,0.0354362763853017,-0.0348894820931601,-0.0107622573832206,-0.01365714511935,0.0105032671017316,0.0326472618522144,-0.0372744080305991,-0.0204179135991025,0.0688586105909478,-0.0310995354741393,0.0663180932415363,0.0601736453480222,0.0440788828774543,0.0318482621463651,-0.0126150270642655,-0.0363678908457934,-0.0434571045693547,-0.0236456293290272,-0.0128518426837888,-0.0313131232117552,0.0468465436201296,-0.0323065979167948,0.0256216499735099,-0.00702068078235416,-0.0350150444182337,-0.0520402588722931
"SRR10030473",0.0405159617051411,0.0286983292114639,0.0310280795746568,-0.0428483550548522,0.0707349770180889,0.0286710372661354,0.0623604133187424,0.0664862149520487,0.0134543787134044,0.00321283523497954,-0.0234313698494195,-0.0273716386285843,-0.0335865359661755,-0.0479879502192694,0.0997057374514323,1.90461819844892e-06,0.0338290889728282,-0.0298745288630385,-0.0134454821561519,-0.0131747839525188,0.00991951014624125,0.0336056140731587,-0.0372034618726825,-0.0145768774243886,0.0764468036218286,-0.0310437878159053,0.062262016226683,0.0606430943878485,0.0446406425130223,0.0314517864859686,-0.0152125576935866,-0.0354089250849025,-0.0392996075177533,-0.021694850711797,-0.0107912966164452,-0.0285027485285261,0.0488591557940976,-0.0325289006902445,0.0243397894045245,-0.00727858210147485,-0.0364475511496557,-0.050649761018865
"SRR10030474",0.040978095343147,0.0283361616967668,0.0310154018892609,-0.0442146591823644,0.0723400086454619,0.0302466325459889,0.0639808488751302,0.0760211970381711,0.011946155913551,0.00452702630698933,-0.0158134047580295,-0.0249003718735309,-0.0376452917891946,-0.00874644426881787,0.0973629523430569,-0.000655422009886344,0.0354481976055051,-0.0351822072009298,-0.0144149277531275,-0.0137987093290209,0.0163769099544669,0.0340181049418143,-0.0405180109047084,-0.0156487492096085,0.0709218594195736,-0.0337381599296479,0.0601286742683917,0.062198975318253,0.0447410947671053,0.0326474985535682,-0.0116107641680623,-0.0352918275981442,-0.0382560304459339,-0.021135524706019,-0.0163304833355456,-0.028607315342135,0.0511514148770926,-0.0322162855615809,0.0284933859746909,-0.00532730603138228,-0.0349139690150046,-0.0465262479069974
"SRR10030475",0.0416251339859584,0.029585435590359,0.0324718891874377,-0.0428468243646907,0.0712200484412318,0.0308850838586516,0.0625734445866505,0.0714200881625633,0.00809721567074243,0.00139010522675112,-0.0231823646108205,-0.0256618319170893,-0.0367968620648668,-0.0234968015473841,0.0958650677998711,0.000555294548623298,0.0346489903292015,-0.02913929548084,-0.0131386035705285,-0.0158852199784221,0.0157590616485013,0.0337500874362968,-0.0432125598365684,-0.0204179135991025,0.0723265045576064,-0.0294575730687343,0.0626829802945761,0.0614417345473409,0.0447189176724779,0.0299068047919247,-0.0115605040116432,-0.0369315059616575,-0.041737023702613,-0.0258318996481122,-0.00701094776420085,-0.0310090200098483,0.0460113172647226,-0.0338752658896531,0.0232096334388868,-0.00669735700594558,-0.0352381768934869,-0.0531542740506478
"SRR10030476",0.0411436489614919,0.0298611147955404,0.0308101465785392,-0.0443395392868274,0.0743892714442626,0.0279093457233179,0.065789719661635,0.0636362667760727,0.0113720468675665,-0.000514995881154913,-0.0303533680544976,-0.0311765449667061,-0.0395828789829006,-0.0652400349855939,0.0963434437309178,-0.000630736045042412,0.0364815785965333,-0.033273472414055,-0.0149757246563758,-0.0150204493656573,0.0077760265456425,0.0307406185232182,-0.043295455900984,-0.0204179135991025,0.0705189737858844,-0.0343252548665944,0.058621928107875,0.0642938571933803,0.0441710597547619,0.029425265989912,-0.0102822142236268,-0.0379934705393935,-0.0417464530778391,-0.0242648225328445,-0.0145489861923767,-0.0300988090672577,0.0484152744581954,-0.038526268127039,0.019939813668426,-0.0159262400884734,-0.0396835696103213,-0.0526008222189476
"SRR10030477",0.0428075614369671,0.0285859013758441,0.0309497557790247,-0.0426960079523603,0.0714980336890829,0.0304671326185399,0.0606380327724328,0.0748503584526479,0.00911643615063873,0.00356545151543242,-0.0290791490742429,-0.0268571405125884,-0.0354291741605444,0.0357752677214499,0.099743444791823,-9.53018880476886e-05,0.039045444425044,-0.0366359643038527,-0.0124951049726217,-0.0129066364263766,0.0157719691527012,0.0335639153944598,-0.0394287196610881,-0.0204179135991025,0.0666680468138827,-0.0325439030647925,0.0700411443354674,0.0608209257122775,0.0446253676334196,0.0274809844754931,-0.0116122892847855,-0.0356519830264725,-0.0444642540315396,-0.0234009906980306,-0.0130720429020013,-0.0267420978814568,0.0493297217732804,-0.032543229377718,0.024635818240095,-0.000337620324308035,-0.035583648210263,-0.0489324844853209
"SRR10030478",0.0420449135819168,0.0289762015257392,0.0317662128941361,-0.0432294556959694,0.0724229527605739,0.0343378689475978,0.0652946384720164,0.072784001006781,0.0128646591724782,0.00443660296963804,-0.0179843107254684,-0.0257925215434321,-0.0346241721627164,-0.0331260383937689,0.0964382133611091,-0.00045210845429262,0.0339926518616998,-0.0415563465336962,-0.0132155171041308,-0.012792367194281,0.0142343797223616,0.0321897023485614,-0.0412422418361399,-0.0158439863442276,0.0715934068628652,-0.0341988977480054,0.064837432048399,0.0614442901706993,0.0450955691786718,0.0295152981705885,-0.0115841596485358,-0.0371608340690955,-0.0384958267387662,-0.0249321731331795,-0.012246879695824,-0.0241260861133798,0.048920626902365,-0.0332377101402226,0.0267838866733251,-0.00663303904799627,-0.035031522716892,-0.0487734196174857
"SRR10030479",0.04423749968184,0.0286310049969291,0.0328529451140087,-0.0404616179818683,0.0709469288468922,0.0301150996681279,0.060360095214947,0.0714865933531597,0.0106689129711754,0.00400647935959323,-0.0190398069386091,-0.0269419395885263,-0.0349785698903355,0.0215595210896679,0.0968413086685646,0.0015887635959427,0.0365282317779479,-0.0330590463834838,-0.0130898439776583,-0.0154977890896991,0.0162587025398816,0.0350425183311026,-0.0368741278375835,-0.0204179135991025,0.0748853203108529,-0.0322331406003545,0.0682702169386045,0.063753875367641,0.0452854303420098,0.0317816859535128,-0.00948001204198494,-0.0375975318696212,-0.0414962987106823,-0.0271391176554793,-0.0174985225146713,-0.0283822089255676,0.0516843009105325,-0.0326665337265715,0.0218431778577061,-0.00352499404166293,-0.0358441625738431,-0.0540799512559011
"SRR10030480",0.0416346086096563,0.0290878915669932,0.0326267321956248,-0.0431731460650621,0.069204158891207,0.0329513371535487,0.0640126838866227,0.0713787130977885,0.00952332923552151,0.00264339779192914,-0.0223597883568734,-0.0263792993191749,-0.0344977675913411,-0.024672719622831,0.099165848038728,-0.00060108798039582,0.0348848932208146,-0.0350943849260119,-0.0124149933199237,-0.0130778372381969,0.0109733797649639,0.0319676819777947,-0.0386560387161346,-0.0204179135991025,0.0710181360534056,-0.0312330374941802,0.0637603236318514,0.0616235054303092,0.0445690467934329,0.0319886513099378,-0.0118708872027412,-0.0370559841409681,-0.0368582569062552,-0.0240849977309469,-0.0164590405710698,-0.0283284498603114,0.04725980798546,-0.0324139064830164,0.0240919426321681,-0.00389246014809403,-0.0355372982884571,-0.0500737461835792
"SRR10030481",0.0428640208294824,0.02880995552876,0.0314246191500866,-0.04455591066815,0.0743022369354726,0.0297304057352014,0.0614138140102356,0.0710779912124528,0.0101704232755987,0.00426850847569392,-0.0272720125346305,-0.0261690543569952,-0.034819030361293,-0.0167360306662567,0.100418240450153,-0.000765406447400534,0.0358274541884954,-0.024003947037668,-0.0126504874691454,-0.0170024032655029,0.0149264703227633,0.0340763879213351,-0.0397783451878327,-0.0204179135991025,0.075965673003643,-0.0337524486270982,0.0690720792397159,0.0616238778861722,0.0442619933188844,0.0289898582725391,-0.0129972106042977,-0.036098990781684,-0.0417526939871745,-0.0216808368418987,-0.01305925584008,-0.0330836756315686,0.0475137100648549,-0.0328816008421102,0.0207154470920946,-0.00106849664833066,-0.0358214121260681,-0.0488222024126864
"SRR10030482",0.0417586718132126,0.0282663079159812,0.032727557426984,-0.0416614872397387,0.0671836033266782,0.0311209156296657,0.0613018582818627,0.0679425958196743,0.0135379086142175,0.00209425621593076,-0.0223372446052316,-0.0259955848667117,-0.0366511649897405,0.17757865384281,0.0997956956362048,0.00178396535094621,0.0368970177211391,-0.0329076259533284,-0.0146582277471889,-0.0147815073208383,0.010034105481046,0.0354391370034338,-0.0391576818856461,-0.0182979883181228,0.0699816278811721,-0.0326661886467538,0.066665626526417,0.062209734079167,0.0451479544055415,0.0305741410627618,-0.0119759664712383,-0.0365286880410955,-0.0379880963817332,-0.0291844831231722,-0.0121566782584844,-0.0267701667774756,0.0504949834024962,-0.0324959796471284,0.0238173276130763,-0.00254866400165615,-0.0348590047551631,-0.0503597739750381
"SRR10030483",0.00690001507694294,0.00856605602211079,0.051724044951382,-0.0683230123535212,0.0570141202703408,0.0760558371972982,0.0767934110733655,0.114062529331262,0.070937220453086,0.0360585324714843,-0.0246270251558175,-0.0270608429696162,-0.0202276684920099,-0.0597254797729384,0.104627396077828,0.0518158032708642,0.101082521967359,-0.0145322326660405,-0.0113997778946043,-0.0364399378532403,-0.0394530646871785,0.0950299760103713,-0.03778095793835,-0.0204179135991025,0.032863158566219,-0.036100138970137,0.0336315743934653,0.0788115585939787,0.0864551348867482,0.0436703127767517,0.0647147296528223,-0.0452785582604303,-0.0457665182806653,0.0416535680561841,-0.0202920747772221,-0.0296827289629634,0.0741859497347132,-0.0404973216945755,-0.0340077627680379,-0.0517101799815482,-0.0404223000757807,-0.0667693629281581
"SRR10030484",0.00535224612258145,0.0081840737964293,0.0517867692361131,-0.0649908139050581,0.0585136731733959,0.0758221938369166,0.0792630602574481,0.117548129581843,0.0702596688080306,0.0345028468297364,-0.0214353835460997,-0.0299595048214348,-0.0193888996743543,0.00452344945808514,0.105313589495722,0.0538281508646461,0.0990079002599421,-0.0106219990981877,-0.0134676817208767,-0.0385334631911698,-0.0398918998410944,0.0931632634252142,-0.040335122290491,-0.0171501652999647,0.0380328097764763,-0.0327857313540797,0.0308540173444688,0.0818712186368818,0.0860115142532367,0.0442368749943614,0.0675770386497103,-0.0464669590811508,-0.0415753730291833,0.0398690022478616,-0.0173133921971399,-0.0250174397139777,0.07335394408051,-0.0410474167973931,-0.0405627909338737,-0.0509166265892725,-0.0424698203676361,-0.0653967422076557
"SRR10030485",0.00684755450091847,0.00677246188426895,0.0505711140211681,-0.0643799019420558,0.0605722528803927,0.0834562238980169,0.0820357904670626,0.11057168360355,0.0708343977171367,0.0372611483665159,-0.0220837529497823,-0.0283282696232408,-0.0225655080671829,-0.0631675778824413,0.105379758370128,0.0536727280374592,0.0986570838616138,-0.00502025824038268,-0.0140868762036098,-0.0372300374876283,-0.0464742559200291,0.0934029482890872,-0.036458644921931,-0.0179654049170942,0.0379371267617174,-0.032611240013233,0.0323992344280266,0.0817114221838096,0.0871615501834039,0.0451508909117244,0.0612525413690002,-0.0460026362759947,-0.0417196986849419,0.0433231188059561,-0.0174177984235895,-0.029823696643543,0.0740113931821936,-0.0423670343016528,-0.0386867625736375,-0.0463865869856789,-0.0405702325798918,-0.0641687692896757
"SRR10030486",0.00746860843505398,0.00700994266986652,0.0516270989202522,-0.0653297896497073,0.0598918040861981,0.0781781887209841,0.0767288995529018,0.118120461204478,0.0718731327411357,0.0369318074896577,-0.0192467511203971,-0.0282160935482926,-0.0203998099667947,-0.0713276817171413,0.105965687542365,0.0515961876947698,0.100392681420119,-0.00470110405564385,-0.0100505921201746,-0.0374320974902447,-0.043399738258274,0.0935198439087724,-0.0397748792408359,-0.0153538412829812,0.0378662241728809,-0.0344901156185774,0.0362543086780056,0.0784744809473344,0.0870927229103809,0.0459735378186042,0.0702150818030915,-0.0471057703741184,-0.0433148899553802,0.0479012123859044,-0.0207581089532896,-0.0255471008915058,0.0740760298346295,-0.0407470681052114,-0.0386078563885812,-0.0436509916380153,-0.0402394857519872,-0.0659421674683776
"SRR10030487",0.00644672542184221,0.00738191244769738,0.0507422550540031,-0.0644609404393321,0.0608787884306841,0.0786000770613934,0.079338841009601,0.117779476117899,0.0710978979139211,0.0388099779867943,-0.022743299724881,-0.0296244696309797,-0.0190338761210269,-0.0496273331578435,0.104548189052236,0.0538438681048807,0.100601042467327,-0.00468305107412407,-0.0141323145896623,-0.0368540433029838,-0.036734096125384,0.0920386417652687,-0.0427314411537969,-0.0204179135991025,0.0414778108456553,-0.03583437194796,0.0317880251956441,0.0791139677414923,0.085768614112298,0.0443084220213468,0.0610614689027073,-0.0446040971335399,-0.0429290638543035,0.0448854662925533,-0.023455556971706,-0.0251064448714128,0.0712408150611932,-0.0407635981355567,-0.0402193733153133,-0.0478552447085317,-0.0408774425641199,-0.0615299878221215
"SRR10030488",0.00407420431535483,0.00739535118636832,0.052380287829585,-0.0665882698990867,0.0598823651799969,0.0761022713901893,0.0775086467506828,0.115184750840519,0.0697373981212465,0.0350201553761646,-0.026118565331821,-0.0311154303460843,-0.0212043121843853,-0.0387968354944409,0.103055199786718,0.0529628586748837,0.101332884029527,-0.0112526449292863,-0.014188346147518,-0.0363468020985863,-0.0286477541598907,0.0907513839325414,-0.0389710280826977,-0.0127400118261756,0.0405976974776059,-0.0328661564792913,0.0299296564699907,0.0786759835612853,0.0863442195014387,0.0433130535500957,0.0649137060567575,-0.0460089551115943,-0.0406176102542918,0.0443546566536692,-0.0242008785065983,-0.0318128887229429,0.0747606657617807,-0.0418770537440925,-0.0381959128025642,-0.0475233457671788,-0.0403769401424572,-0.0605985132815609
"SRR10030489",0.0061280431870803,0.00772179841981081,0.0508702737514913,-0.0623135464801654,0.0629755029412776,0.0787073356869081,0.0800748554733436,0.113128529600741,0.0746894643350904,0.0370353925835858,-0.0226114693166428,-0.0289198622543664,-0.0223682720333427,0.0043374413762081,0.107604361961339,0.0552252841833764,0.101798421613671,-0.0171084881375727,-0.0127912598389653,-0.0396699793727698,-0.0355651905586002,0.0946097438177369,-0.0402748665116268,-0.0204179135991025,0.0384916688866659,-0.0351150868742143,0.0327358311921261,0.081131623346623,0.0855735686015049,0.0423342854527058,0.0613791658802854,-0.0442317256914025,-0.0431413913270921,0.0444710074591114,-0.0205552023890881,-0.0331097664620491,0.0764656978937615,-0.0417662004949709,-0.0402038733068392,-0.047804899638109,-0.0417615676064603,-0.0650294946415426
"SRR10030490",0.00410096058411441,0.00748978447823406,0.0531966601968335,-0.0641528362420545,0.0601452523789022,0.0743116589139538,0.0793580379013721,0.115786628626687,0.0693067005709507,0.0365794260995988,-0.0305631461537737,-0.0275401280810837,-0.0219103847266098,-0.0542914837572941,0.104659425123089,0.0524190822702553,0.0986634734381465,-0.0117678767705733,-0.0118432912717673,-0.0394811369192156,-0.0347982419033306,0.0942495999214361,-0.0365708462286681,-0.0204179135991025,0.038813582824289,-0.0347558024829616,0.03854583068132,0.0790882943435746,0.0864398124075591,0.0436810856367927,0.0617532454826507,-0.0469808951165029,-0.0416443172765531,0.0431444954226389,-0.0260380286215936,-0.0304704462383182,0.0739164550673242,-0.0417433593509873,-0.0385981443984881,-0.0478604267642975,-0.0416638955576262,-0.0647562314866566
"SRR10030491",0.00486966859233481,0.00745312645269028,0.052598562639725,-0.0635526194637717,0.0588194187366089,0.0825071315415065,0.0786131958851529,0.115715355083724,0.0696308173081689,0.0381964252963697,-0.0303690674266714,-0.0296606264637902,-0.0207757481195647,-0.0578302433020896,0.109710765083765,0.0551255185483122,0.100001682176541,-0.0128786444298264,-0.0105878004548244,-0.0379570072333686,-0.0393403651994967,0.0932170995363424,-0.0418332015391299,-0.016795406745622,0.0404254148620658,-0.0326292622588207,0.0379064140016655,0.0770595231333956,0.0851319201092843,0.0376983529954537,0.0623379547844244,-0.0472379456421117,-0.0398986162017356,0.0432014096288346,-0.0237446763002712,-0.0302310664786733,0.0732207189824749,-0.0414156076303027,-0.042007765873488,-0.0478667582665685,-0.0411204892345658,-0.071154715947304
"SRR10030492",0.00402479757095735,0.00669859129781966,0.051092428061485,-0.0637666186531676,0.0591249806975087,0.0779137868573684,0.0773905404885202,0.109063499505171,0.0701171508474386,0.0370623527299406,-0.0260526852459906,-0.0283733465013239,-0.0206317199514027,-0.00488730344091137,0.105659485372829,0.0516982305299034,0.0988562486298585,-0.00997720789373838,-0.0141716498244556,-0.0363646005201386,-0.0374362840423092,0.0929902837290519,-0.0401309529686734,-0.0167141225142143,0.0429046128870183,-0.0337811816242197,0.0389941558945392,0.0792538805911353,0.0866057038061877,0.0433641834502885,0.0601215391779633,-0.0458785244960768,-0.0374854913625989,0.0434780819480647,-0.0186329146692246,-0.0315059794956623,0.0729992817134308,-0.0408565071056562,-0.038910168487751,-0.0501542162119548,-0.0399543851715968,-0.0624840880720861
"SRR10030493",0.00563386746706507,0.00684088613157874,0.0519206028919872,-0.0677677659560965,0.0589198603563635,0.0811855381762025,0.0827994899981127,0.113053746207238,0.0716791786917319,0.0338910325502291,-0.0255688890695308,-0.0286159734634347,-0.0203324952515883,0.00908844654755122,0.102668989546706,0.0564241460954666,0.0999561259438199,-0.0111134303165244,-0.010634886989165,-0.038106838026085,-0.0323317365498181,0.0925184735207476,-0.043883851671482,-0.0204179135991025,0.0395565046074368,-0.0330177567143799,0.0293202138380577,0.0808318073180142,0.0866939810974818,0.049496770241491,0.0662768299906581,-0.0509725013074622,-0.0354058992629375,0.0394273650626136,-0.0241386040510857,-0.0265226974853884,0.0737726409162104,-0.0409098984117188,-0.0375111732334286,-0.0524436018657539,-0.0410994659595724,-0.064922275610353
"SRR10030494",0.00480171097041653,0.00746619775135353,0.0528745426654044,-0.0679722333103343,0.0566583348233137,0.0789355871119517,0.0768142735606715,0.117426119683956,0.0725390815728442,0.036238398537927,-0.0233004514530946,-0.0289673800223137,-0.0201509004040365,0.0118285886209763,0.10402045582932,0.0537834108255942,0.102565850448274,-0.00805672200273604,-0.0128364719826697,-0.0358513827871202,-0.0411884218657526,0.0927098562478647,-0.0418473026319998,-0.0171384574843601,0.0401790767089799,-0.0351129416482656,0.0338341610610794,0.0796976242781329,0.0864374045830451,0.044008814629698,0.0646963691716593,-0.044279564123578,-0.0398881363528325,0.0423675067685929,-0.0146823365509207,-0.0314347203737495,0.0735302264813048,-0.0402986848396735,-0.0397121894979223,-0.0469787252681751,-0.0406611721036916,-0.0651153730496315
"SRR10030495",0.00445898957343429,0.0071680610993209,0.0514515203412775,-0.0651038259995895,0.0583466494789732,0.0773769469355015,0.0808967161146131,0.11598386870689,0.0697576559176899,0.0359756352135767,-0.0225789608172114,-0.0298726822332186,-0.0199341054264049,-0.0581473397614693,0.106713273562488,0.0539988829425445,0.102613612617426,-0.00863905011174361,-0.0118812944998821,-0.037865542848319,-0.0360558240720983,0.0952436171243239,-0.0409433690479598,-0.0154728421218831,0.0341582671807312,-0.0346797618807456,0.0313070080710409,0.0792994649704853,0.0848741175729198,0.0481501597682281,0.0610735992786886,-0.0468591560685443,-0.0402354889489742,0.0453314216807779,-0.0200011162041184,-0.0305274722952848,0.0753936923410238,-0.0415461452014301,-0.0369527554020209,-0.0475677973300464,-0.0400793281557216,-0.066136029865937
"SRR10030496",0.0043657149097752,0.00835116003853319,0.0509734308597025,-0.0638341332883515,0.0605011571520859,0.0804490906987378,0.0802984424017446,0.109024937555876,0.0706080584583609,0.0355619509037993,-0.0265439768267376,-0.0265821713031868,-0.0204034217209639,0.036325066665309,0.104693063474683,0.0543585381207452,0.0997350274097247,-0.00659244413752976,-0.0108881583871861,-0.037891963693751,-0.0444340139179714,0.0946669480321546,-0.04131447598662,-0.0144312373044877,0.03877974888536,-0.0335090766140246,0.030013133469299,0.0789767584548697,0.0853162139144742,0.0436472662851311,0.0616363934267572,-0.046507284082354,-0.0399441342268952,0.0381597238444796,-0.0244489952792583,-0.0293756296113435,0.0705059613314387,-0.0406368313062729,-0.0390480788358444,-0.0447026033358548,-0.0413435666421774,-0.065184513320521
"SRR10030497",0.00478201923441939,0.00635785142182718,0.0514959274450924,-0.0626961012266505,0.0552216041278936,0.0755393326551362,0.0790427314489825,0.108368280325685,0.0701931291215648,0.0397182546876361,-0.0312132525012391,-0.0275131501026168,-0.0209133973205148,-0.0563320473123605,0.104313025864218,0.0530688720484631,0.100655349465385,-0.0100916508860366,-0.0124480485192215,-0.0364939100390295,-0.0385601712702183,0.092636442069702,-0.0443727522726066,-0.0204179135991025,0.0415012624897629,-0.0350506013230761,0.0371511247384427,0.0796000879342948,0.0841470011363084,0.040884983868411,0.0640709967883165,-0.045504876015027,-0.0364112961170015,0.0434538746492292,-0.0181864718314775,-0.0288102834102691,0.0737997709021786,-0.0415171858183446,-0.0350703635118862,-0.0500544621842751,-0.0404167224909554,-0.0666966583466892
"SRR10030498",0.00544292894841575,0.00833773009564347,0.0499521116010749,-0.0660735986983048,0.0606764658269827,0.0819667566481506,0.0765648123535435,0.107763694715911,0.069492321459296,0.0339599918022015,-0.0301609921319384,-0.0294187355759613,-0.0240498435442499,-0.0744882417121948,0.106965633544115,0.0541936647393408,0.0994766016479496,0.00346940938753301,-0.0124767410449609,-0.0389263336147254,-0.0391006214884511,0.0957769338819551,-0.0417624219400567,-0.0204179135991025,0.0348591992383392,-0.0340917984600167,0.0183809890154113,0.0805401392763844,0.0871600518093817,0.0426826425871057,0.0604331006360559,-0.0463393849451371,-0.0400823546672314,0.0406437841783096,-0.0202777830481033,-0.0277359805739659,0.0747824981859029,-0.0441493655373587,-0.0392997745870474,-0.0528577457910855,-0.0431822857105923,-0.0642883755394306
"SRR10030499",0.00719007221893542,0.00695968988439815,0.0504094824089166,-0.0642561312821537,0.0612791400826874,0.0824205924821141,0.0746048454703523,0.113404036167998,0.0753204864188031,0.0381609946708552,-0.0271761232751473,-0.0305511660759124,-0.0225163392151217,-0.0774382439426142,0.107046134360706,0.0540931379462257,0.101255868639639,-0.0139665907987476,-0.0124596721379154,-0.0372901686393727,-0.0357822554145579,0.0950473529177103,-0.0415058415128795,-0.0166708095104052,0.0399936330458998,-0.0326392626764851,0.0343308245080371,0.0804840750306891,0.0869380164600762,0.0426585225699061,0.0669122058561518,-0.04575869472607,-0.041538846102264,0.0469512131192229,-0.018024657117068,-0.0249032729129054,0.0741448421938389,-0.0414040848698718,-0.0402042003974996,-0.0486638241347136,-0.0407417632662953,-0.0636561898237436
"SRR10030500",0.0059619389312165,0.00705843870326875,0.0521533623627013,-0.0639320276823641,0.061314003640044,0.077462996440951,0.078932136981096,0.11625057243706,0.0761290047168399,0.0358600504584621,-0.0207037682560599,-0.0288348243642248,-0.0219012971445693,0.0163063895489142,0.107054494955646,0.0536259436242584,0.100738022604535,-0.0141717558926459,-0.013285666156885,-0.0385234363355709,-0.0339626889333464,0.0948974829515302,-0.0351391138569906,-0.014503880395189,0.0370119384613538,-0.0341684514541903,0.0271198191828638,0.0790440474565233,0.0847105701984839,0.0495616830338386,0.0622519157376069,-0.0423848071991862,-0.040125656930324,0.0412387541377736,-0.020102046199765,-0.029638417268415,0.0749648262152685,-0.0419296648149399,-0.0394493419528301,-0.0492753104102279,-0.041541022617141,-0.0694915208086109
"SRR10030501",0.00593617842211672,0.00728205557622152,0.0517864060345095,-0.0637070169048318,0.054931666683133,0.0777895960555389,0.0763945722462129,0.110786694331262,0.0691122246021502,0.0374909760887363,-0.0228721526512602,-0.0293689850952907,-0.0222168917578589,0.0795876311215261,0.103624501086944,0.0528572423489411,0.102704067070621,-0.00432246851206053,-0.0121022032400763,-0.038650225184014,-0.0391617886953213,0.092237395808431,-0.0423945640032898,-0.0204179135991025,0.0393253836418839,-0.0339931836884885,0.0353007580408526,0.0783355198008239,0.0836803933074214,0.0434165426823406,0.065033218173618,-0.0456093913447649,-0.0405375471408515,0.0412767009417655,-0.0240838756580198,-0.0281205569698218,0.0734271990471205,-0.0412996530469612,-0.0389408549402331,-0.0484683346106556,-0.0408768802571612,-0.0669944549148172
"SRR10030502",0.00396714817432673,0.00767269745381195,0.051132321171574,-0.0644889160355316,0.063315564369046,0.078429111015497,0.0769786323264123,0.110776858039555,0.0729119776126491,0.0361421082030141,-0.0292831088847395,-0.030924463988698,-0.0201551326828473,0.0594498684799335,0.102484457509935,0.0530384729328176,0.0993658626626191,-0.0149582449652062,-0.0144344271257804,-0.0371498216150387,-0.0411984698955045,0.0933998124028448,-0.0390841485980897,-0.0204179135991025,0.041288441402551,-0.0336312246776422,0.0296562537265577,0.0767026944236145,0.0850516618999083,0.0434738529040704,0.0634568039845905,-0.045021752422398,-0.0434315148378482,0.0414432272740925,-0.0276403480266084,-0.0276311505621484,0.0733730113514751,-0.0415577922008637,-0.0388910952104939,-0.0525245059331132,-0.0407818001025505,-0.0658585886758178
"SRR10030503",0.00666376583379519,0.00722641546092848,0.0525495412800342,-0.0631792889190751,0.0585213848006065,0.0821857690414754,0.0764294868951027,0.107781611540879,0.0704146570991189,0.037995639203059,-0.0264733214238513,-0.0285950782397853,-0.0210480408164042,-0.00898460668198187,0.106693440668259,0.0549350416871939,0.0994032116170697,-0.00648546238331944,-0.0123278599359062,-0.038318138240148,-0.0466496345042847,0.093844989142421,-0.038857914763013,-0.0204179135991025,0.0353096702985709,-0.0322372452454101,0.0239199897879464,0.0791706345136397,0.0865550296933144,0.0480633607153131,0.0653652687607535,-0.0460510671555269,-0.039237915944255,0.0485121242285507,-0.00959508069088305,-0.0280592177601936,0.0752153782760742,-0.0420962068669937,-0.0348346917474503,-0.0494502153675523,-0.0409914687349887,-0.0653285159294093
"SRR10030504",0.00725495557036573,0.00700484210311842,0.0515257367519134,-0.066426216615103,0.0610824659975912,0.0785596538807724,0.0761161502305184,0.107473182610538,0.0679213505016951,0.0355478441094275,-0.025162013288365,-0.0287333049183244,-0.0194969757175151,-0.0608313863453766,0.106095637813594,0.05486941638583,0.102722860419722,-0.011993263893383,-0.013912156832522,-0.0377766604329122,-0.0340039437781528,0.093586451411962,-0.0389646326377781,-0.0204179135991025,0.041002561454933,-0.0345541103827186,0.0257720147239525,0.0782443475278934,0.0873767932858723,0.0449825506093485,0.0619986652314355,-0.0456558731742356,-0.0352334845428011,0.0448638134786192,-0.0257340517613737,-0.0301895479409635,0.072547298407115,-0.0416070313012464,-0.0362128442408358,-0.0492479823572885,-0.0412692004479773,-0.0654009679014286
"SRR10030505",0.00569110854372896,0.00751458199320132,0.0522839086395453,-0.0658511802879747,0.0586672114488543,0.0789003215847136,0.0814882702638546,0.118499372568254,0.0681546349648082,0.034771972406826,-0.021517797558758,-0.0275433777583592,-0.0201722888847642,-0.0462221275949113,0.103049434348779,0.0550666756327444,0.102407684115566,-0.00947180258944231,-0.0125429613002324,-0.0359066838127055,-0.0387919187527774,0.0945599256056893,-0.0403695653924956,-0.0204179135991025,0.0385566287915637,-0.032788097886734,0.032568648498415,0.0806221568472776,0.0862473678901962,0.0466582976618732,0.0642565525674957,-0.0467009360577673,-0.0410878993183011,0.040849694673333,-0.0244622859518246,-0.028634658342729,0.0739364028883763,-0.0416084881730819,-0.0371164800308728,-0.0467057631225196,-0.0401972632978012,-0.0621322041477005
"SRR12330763",0.0923582271259159,-0.0887406626338245,0.048393422815489,0.0551464127395689,-0.000949044080000537,-0.0551340363049937,-0.0257262192656088,-0.00431455782243896,-0.0254609419402553,-0.0671004010036774,-0.00741396486111891,-0.0179388277338896,-0.0464933495931967,-0.0390042063373766,-0.0426301483847884,0.0678729678026615,0.0109763301160346,-0.00722189940613639,-0.00238474721727909,0.168316776259247,0.124152825642566,-0.0324960483314271,-0.0118482310489387,-0.0192591172028525,-0.0907562837028559,-0.0306889661258591,-0.0875358438873621,-0.00155107136365152,-0.0820173221400552,-0.232863328986215,0.0223400128460612,-0.04220841627245,-0.092713901286016,0.0397527578920683,-0.0263859008524959,-0.018209162850062,-0.00668535316749127,0.11492912066964,0.0205676927924479,0.0439155448079955,0.0471679880373161,-0.0546397825272289
"SRR12330764",0.0924897287306545,-0.0919038856984858,0.0523725155937459,0.0568399322876286,0.0109537422048716,-0.0590836309406966,-0.0262536564674032,-0.00463109036035112,-0.0277208912495507,-0.0671136389498601,-0.0146579193699916,-0.0196531121870792,-0.0457581358744714,-0.0258481322299694,-0.0451570180057623,0.0709375978092568,0.00806850626241178,-0.019184533936527,-0.00466912326564746,0.167883865140708,0.124870255187711,-0.0346354076544088,-0.00869917997908625,-0.0099491677959283,-0.100400523749707,-0.0353696489783396,-0.0880831566619767,-0.000473287563280985,-0.0823682468444419,-0.258695803821213,0.018838201799513,-0.0494220525270721,-0.10292869188041,0.0505920545073493,-0.0194519561727187,-0.0256446694138498,0.000515159350343089,0.115800802235005,0.0171767034060115,0.0391973967628455,0.0494373086591254,-0.0607394102317307
"SRR12330765",0.0962364506673495,-0.0852527383759088,0.0480011400502481,0.0564266710583444,0.00993321836882115,-0.0616449000657344,-0.0197140280391152,0.00357897001000698,-0.0324520987136952,-0.0760430789972419,-0.00952005232990616,-0.0178671025242128,-0.0512063096488117,-0.025686847522462,-0.0378888561871253,0.0652010566416491,0.00749545366974062,-0.0177670623630155,-0.00662576136276121,0.16322592295314,0.126522415208952,-0.0387592271483687,-0.0144510737520486,-0.0161656863066992,-0.0821890259174058,-0.0308962416900983,-0.0792832342858347,0.00399952283656878,-0.0841908421889376,-0.2182113737506,0.00903742650085945,-0.0449287647819156,-0.0915974558153048,0.029383573709096,-0.0273807290189302,-0.0148421763561901,-0.00717967751193381,0.114705623966442,0.026926423079202,0.0471737867655755,0.0515924368549518,-0.0585481464372474
"SRR12330766",0.0387134993796147,-0.0765908943742933,0.0493822295512014,0.0173112464991652,0.0145542132978813,-0.0586476107794333,0.0119436174811211,0.0543030310218937,-0.012848579276944,-0.0692028173371447,-0.0271601725466115,-0.0226574045155326,-0.0614110731579687,-0.0412203307012057,-0.00215549078698385,0.0828775055081475,0.0351920615122291,-0.0221331675809076,-0.00690413984123584,0.103729235241349,0.0458736491352332,-0.0124365888181469,-0.0306555779815979,-0.0186064495868612,-0.0742988859765858,-0.0352436684971018,-0.0879250644466254,0.049421775142546,-0.0639407927615145,-0.187598985357908,0.0221914030789714,-0.0484266963654621,-0.0946552262395651,0.050648994528828,-0.0306094360082405,-0.021037641984994,0.0248673939875421,0.0966035994674867,-0.0297175649725681,0.0421351593126198,0.0347573861435702,-0.0826601450734147
"SRR12330767",0.0359871535493819,-0.0803559904139847,0.0573353697714177,0.0114207246065125,0.0319008419922838,-0.0539376276790091,0.0233827854878217,0.0516271344409609,-0.0111802353559468,-0.0687062497171078,-0.0245295641631785,-0.0231190979720276,-0.0655945824701542,-0.00107913656841823,0.00118823386646926,0.0914094424142984,0.0388546090034702,-0.0312827546568273,-0.0117348544003093,0.119875620297876,0.0553661864685196,-0.0111539215372992,-0.0329020540564692,-0.0147799537455248,-0.0746617093768427,-0.0368885654601118,-0.0924652512021,0.0553551797300887,-0.0601281450465265,-0.203669863083312,0.0246243269004393,-0.0559477049054747,-0.0995620158592341,0.0591280757546905,-0.0349027601878627,-0.021809772428036,0.0367824164293477,0.0965150928347982,-0.0409934464471004,0.0254984318455136,0.0277176418027772,-0.0876605194708262
"SRR12330768",0.0467711983162268,-0.0813728143693046,0.0584091042726492,0.0209381291538594,0.0409629520827471,-0.0502179879872224,0.0260078259760286,0.0578651867671153,-0.0120511993269281,-0.0684082077123312,-0.0237675315529836,-0.0246043802218404,-0.06450210517598,-0.0384861175489715,0.00534428334393377,0.0880551167234526,0.0379077404345524,-0.0259708934626484,-0.00960267630100085,0.108758982548692,0.0590558712809136,-0.0110007923722367,-0.0341819986103357,-0.0160614929073975,-0.0684747177313711,-0.0398239424338094,-0.0920069244930777,0.0556524195776718,-0.0599059658392721,-0.190965182216662,0.0193255118665498,-0.0588945164869524,-0.101238053026445,0.0556451865990222,-0.032028573623023,-0.0236517717472251,0.0374782590391364,0.0959756364826836,-0.0387371738371913,0.0353326330292396,0.0333374037923099,-0.0902021494659481
"SRR7811358",0.0782064238090658,-0.122160678935848,0.06320715987471,0.0408508862434892,0.00636883941599354,0.0468898912232439,-0.058347659195228,-0.0237186836804331,0.050097275123186,0.110134672596666,0.00237227179445174,-0.00760781587362153,0.146081583328999,-0.00671504151574172,-0.0868373978674526,0.0269697620049368,-0.0480328453069358,0.00406896407133879,-0.00752605378705989,0.0075935780468913,0.0230799399737245,-0.0488383044361129,0.194801908092329,-0.00196393256696114,-0.0752633451407226,-0.00201235074938711,-0.0678543633055346,-0.0595077710342403,-0.0571187634459751,0.0226019120590548,-0.0249321602176175,-0.0472304925290379,-0.049212471365532,0.0416735791792795,-0.0138128082071201,-0.00817295490899758,0.0238964571612791,0.103684607365897,0.0644854661772872,0.128309087056651,0.0201040526572796,-0.0292697183178984
"SRR7811359",0.0572784906356251,-0.125956149777019,0.0619318550370779,0.0366931729840242,0.0107972517111264,0.0322485866578942,-0.0458818210606732,-0.0109849028333137,0.0341305921302437,0.0808846384946825,-0.00590775734728173,-0.0117399213340559,0.119794520480482,-0.0230385023089345,-0.0743250741327967,0.0413871946803082,-0.0307730233379043,-0.00476962802698659,-0.0100427624478571,0.0105185769900542,0.0112140596405976,-0.0445613528317067,0.176998481772381,-0.0100538737154443,-0.0748303548808653,-0.0110729600675646,-0.0780278318442854,-0.039728525188794,-0.0561807406221807,0.0275686972268512,-0.0241089091511129,-0.0495590872452267,-0.05626377240547,0.04247412204483,-0.0203902657345947,-0.0137735707307589,0.0293181169527562,0.108918020058011,0.0369321096179049,0.121315977648915,0.0350166111657581,-0.0471072297473432
"SRR7811360",0.0664388693146699,-0.130074248560161,0.0769435434051965,0.0438638736581725,0.00967846972865159,0.04758329619054,-0.0557047875338687,-0.00845205856397349,0.0615901272168107,0.0913535888705489,-0.0105034589274405,-0.0169896979302716,0.111728754689516,0.015230137178529,-0.0630001098323366,0.0565065475818507,-0.00807470935516691,0.0840377589134357,-0.0107065853277495,0.05475220387191,0.0489229044516372,-0.0090326050656964,0.135002649326558,-0.013175374039396,-0.0858656835306961,-0.0133378767210893,-0.080360663277713,-0.0436197996357383,-0.0434892884350772,-0.00591968213293546,0.0406376650178571,-0.0601402230445307,-0.0422552415075808,0.0595592137416132,-0.0167717387276751,-0.0183188691037296,0.0210525221553369,0.101187069830013,0.0439532124729096,0.116695653207876,0.0522411135472171,-0.0548952703162195
"SRR7811361",0.0524315060052016,-0.130671162989287,0.0635558909022075,0.0321822596787327,0.00800420277663993,0.0534620466408094,-0.0578716642330692,-0.0198520823353023,0.0661722042304206,0.110791904215147,0.000431240334741225,-0.00844592302274905,0.145015940482062,-0.000840402090372095,-0.0913116030549925,0.0323610323051856,-0.0452855894590421,0.00294686913798021,-0.00833198564181659,-0.0153226708091113,-0.00557613885020238,-0.0339558690932112,0.207050541701897,-0.0111993164658787,-0.0809493205264493,-0.00191160044576633,-0.0746350086424224,-0.0580429567814144,-0.0501303431265621,0.0471702778147837,-0.0101594641521164,-0.043922701178599,-0.0458925455696463,0.0581107344982662,-0.0176891617508833,-0.00913490972693531,0.0331565634959391,0.0994079465366816,0.0368896257582619,0.119412799887272,0.00605809253248939,-0.0329973859487718
"SRR7811362",0.0566144683720564,-0.134126136874596,0.0701769604682325,0.0451310525146529,0.00398807337275821,0.057489169366622,-0.0645583903421642,-0.0160501176508578,0.0696559277908671,0.119041594830457,0.0149846876132767,5.16233292956794e-05,0.155215601144891,0.0126178738400931,-0.0842385053000634,0.0430556925019257,-0.0322838477171421,0.0202137813773284,-0.00167307479499945,0.00715040419071003,0.0174010697186701,-0.0290298741165471,0.212287106192445,0.00217749301799921,-0.087944001077749,0.0110077655050406,-0.0769875239971304,-0.0572845521031859,-0.0470939306993302,0.0336151180688505,0.00228573558210715,-0.0479209050193007,-0.0372670110665832,0.0603068427403629,-0.0187441651559933,-0.00339504986249542,0.0319234027826122,0.106871100259103,0.0393165051669207,0.111366592426172,0.0232667808159524,-0.0423391292008612
"SRR7811363",0.10074725240243,-0.114938506807176,0.0544206707548744,0.0391474172086402,0.0207440785647328,-0.0044036990120231,-0.0459318053296989,-0.0252494402885435,-0.0183584112811553,0.0471858624014335,0.00571394671137079,-0.0103982810908459,0.0928122698738734,0.00349763499648067,-0.0725770198933172,0.0266648777678049,-0.0545788723586155,-0.0221684138141545,-0.00760327799556308,-0.024571003661305,0.0496191404953788,-0.0808666976996273,0.13608647658086,-0.00634193210187482,-0.040689074719648,-0.0251997609786335,-0.0567163551807707,-0.0254290584373552,-0.0823061685520977,-0.01834010727871,-0.0666643047283864,-0.0572743441475845,-0.0453463697018764,0.00790092190680854,-0.00905999360840816,-0.00928682788626732,0.0111840239217579,0.120741947463903,0.0955872224450675,0.150661419572454,0.0725846386795132,-0.0340394921044624
"SRR7811364",-0.0154886935451069,0.0681420464704717,-0.0332172822148285,-0.043426808554993,0.047226917335456,-0.0271225336327734,0.0171435703285287,-0.044547753448478,-0.0448120756266097,-0.0238301328141106,-0.0201571428324665,-0.025115272420169,-0.0283935226817374,-0.0215230864732147,-0.00670106146441974,-0.0695976666135162,-0.0497875432619509,-0.045234070681948,-0.0129416965540018,-0.00626857925494818,0.0325733834136141,-0.0389011872118417,-0.0278031701643622,-0.0178862243806908,0.0776936630434684,-0.0143489402458341,-0.022227038191245,0.00837453912151168,0.000247974620698518,-0.0233325297818426,-0.0730701079127242,0.0137821147634417,-0.031145293355713,-0.0638880946642985,-0.023358334510133,-0.0248740984834692,-0.00146771053790087,-0.0419168514743405,0.036040904283895,0.0182090662655539,-0.0368157307814189,0.0478275655914921
"SRR7811365",0.0908972084070317,-0.118039534320595,0.0569187146402178,0.0489930651748996,0.0212776439669339,-0.00603639368745468,-0.0497436840118803,-0.0176411850735995,-0.0100305303816827,0.0434646465745996,-0.00627434330052474,-0.0192952250124569,0.0810870128691961,-0.0194119581622778,-0.0719924493750084,0.0332925054700434,-0.0450176977782646,-0.0162886866137566,-0.0100331117560406,-0.01969708316425,0.0493741197151209,-0.0728078988936595,0.121905774237148,-0.0204179135991025,-0.0483447288630856,-0.0251668912949824,-0.0691319651095218,-0.0241220507960379,-0.0806631904731697,-0.00776548623452786,-0.0568389176085632,-0.0616371586546567,-0.0359573585506964,0.0143760074333932,-0.0108978376788663,-0.0121606442101211,0.0158716061660426,0.11987248441798,0.0796342530765604,0.138441887195134,0.0742327572462802,-0.0518633264831285
"SRR7811366",0.0691842869178945,-0.127533741667541,0.0629324442065872,0.0351946332890572,0.00975134386994283,0.0368777661366679,-0.0472119667195207,-0.0145990003610452,0.038204160983947,0.0936607417377823,0.0041519269106024,-0.0099388303288185,0.134815158957439,-0.00550207515944953,-0.0783594556806158,0.036880152659023,-0.039359897536115,-0.0124607919078979,-0.00661568875013382,0.0165119640470355,0.0233844171038494,-0.0501061037958489,0.193472891249283,-0.0111143839950318,-0.0778530290349419,-0.00730468837673688,-0.0782393814663153,-0.0473245936950586,-0.0579989463113515,0.0241330445108966,-0.0307064020966711,-0.0489330359232336,-0.059435725217911,0.0421120453387991,-0.0195824192006599,-0.0114409949885463,0.0252550506240225,0.110987533100241,0.0483554965145597,0.132834494258488,0.0310759604476021,-0.0393145108273004
"SRR3124722",-0.0165902429487957,0.0613571979329461,-0.047726175937935,-0.0357218747704094,0.0519422171545035,-0.0593265761249252,0.0134430695684301,-0.0829828467214705,-0.0759390228505538,-0.0636647832551762,-0.023743550350418,-0.0257790890161233,-0.0491447810099468,-0.000433079686631908,-0.0291805487204178,-0.0784785546097731,-0.0816932633954124,-0.0495305902403447,-0.0125695276424627,-0.10352981213134,-0.00581781636670031,-0.0615833205829799,-0.0339632447710553,-0.016559686675201,0.0856463673589326,-0.0282558114111142,-0.00124258359707055,-0.00143044855595067,-0.0211276079359306,-0.0540736440853361,-0.0855650347783555,0.0174182391240116,-0.0330086985861293,-0.0664402901192004,-0.0116247433866598,-0.0237551733597518,-0.00413514727443294,-0.0345019382299989,0.0364924968171346,0.025481149985761,-0.0245503360366559,0.0698503995676291
"SRR3124724",-0.0978525979671352,0.0128296843822276,-0.0121588486588363,-0.00215730791318332,0.0326600127335686,0.0503717537443829,0.0193023283973563,-0.0628185546162599,0.0505072722935181,0.0183411858634837,-0.0202032261471748,-0.0225053311683478,-0.00438374023584446,0.0178377985347812,-0.0438299534615509,-0.00671206925139136,-0.0048777737458095,-0.0260929614429368,-0.0145961995528447,-0.0373559650526328,-0.119808364306136,0.0416216617006161,-0.0186440131551632,-0.0125876456042827,-0.00701831306104133,-0.014236576524678,-0.0794612367595665,-0.0171642041948941,0.0589769692631997,0.0148898829270655,0.0223088197200239,0.00444943165707033,-0.0361203280055291,0.042219185355537,-0.0289623998457317,-0.0202925243974528,0.0440469161994693,-0.0474347019138269,-0.117355104906219,-0.0756982617570161,-0.0493895918009626,0.0420101130512156
"SRR3124726",-0.00661502067508506,0.0629965857956231,-0.0454492142795514,-0.0203908047201289,0.0437924987321865,-0.0633990359943134,0.000244100667833901,-0.0803160779700862,-0.0723025700427057,-0.0672634878242174,-0.0232887666202703,-0.0254687646228368,-0.0459236709047492,0.0321509046445366,-0.0301505186816667,-0.0845677700508986,-0.0779937866942219,-0.0446370321937569,-0.0141140924024891,-0.0451581527785458,0.0300700621846282,-0.0663477845553814,-0.0300134314219061,-0.014861715044563,0.0678994205941942,-0.0106421737997042,-0.00977449643905788,-0.0176492963238285,-0.0245144822691034,-0.0254587609171693,-0.0859067088723024,0.0223681681701044,-0.0279363312368859,-0.0707792235352229,-0.0204788961740752,-0.0230411433358186,-0.0133383002704673,-0.0338936719541803,0.0421044170577235,0.0330273994218009,-0.0305126900431685,0.0685579161562357
"SRR3124729",-0.0789124099747769,0.02935768045689,-0.0382021015345335,0.0475612922411503,0.0116282429170804,-0.00356095995373773,-0.0147599778428875,-0.08084480672152,-0.0194124463295387,-0.04192154110563,-0.0232204084468518,-0.0222686093507414,-0.0380379748866011,0.0356499338095781,-0.0589860529412502,-0.0407839567865467,-0.0356730388407901,-0.039027213795583,-0.0140163845722534,-0.0065936305080872,-0.0734128790290382,-0.0109364755158303,-0.0322806468663783,-0.0137299083644349,-0.00307965432473179,-0.0124567313928084,-0.0629893508930876,-0.0395198814199889,0.0199512773598122,0.00337354832481044,-0.0256741603103419,0.0285205986501519,-0.0281108142186391,-0.0013204933654305,-0.0225756534027999,-0.0225170851028256,-0.000965594633926079,-0.0429866965539434,-0.0676639434089678,-0.0477986390480782,-0.0420596227091007,0.0672961990173516
"SRR3124731",-0.109204501260451,0.0138102195198138,-0.0230571569404737,-0.00371688066064439,0.0204219887009738,0.0370831674559795,0.0100162787328069,-0.0680507376422197,0.043320735713847,0.00718702951933278,-0.0185682685802594,-0.0178193042654255,-0.00545207381408248,0.151322648698101,-0.0551269530899908,-0.0141107961497375,-0.01312812449599,-0.0265373406914631,-0.0123614674988801,-0.0540929302562927,-0.144026248865486,0.0349557609668499,-0.0202228011501819,-0.0137769134940134,-0.0162558518284603,-0.00919885944675088,-0.0783182246009887,-0.0271245246085089,0.0511422080194289,0.0174560665284831,0.0220702556270062,0.0182185517292572,-0.0327461566067726,0.0391890868734645,-0.0262305404541449,-0.0185314597541906,0.0327741431058768,-0.0469857237858311,-0.121258302295247,-0.0833424500394948,-0.0502389162848212,0.0495886444535012
"SRR3124735",0.10074725240243,-0.114938506807176,0.0544206707548744,0.0391474172086402,0.0207440785647328,-0.0044036990120231,-0.0459318053296989,-0.0252494402885435,-0.0183584112811553,0.0471858624014335,0.00571394671137079,-0.0103982810908459,0.0928122698738734,0.00349763499648067,-0.0725770198933172,0.0266648777678049,-0.0545788723586155,-0.0221684138141545,-0.00760327799556308,-0.024571003661305,0.0496191404953788,-0.0808666976996273,0.13608647658086,-0.00634193210187482,-0.040689074719648,-0.0251997609786335,-0.0567163551807707,-0.0254290584373552,-0.0823061685520977,-0.01834010727871,-0.0666643047283864,-0.0572743441475845,-0.0453463697018764,0.00790092190680854,-0.00905999360840816,-0.00928682788626732,0.0111840239217579,0.120741947463903,0.0955872224450675,0.150661419572454,0.0725846386795132,-0.0340394921044624
"SRR3124737",0.0691842869178945,-0.127533741667541,0.0629324442065872,0.0351946332890572,0.00975134386994283,0.0368777661366679,-0.0472119667195207,-0.0145990003610452,0.038204160983947,0.0936607417377823,0.0041519269106024,-0.0099388303288185,0.134815158957439,-0.00550207515944953,-0.0783594556806158,0.036880152659023,-0.039359897536115,-0.0124607919078979,-0.00661568875013382,0.0165119640470355,0.0233844171038494,-0.0501061037958489,0.193472891249283,-0.0111143839950318,-0.0778530290349419,-0.00730468837673688,-0.0782393814663153,-0.0473245936950586,-0.0579989463113515,0.0241330445108966,-0.0307064020966711,-0.0489330359232336,-0.059435725217911,0.0421120453387991,-0.0195824192006599,-0.0114409949885463,0.0252550506240225,0.110987533100241,0.0483554965145597,0.132834494258488,0.0310759604476021,-0.0393145108273004
"SRR3124740",0.0524315060052016,-0.130671162989287,0.0635558909022075,0.0321822596787327,0.00800420277663993,0.0534620466408094,-0.0578716642330692,-0.0198520823353023,0.0661722042304206,0.110791904215147,0.000431240334741225,-0.00844592302274905,0.145015940482062,-0.000840402090372095,-0.0913116030549925,0.0323610323051856,-0.0452855894590421,0.00294686913798021,-0.00833198564181659,-0.0153226708091113,-0.00557613885020238,-0.0339558690932112,0.207050541701897,-0.0111993164658787,-0.0809493205264493,-0.00191160044576633,-0.0746350086424224,-0.0580429567814144,-0.0501303431265621,0.0471702778147837,-0.0101594641521164,-0.043922701178599,-0.0458925455696463,0.0581107344982662,-0.0176891617508833,-0.00913490972693531,0.0331565634959391,0.0994079465366816,0.0368896257582619,0.119412799887272,0.00605809253248939,-0.0329973859487718
"SRR3124742",-0.0154886935451069,0.0681420464704717,-0.0332172822148285,-0.043426808554993,0.047226917335456,-0.0271225336327734,0.0171435703285287,-0.044547753448478,-0.0448120756266097,-0.0238301328141106,-0.0201571428324665,-0.025115272420169,-0.0283935226817374,-0.0215230864732147,-0.00670106146441974,-0.0695976666135162,-0.0497875432619509,-0.045234070681948,-0.0129416965540018,-0.00626857925494817,0.0325733834136141,-0.0389011872118417,-0.0278031701643622,-0.0178862243806908,0.0776936630434684,-0.0143489402458341,-0.022227038191245,0.00837453912151169,0.000247974620698518,-0.0233325297818426,-0.0730701079127242,0.0137821147634417,-0.031145293355713,-0.0638880946642985,-0.023358334510133,-0.0248740984834692,-0.00146771053790087,-0.0419168514743405,0.036040904283895,0.0182090662655539,-0.0368157307814189,0.0478275655914921
"SRR3124743",0.0572784906356251,-0.125956149777019,0.0619318550370779,0.0366931729840242,0.0107972517111264,0.0322485866578942,-0.0458818210606732,-0.0109849028333137,0.0341305921302437,0.0808846384946825,-0.00590775734728173,-0.0117399213340559,0.119794520480482,-0.0230385023089345,-0.0743250741327967,0.0413871946803082,-0.0307730233379043,-0.00476962802698659,-0.0100427624478571,0.0105185769900542,0.0112140596405976,-0.0445613528317067,0.176998481772381,-0.0100538737154443,-0.0748303548808653,-0.0110729600675646,-0.0780278318442854,-0.039728525188794,-0.0561807406221807,0.0275686972268512,-0.0241089091511129,-0.0495590872452267,-0.05626377240547,0.04247412204483,-0.0203902657345947,-0.0137735707307589,0.0293181169527562,0.108918020058011,0.0369321096179049,0.121315977648915,0.0350166111657581,-0.0471072297473432
"SRR3124745",0.0566144683720564,-0.134126136874596,0.0701769604682325,0.0451310525146529,0.00398807337275821,0.057489169366622,-0.0645583903421642,-0.0160501176508578,0.0696559277908671,0.119041594830457,0.0149846876132767,5.16233292956794e-05,0.155215601144891,0.0126178738400931,-0.0842385053000634,0.0430556925019257,-0.0322838477171421,0.0202137813773284,-0.00167307479499945,0.00715040419071003,0.0174010697186701,-0.0290298741165471,0.212287106192445,0.00217749301799921,-0.087944001077749,0.0110077655050406,-0.0769875239971304,-0.0572845521031859,-0.0470939306993302,0.0336151180688505,0.00228573558210715,-0.0479209050193007,-0.0372670110665832,0.0603068427403629,-0.0187441651559933,-0.00339504986249542,0.0319234027826122,0.106871100259103,0.0393165051669207,0.111366592426172,0.0232667808159524,-0.0423391292008612
"SRR3124747",-0.0964467728788829,0.0176326824853118,-0.0237384775156215,0.04528210270204,0.0103826107332234,0.0381723285513751,-0.00035029153873644,-0.0637508619553645,0.0197161445932097,-0.0216872728102832,-0.0221356042134025,-0.0216349740344557,-0.0328949288644559,0.0192629899970105,-0.0479862409528808,-0.00938061656895951,0.00386546101749539,-0.0280540084711443,-0.0152351352100644,-0.0202545582451136,-0.10458893333104,0.033280769116257,-0.0319248466800153,-0.0189599749366143,-0.0116312004175956,-0.0094003000645493,-0.0716396690359305,-0.0270816607940897,0.0518240368117085,0.0333530202587167,0.0120144836649563,0.0182347868440843,-0.0287121795252368,0.0355039771070207,-0.0302484441334734,-0.0220798661952273,0.0147395147225028,-0.0473396844027863,-0.100552700236548,-0.068964210648659,-0.0458450533617751,0.057771153844024
"SRR3124748",0.0908972084070317,-0.118039534320595,0.0569187146402178,0.0489930651748996,0.0212776439669339,-0.00603639368745468,-0.0497436840118803,-0.0176411850735995,-0.0100305303816827,0.0434646465745996,-0.00627434330052474,-0.0192952250124569,0.0810870128691961,-0.0194119581622778,-0.0719924493750084,0.0332925054700434,-0.0450176977782646,-0.0162886866137566,-0.0100331117560406,-0.01969708316425,0.0493741197151209,-0.0728078988936595,0.121905774237148,-0.0204179135991025,-0.0483447288630856,-0.0251668912949824,-0.0691319651095218,-0.0241220507960379,-0.0806631904731697,-0.00776548623452786,-0.0568389176085632,-0.0616371586546567,-0.0359573585506964,0.0143760074333932,-0.0108978376788663,-0.0121606442101211,0.0158716061660426,0.11987248441798,0.0796342530765604,0.138441887195134,0.0742327572462802,-0.0518633264831285
"SRR3124750",0.0664388693146699,-0.130074248560161,0.0769435434051965,0.0438638736581725,0.00967846972865159,0.04758329619054,-0.0557047875338687,-0.00845205856397349,0.0615901272168107,0.0913535888705489,-0.0105034589274405,-0.0169896979302716,0.111728754689516,0.015230137178529,-0.0630001098323366,0.0565065475818507,-0.00807470935516691,0.0840377589134357,-0.0107065853277495,0.05475220387191,0.0489229044516372,-0.0090326050656964,0.135002649326558,-0.013175374039396,-0.0858656835306961,-0.0133378767210893,-0.080360663277713,-0.0436197996357383,-0.0434892884350772,-0.00591968213293546,0.0406376650178571,-0.0601402230445307,-0.0422552415075808,0.0595592137416132,-0.0167717387276751,-0.0183188691037296,0.0210525221553369,0.101187069830013,0.0439532124729096,0.116695653207876,0.0522411135472171,-0.0548952703162195
"SRR3124752",0.0782064238090658,-0.122160678935848,0.06320715987471,0.0408508862434892,0.00636883941599354,0.0468898912232439,-0.058347659195228,-0.0237186836804331,0.050097275123186,0.110134672596666,0.00237227179445174,-0.00760781587362153,0.146081583328999,-0.00671504151574172,-0.0868373978674526,0.0269697620049368,-0.0480328453069358,0.00406896407133879,-0.00752605378705989,0.0075935780468913,0.0230799399737245,-0.0488383044361129,0.194801908092329,-0.00196393256696114,-0.0752633451407226,-0.00201235074938711,-0.0678543633055346,-0.0595077710342403,-0.0571187634459751,0.0226019120590548,-0.0249321602176175,-0.0472304925290379,-0.049212471365532,0.0416735791792795,-0.0138128082071201,-0.00817295490899758,0.0238964571612791,0.103684607365897,0.0644854661772872,0.128309087056651,0.0201040526572796,-0.0292697183178984
"SRR3124754",-0.000791711586031229,0.0683139124990051,-0.0405910192841967,-0.020273388033888,0.0556367337429087,-0.060473635506694,0.00593162330576197,-0.066031293267293,-0.0713186712427324,-0.0638172030752048,-0.020627290032498,-0.0245712331131946,-0.045948823270378,0.0101197389627617,-0.0135189942450752,-0.0807996737185051,-0.0670166701437083,-0.0383874766425903,-0.0136630853670464,-0.0243722786040117,0.0304851133450229,-0.0610626780357741,-0.0329667187938713,-0.0164071789054221,0.084361549969857,-0.0135087495235862,-0.00461646769337681,-0.00596998778610106,-0.0215610394731013,-0.0112764467786868,-0.0861707540153822,0.0154110213822734,-0.0268080574173823,-0.0797074571322899,-0.0211583907808078,-0.0202693311868869,-0.0115678126104642,-0.0353779682287956,0.0507346374235441,0.0321466069747297,-0.0293679620899486,0.0560841042217391
"SRR3124756",-0.0280746658706205,0.0380928321914744,-0.00416946834245355,-0.0712858442882771,0.0610883046936701,0.00649143724129254,0.0476287240421248,-0.0388005432319367,-0.0116704898840884,-0.0215406106592649,-0.0208124498541322,-0.0252315620056217,-0.0367577402631329,0.0218144041986223,0.000169008757921086,-0.0225286532062656,-0.00599037986043268,-0.0381841363045228,-0.0114422896925888,-0.12214243111462,-0.0145559839136885,0.0072474484949249,-0.0319276509474521,-0.0139296319076736,0.0727467066232573,-0.0236482449290279,-0.0266437360822434,0.0390572438111359,0.0351207869637884,-0.0352441203866799,-0.0308589940592908,-0.0193400829732332,-0.0375366690762255,-0.0031034444773672,-0.0130283662638848,-0.019088036305903,0.0409939705070512,-0.0362085374721189,-0.021456661338207,0.00937322051456736,-0.027813649712169,0.0364054661842026
"SRR3124759",-0.0231250474641473,0.0566634699406655,-0.0265230082428025,-0.0523084643798964,0.0704541564578509,-0.0210953438111051,0.0389407125203141,-0.0612743325398746,-0.0302479095109276,-0.00858910960451762,-0.0222850952546785,-0.0274168446651964,-0.00834798630300836,-0.0263789899922481,-0.00697361423654611,-0.0564611497717779,-0.0492325324566199,-0.0419394311196963,-0.01160613093786,-0.106213778635185,-0.0219203277691892,-0.0319022468098411,-0.0263142652945833,-0.0190525427031264,0.108116394580808,-0.023562876392993,-0.020987512276152,0.0257403587316171,0.0074077522277386,-0.0393426093593965,-0.068144430449335,-0.00629058478850747,-0.0327605538183781,-0.0452964498273459,-0.0148375741058652,-0.0266851895865271,0.0293194892527537,-0.0391473297539738,0.0148956140311809,0.00106205295404682,-0.0257443062137253,0.0561476776087879
"SRR3124761",0.00441294177549058,0.0692254688127753,-0.0371234961952065,-0.023234960932792,0.0600962905357029,-0.0576428238444139,0.010879087217846,-0.060371457445271,-0.0732089146030308,-0.0646057839736896,-0.0253620383187069,-0.0261486391467131,-0.0514146362705306,-0.00569700734886513,-0.00577951712935685,-0.0827910599833776,-0.0682726879757216,-0.0472196633260106,-0.0137596592070616,-0.0135154501127171,0.0423085803374638,-0.0625951127163297,-0.0341151129966397,-0.0141210333877011,0.087542522897617,-0.0181369938584683,-0.00161775160841206,-0.00115207194186939,-0.0229558280607182,-0.0224929558932555,-0.0902687677015872,0.0104103176946856,-0.0348998192503212,-0.0847240423696067,-0.0205134790184542,-0.0268904216091556,-0.00362887899103455,-0.0350156220487116,0.0527094026421999,0.0355589296964066,-0.0308431810995398,0.0470263364592416
"SRR3124764",-0.0438488779812687,0.0478096087854518,-0.0237003621703768,-0.0983352833349442,0.0614537012236433,-0.023572476326171,0.0586804329974113,-0.0322299451016561,-0.0291234103189261,-0.0339896227674176,-0.0262020686720423,-0.0249356797822274,-0.040348970077941,-0.0190815024971343,-0.000222566184984787,-0.0371305729585048,-0.0298206396529161,-0.0407828647341114,-0.0145944871049339,-0.149376071275049,-0.0528182664970811,-0.0127957318152419,-0.031531236575992,-0.018112983497329,0.0898626671770501,-0.0260936426585281,-0.0348941910456175,0.0500578852859365,0.0195391631476478,-0.0519874061475636,-0.0481898020244452,-0.00539818553779476,-0.0361424526307295,-0.022172219543085,-0.00448805496223182,-0.0164502274632163,0.0350717217436523,-0.043405145505256,-0.0134174712258522,-0.0128329227919036,-0.0298163414919634,0.051104372501852
"SRR3124766",-0.0593572063174456,0.054245646231033,-0.0352216140379724,-0.0681195372960004,0.0692019922565477,-0.0314670066917984,0.0477339387195874,-0.0606039452121451,-0.025762299527401,-0.0204857281042372,-0.0159392152336962,-0.0212371337195292,-0.0224580778688622,0.00864830065881378,-0.0118925116270723,-0.0465991535720108,-0.0490459583125982,-0.0438626446490997,-0.0132360058218731,-0.157435677878377,-0.0976874129150809,-0.0256333191698781,-0.0292413330653794,-0.0190629366689293,0.105920172038882,-0.0270046961761927,-0.04376608080445,0.0348249316127957,0.0100039683313147,-0.030702165406894,-0.0554914345112084,0.00107960146923265,-0.03003394178681,-0.0282574541871315,-0.0147562379643314,-0.0195753021032676,0.0340928176108666,-0.0439120630774831,-0.0229022387509583,-0.0182759856053207,-0.0278656203154263,0.0680513971814447
"SRR3124767",0.00446571866401527,0.0696320733832719,-0.0366746681813999,-0.0272150109261321,0.0580799348474518,-0.0637562728648243,0.0159212742645967,-0.062454617522034,-0.0750046722944883,-0.0617742769309472,-0.0278817622106754,-0.0290730334951742,-0.0488312715053188,-0.0417636849869645,-0.00553071141724338,-0.0846207191259402,-0.0692104140609093,-0.0490118800357845,-0.0142072534946057,-0.0186215001094759,0.034499198304997,-0.0652194136445275,-0.0358336328389947,-0.0185452925006467,0.0918678831834757,-0.0204573493559842,0.00081089197571696,-0.000919796406014077,-0.0249279460701747,-0.019691133663861,-0.0929472433318799,0.00951667730038556,-0.0367382077490829,-0.0878783062629481,-0.019331662166026,-0.0248480582126715,-0.00257763957398636,-0.0372076026444362,0.0579090959239168,0.0363006877359738,-0.031987543148927,0.0548196901226308
"SRR3124769",-0.0947555845169026,0.00233886867735328,-0.00286202414071873,-0.0114938100451813,0.0273743448611949,0.0792985608303281,0.00690969924627967,-0.0733093835145405,0.0775734849680024,0.0682118386289507,-0.0182325474748793,-0.0209746968948365,0.0466665807865959,0.0998002258581024,-0.0609464061596138,0.00205397099577784,-0.00193727355018454,-0.00470271763707363,-0.0133238683398262,-0.0950150454572484,-0.117366085149756,0.0545447306964901,0.014137424147554,-0.0194760942445006,-0.0125358373445609,-0.0183215348306772,-0.0775871017473598,-0.023372535872677,0.0662514965295111,-0.0152078579200592,0.0320079315591029,-0.00242474422093134,-0.0356260498404478,0.0634661668453544,-0.0171959164187467,-0.0200528503205099,0.0504294111083448,-0.0371393170546678,-0.115593977801652,-0.060798597899091,-0.0392962540964686,0.0374843414866184
"SRR3124770",-0.0283217808917674,0.0434722261354234,-0.019110207089919,-0.066047611386439,0.060322630852974,-0.0171108237616091,0.041228863021837,-0.0487526314423381,-0.0293725982599844,-0.0297897408886054,-0.0263181900552712,-0.0254184505824063,-0.0380759304209569,0.0173415290561093,-0.0148960932597074,-0.0393110486116227,-0.0286939222168064,-0.0428421432642534,-0.0140068193756627,-0.135300476820049,-0.028592893848893,-0.0158095778408786,-0.0261357277982911,-0.0204179135991025,0.0789584657745905,-0.0298021546177089,-0.0224933087030417,0.0315361797785455,0.0156185701323397,-0.047604759771899,-0.0497646951227026,-0.0085328200847308,-0.037766193128881,-0.0200316190161817,-0.0204132689468175,-0.0203608971078951,0.0306037992812946,-0.0366984662657228,-0.00500797377387856,0.0110389379046459,-0.0291597053342797,0.0484864864679326
"SRR3124772",-0.0211374304018555,0.05879097588341,-0.027512879000272,-0.0416460137665754,0.0717886153566261,-0.0333556233759175,0.0395559927638085,-0.0609145954925338,-0.0359162778138814,-0.0233435480908914,-0.0221950507925945,-0.0270205228566464,-0.0259395045134396,-0.00990338167380888,-0.00428071387095104,-0.0560772050153773,-0.050708681564819,-0.0423441032327411,-0.0135849812049426,-0.108805389261836,-0.016008491317304,-0.0341030410895114,-0.0329169078939214,-0.0158714690208958,0.109734319403928,-0.0240864169230484,-0.0222347504778306,0.0267466991665607,0.00323213461042149,-0.0345794636580114,-0.0682980908700619,-0.00664180846398532,-0.0313942896759293,-0.0490548819118857,-0.00815794272288899,-0.0262304428145839,0.0274698207913568,-0.038075970104304,0.018450144820243,-0.00212993694747634,-0.0245390669359263,0.0534000681057823
"SRR3124775",0.0783781328422268,-0.113304414876242,0.056135871264921,0.0401558226410626,0.0275531059404037,0.00701010437219124,-0.031089753572951,0.007977888581355,-0.00758317030240483,0.0481472433868365,-0.00173463081647426,-0.0125838039777464,0.0853323197871094,-0.0435982958367834,-0.0535322033598378,0.0374778594002201,-0.0384572833994937,-0.0137882979886321,-0.0112716743771216,-0.037737652396517,0.0195968127365753,-0.0628113071146564,0.12610700112338,-0.0172848571155409,-0.047276418515138,-0.0263212961496406,-0.0704246659254112,-0.00852015449934194,-0.0707963957867598,0.0111296126657991,-0.0551452641254473,-0.0574160477903956,-0.0403981232985301,0.0137232538434366,-0.00200522270834636,-0.0167606365179146,0.0241140069020523,0.114937520455705,0.0690880814322291,0.145775788497782,0.0538522668057559,-0.0497275653460599
"SRR3124986",0.0694684913583592,-0.124850169040968,0.0727355440287424,0.0322503047722255,0.0149492686224582,0.0548764327885821,-0.0402873906070302,0.000103931474107077,0.0715081401824584,0.118305039612023,-0.00581189722707432,-0.0150064608899746,0.143035790349772,-0.00815449619739315,-0.0607637934578738,0.0458114188536887,-0.0225198333596899,0.104789330528337,-0.00763276782229528,0.0547760660818304,0.0341380444884973,-0.0115666119138269,0.163660267281355,-0.0093479869085606,-0.079425305975958,-0.00896232308048638,-0.0843550174295594,-0.0367194942700575,-0.0448116032975516,-0.0238695795177107,0.0401469071381077,-0.0581933843638351,-0.0519605238084842,0.0589165562969662,-0.0165796199081469,-0.0107919641857116,0.0271399079571446,0.0966082510891355,0.0406158997276736,0.135262506586575,0.0281574692100778,-0.0534528399678259
"SRR3124987",0.0836558710365346,-0.112400835480062,0.0646985653526241,0.034662465689596,0.0219870660670472,0.00811162291983664,-0.0194993743203988,0.022932537238224,-0.00244428937716001,0.0364393825949677,-0.00166075907418935,-0.0131437921962352,0.0720444445877549,-0.0244058668477872,-0.0365497704564062,0.0401122357576858,-0.0240241301201914,-0.0214500598936699,-0.00711209295327599,0.0325523916888502,0.0435040074049021,-0.0539098041955672,0.120570118373013,-0.0133204663733164,-0.052014702017542,-0.0177794833612324,-0.0729041785706335,-0.00215465802780191,-0.0653733403418632,0.00327314750897629,-0.047530659131563,-0.0613031465468704,-0.0513406348030707,0.0112843793766672,-0.0144627659807912,-0.0177258316758465,0.027235572589208,0.110541792367834,0.0666789218565599,0.134987362547311,0.0519853590712472,-0.0653009999401912
"SRR3124990",0.0942960818554756,-0.114916709437048,0.0595076159954231,0.0517836028172609,0.0234059747933283,0.00469116912455374,-0.0413190243739629,-0.000859250130842301,-0.00502201706259585,0.0679199311542003,-0.000665835922223075,-0.0117930019917171,0.113143606616514,-0.0171182303746145,-0.0629690914097939,0.0254289106507313,-0.0540575981035119,-0.0200783821277994,-0.00634199263086158,0.0146827477737033,0.0464610016100917,-0.0767006782863159,0.169853241733092,-0.000605444169391473,-0.0529176255959353,-0.0137088577455627,-0.0614628907841798,-0.0190567827099008,-0.0805020699554349,-0.0451514240218099,-0.0577231704847433,-0.0588125423060159,-0.0561898619707102,0.0124873343419039,-0.00108943934924454,-0.00667493573234229,0.0231658386195338,0.117175811731079,0.0783387629496195,0.145770849926664,0.0467556526444649,-0.051749264861834
"SRR3124992",0.057420408008437,-0.129122033751918,0.072725583863254,0.0251474078499455,0.0176866768497002,0.0568853584141878,-0.0393349976687448,0.0100443583627087,0.0780132729963517,0.119775443904158,-0.00260153976303972,-0.0139021005582244,0.141520401157758,-0.0391088440927211,-0.0617462717092053,0.0557666374936851,-0.0124284438589099,0.114624418845046,-0.0100034696801722,-0.0223147581296236,0.0087199216499673,-0.00324464010860323,0.176292347732311,-0.00895111345107598,-0.0701596220460161,-0.0252440570328247,-0.0874822761070681,-0.0223791820028474,-0.0402433430077826,-0.00552150983398942,0.0481727734471516,-0.0625914059765912,-0.0450370545527833,0.0679672939628102,-0.0104847012191559,-0.0166788768958488,0.0384709564103673,0.103042954330232,0.0221336215011678,0.12080545572685,0.0393440817282535,-0.0579774672635037
"SRR3124994",0.0809377770430669,-0.116157247558385,0.0641668020327325,0.0275905748641792,0.017218678218678,0.0286465212289198,-0.0249046379544605,0.0166944716838212,0.0264732699759943,0.0834454897520834,-0.000183981149323484,-0.0107999891612496,0.123424325495984,-0.0401058262093307,-0.0541042549714282,0.0284698695018979,-0.0388285158412253,-0.0037636452623512,-0.00769365025562334,0.0337151431042752,0.0225827302555933,-0.0531739379768785,0.18009648681919,-0.00781827384308502,-0.0618157122298666,-0.00932047161095166,-0.0761653532379501,-0.0182359778762451,-0.0590478834687366,0.00942553102712642,-0.0400764258365794,-0.0547697173486247,-0.0584798609773351,0.0234029730628802,-0.0202724231320617,-0.0127497727537113,0.0330979512677983,0.105214283742271,0.0583011039142027,0.149372606544077,0.0206885678144059,-0.0582453936019669
"SRR3124997",0.0894531498356945,-0.124131953334863,0.0662261708480968,0.0638893076276296,0.0163702065948463,0.0219547211148423,-0.0640645662787122,-0.00629165722704198,0.025185019179756,0.0918151983568907,0.00411672044373281,-0.0116356833105072,0.128596598383567,-0.0173193075982653,-0.0731284905698235,0.0217387263941658,-0.050225488539999,0.00184786777031486,-0.00707251490139525,0.0738041898854947,0.0710209935226391,-0.0651327328828739,0.192169884213262,-0.00873254902617251,-0.0724979208689756,-0.00996110391596613,-0.0660944217583235,-0.0426764244516781,-0.0767792757033035,-0.0103651960661134,-0.0405207401305329,-0.0552714584423981,-0.0507034791447452,0.0244564744007001,-0.0100566251965064,-0.0108412884793148,0.0176062563175273,0.11081882447249,0.0744867581205185,0.149551404248753,0.0330361542483527,-0.0545942717466013
"SRR3124998",0.0606591549330526,-0.132415012737705,0.0719302994611762,0.0218676802445108,0.0158172941427736,0.0572077582984229,-0.0451875108357293,-0.000974183322251869,0.0837401985249391,0.131837314303573,-0.00713202039847631,-0.0149512295245948,0.156700289775018,-0.0323503127960466,-0.074515287822513,0.0481445704205448,-0.0236487057232369,0.106765676083005,-0.00708018921519162,-0.0155664044285513,0.0127086622340174,-0.00952989889382917,0.197047121861983,-0.012312172316537,-0.0761074873403695,-0.0143620389303775,-0.0824858443440923,-0.0313909573144416,-0.0453305867515104,-0.0275507649608783,0.0456325271907579,-0.058740107066352,-0.0428411899161826,0.0683049812008564,-0.00995940080779603,-0.01077109923455,0.0360038290844567,0.103168607888875,0.028161918737743,0.136299829705334,0.0286684268862921,-0.0519337228313016
"SRR3125002",-0.0177517133518733,0.062827128511254,-0.0459728860512339,-0.0250912027253232,0.0418025294696342,-0.0543887245523181,0.00614513763144248,-0.077767687872258,-0.0668303600660553,-0.0690054443668278,-0.0228281821370591,-0.0254590769217772,-0.0509954254350609,-0.0088812324650484,-0.0296321420781504,-0.0814010090185153,-0.0757588345155096,-0.0472149218172629,-0.0150558806880531,-0.0302739613929454,0.022156963226803,-0.0570918004784132,-0.0341097185345463,-0.00580421131887544,0.0641687453838893,-0.0105088373227703,-0.0211024990516507,-0.0187275786184436,-0.0159987413857295,-0.0141974380592406,-0.0809909168678585,0.0251425909899035,-0.0303068753615212,-0.0664190505185712,-0.027125516721091,-0.0285556059894547,-0.0107542654240939,-0.04025118296076,0.0314752135163849,0.0154730662941184,-0.036138557834837,0.0737430793584581
"SRR3125004",0.0731559473552138,-0.120919204871905,0.0675722494575549,0.0491574496771446,0.0166525025044194,0.0228011581662923,-0.0336047397400831,0.022407599760045,0.0185508235235348,0.0679540284199251,-0.00448866476644088,-0.0145269140259723,0.10079251300918,-0.0359351692984317,-0.0513001490834975,0.0372186654469387,-0.0292597027375342,-0.00515033706841975,-0.00677837564383396,0.0478012996048475,0.0440749313633141,-0.0518847778377526,0.167722602461074,-0.0121906325810951,-0.0647503901807101,-0.00364693611607201,-0.0784583306736926,-0.0196847143934292,-0.0631890775609151,-0.00575614255058588,-0.0351276531829807,-0.0595606151301455,-0.0580366571555435,0.0252494597270441,-0.0232370634729637,-0.0134781361728492,0.0282341284463902,0.109382456647184,0.0479400919773219,0.119241333068779,0.0415397945408175,-0.066269180477208
"SRR3125005",-0.0972928907189048,0.0182694260767617,-0.0289003973524149,0.0338087401121088,0.0135308348832692,0.0299017530955786,-0.000957064054482756,-0.0767177219106402,0.00829622882868857,-0.022420248961972,-0.0232068268822007,-0.0215486123184603,-0.0270214712589486,0.0116229691798581,-0.0550702604280001,-0.0127991140333835,-0.00340687502152431,-0.0261536812324682,-0.0126886761960377,-0.0905579444293575,-0.113320525541717,0.0266065193582924,-0.0278651131569644,-0.0148060420271595,0.00596221408663275,-0.0203944549502162,-0.066300043611621,-0.0197560707376154,0.0461199995732023,0.0154502762831482,0.00659119990319223,0.0169480942316783,-0.0217620472065725,0.0332825249378533,-0.0156063000529542,-0.022191615754751,0.015398123836924,-0.0422423927056565,-0.0963326258566428,-0.0655873206974738,-0.0326371787087298,0.0635626771464777
"SRR30310344",-0.0152848212664073,0.000739109690144053,-0.00602233911700442,-0.000340565319449103,-0.0741481939549084,0.0559099524460379,0.00744716858108456,-0.0326066127868689,0.024474573065501,0.028689692270753,-0.00217446725378633,0.0334940015798336,0.029645356212031,0.0089443874095262,-0.0184790954584969,0.0156005713504845,0.0213491963673917,-0.00590555976794482,-0.00960334021484853,0.0334976140296186,-0.0151021602317136,0.0340078514325202,-0.00385611486454684,-0.00540683109378462,-0.0443202440581247,-0.00542482364359573,0.0250175844796453,7.06157098088408e-05,0.0491875858378432,-0.018492014246826,0.0207416197434794,0.0155141683565349,-0.030048104492985,0.0543975375562205,-0.0200328159384207,-0.00785181918829123,-0.00325312134663018,-0.0217804617863089,-0.0308168772242027,-0.00607517523987613,-0.0329775197319202,0.0622283495579066
"SRR30310345",-0.0074173453610076,-0.00257138340237148,-0.0158890462323673,-0.0348073994816595,-0.0520391981221168,0.0285060576463054,0.00599077575299303,-0.0272238301392628,0.0296241286872095,0.0993954139985782,0.178429600104949,0.148578587821203,0.121074775608649,-0.0154908696559009,-0.0345534843747175,-0.0169128665826155,-0.0456122199501622,0.00545264604360783,0.179743104195432,-0.00124552112119292,-0.0568292655940108,-0.0160260723107853,0.0572011672228014,0.00157065874158253,-0.0158009408761029,0.0579242467363514,0.0164554962137888,-0.00763674046308988,0.00504913174123074,-0.00405377321543179,-0.00920459054809118,0.0198874296808394,0.0156503579408321,0.0200567660916488,-0.00990908667601118,0.123855747359278,-1.12233868485108e-05,0.000946677833315819,0.0208527396301913,0.103146966402948,-0.0291169796771874,0.0535385872785811
"SRR30310346",0.0257709834498659,0.011610231719425,-0.0224170261773083,-0.0294724729003572,-0.0478469476808542,-0.00444287699318843,0.00646547268905181,-0.0248380999089931,-0.00111408410471086,0.063521652820655,0.505993954304547,0.316633445304353,0.0977861973185597,0.0214799428786841,-0.0246188781106711,-0.0223969719637473,-0.0398004915567862,0.0159906645685489,0.64029951160608,0.0182284857796917,-0.00145372777834986,-0.0235222420770052,0.0364297171328673,0.0843788101887539,-0.00780218578712208,0.00330919499008784,0.0829819674896365,-0.0051490878876826,-0.00555257249697022,-0.0831894575334046,-0.0181645893689636,0.0256703695594979,-0.0258176457696811,0.00266031558897489,-0.00254755609812337,0.142877032327215,-0.0190542942281113,0.00689238941286121,0.0411910926811193,0.0734524347551622,-0.00827195813070068,0.0548959923380463
"SRR30310347",0.0103046091571104,0.0167263209481403,-0.0275970875303934,-0.0359414306502838,-0.0535386223267088,-0.0076133834047748,0.0121663083267745,-0.0186901994737799,-0.00348226122379066,0.0707064244680816,0.496649724042108,0.265014981423809,0.103212331738657,0.0440497895005126,-0.0194489810692324,-0.028528846163676,-0.0439765868068182,0.00491948158573355,0.62540325259819,0.0267338655120873,-0.0183145039793478,-0.0277229982880561,0.0389070128850198,0.0760055084062629,-0.00782354703502655,0.0093367768744828,0.0677116164094731,0.00206674727054125,-0.00589265715379571,-0.10931267283635,-0.0271701242493506,0.029334734681572,-0.0275436719130032,0.00349266641122349,0.00419606049308575,0.229757123428656,-0.0200640978658359,0.00389024180858925,0.0276486194421448,0.0753658706938583,-0.0113845994088194,0.052193043896201
"SRR30310348",0.0234436170090542,0.021232121237067,-0.0253980650088887,-0.0447522355284494,-0.0584133068408504,0.000856642105908354,0.0030771934524322,-0.0240973378873007,-0.00198488000672306,0.0833093158634848,0.16732959792282,0.153972757357756,0.10618923585161,-6.48236718566988e-05,-0.0220394570958066,-0.0432199040263157,-0.0546984169027406,-0.0221281703709021,0.0703887107874799,0.0185058974428811,-0.0136862510485055,-0.0408045024888444,0.0446827504692766,0.0107478023731386,0.00497538603827753,0.052136139652899,0.0549356369310886,-0.00368089321887359,-0.00943391743754337,-0.0334509711650576,-0.0520063549712927,0.0259135796187725,0.0175260492388359,-0.0178775126938967,-0.013168276896997,0.0630551488816224,-0.0196533857311713,-0.00204987836893943,0.0599475275103192,0.117563120462815,-0.021739301211954,0.0520967554531714
"SRR30310349",0.00465693462207845,0.0332924752220716,-0.0287315252470197,-0.046453181496149,-0.0589433783729215,-0.0156381571360007,0.0245907256547398,-0.0227243711272977,-0.0185094772115615,0.0533507640046065,0.00521177778915083,0.0584447859550393,0.0763090596609419,-0.0283971591683442,0.00131329833526559,-0.0447420686061237,-0.0465535914718763,-0.0303175023789937,-0.00964936608576376,0.0239572300334847,-0.0150004690419631,-0.0368190494187799,0.0158183545006644,-0.00265685316425364,0.0175129859787134,-0.00619654448074667,0.0635087644967609,0.0130882384177382,-0.00161304761592074,-0.0870720199285197,-0.0509246354869608,0.0270897164889487,-0.0325342032072397,-0.0253596016738501,-0.0190981410475267,-0.0077991158308381,-0.0141102164534233,-0.0166155648497693,0.0525057139273422,0.084442305887176,-0.0270183961822518,0.0492414621939533
"SRR30310350",0.0405964118775603,0.0231438919349141,-0.0257694439444132,-0.0210571182856655,-0.0580816845377658,-0.0044046559506091,-0.000945494462666123,-0.0251824367717088,-0.0171036798668378,0.0631864752519311,0.177714608911508,0.179972561388787,0.0995130862129271,0.000162679441716584,-0.00786219595528237,-0.0450745353309642,-0.0579772259980587,-0.0253232244763814,0.143329455590771,0.034545907122355,0.0167100358892767,-0.0458074086710783,0.0424109535617354,0.0338075864755652,0.00577217084467643,0.0529095587647104,0.0835904755979406,-0.00868472889696593,-0.0135700533056388,-0.0240675640165795,-0.0589311094161603,0.0251005675976788,0.0217396489331866,-0.0314361384106587,0.000653862499837912,0.0379209056618366,-0.0296304630794659,0.000813217370955471,0.0671391346699046,0.107550205586371,-0.0183115217863261,0.0529994884171504
"SRR30310351",-0.0499858563099622,-0.0282284194120572,0.00319065794747461,-0.0251622323082003,-0.0592852981256667,0.0581695635310496,0.00868460959562804,-0.00653710108617904,0.0564371161409534,0.0679738959925643,0.123619192434546,0.14278974563324,0.0837149479196502,-0.0198649958560318,-0.0301930483240494,0.0363978891160878,0.025989798594404,0.0569100208900249,0.0257983783986732,0.0181687393399072,-0.0762232251114109,0.0495139439713979,0.0296298567841,-0.0087796828300388,-0.0644279679987471,0.0292778938213893,0.00181290405427862,0.00565118963510922,0.044864803836435,-0.0117579668621796,0.0666919777994339,0.00748336865605579,0.0159377395158916,0.0994536822840555,-0.00577375676248333,0.16073643377476,0.0071680082518434,-0.00538592913879075,-0.0689952203613054,0.00250198511709843,-0.025121740474487,0.0492421518839321
"SRR30310352",-0.020775303128699,-0.00494857316422455,0.00364903960077077,-0.0394312274527598,-0.0542062722282477,0.0710561698674806,0.0214252361902446,-0.00593462441702466,0.0534824756002716,0.0950027146647776,0.146737917149123,0.203381928079824,0.102317713179275,0.070936180864958,-0.01778207664208,0.0194338594317949,0.0161567062195703,0.00319482137043583,0.0253630233603232,0.030345554171452,-0.0550983423669246,0.0371444357279703,0.0287172926546553,0.0189767408606737,-0.0242925412124699,0.052943620151737,0.0287516445527631,0.0111027119020933,0.0504884655589044,-0.0203897436629256,0.0253376002042208,0.00375951299744274,0.0183940069592186,0.0634461276558652,-0.00865206769390771,0.124638199791408,0.0104234394781268,-0.014927386308607,-0.0157262059367606,0.0147417789342186,-0.0292412128822343,0.04482570953561
"SRR30310353",-0.0417123586073336,-0.0127291440952244,-0.00590235361060203,-0.0414541128277172,-0.0579595227765319,0.0493806521683243,0.0218165393291346,0.00410461420438138,0.0443387212175423,0.0656096322978761,0.2084446489973,0.288354693694442,0.0845152129895405,0.00779924660622189,-0.0195560419956524,0.0244087928899456,0.0213261715762927,0.0162084033941232,0.0501896224719476,0.000872701304361405,-0.0778576588771224,0.0406273395549352,0.0288273134839393,0.0143311102469485,-0.0405911439708402,0.0858682026654825,0.0335322467670389,0.0149105853258086,0.046908120233325,0.026764672167582,0.0368104958223329,0.0155405294262167,0.0353662012746143,0.0745930905217644,0.000965235673265886,0.179088834848739,0.00511496033255051,-0.013340303389628,-0.0475877958778125,0.00557976244520928,-0.021422683654608,0.0570236710836318
"SRR30310354",0.0054509880556963,-0.00132519683944852,-0.00183243025067193,-0.00995912251826591,-0.0590623401023212,0.0455639460552812,0.00932502235824581,-0.0208851270858259,0.0115683792973278,0.0379069392658698,0.0529433217974189,0.122771179751181,0.0438351421107335,-0.0120479204491189,-0.0168313054327497,0.00358250474367916,-0.00141107947746578,-0.0203023201424215,1.90584982824022e-05,0.0360391507956804,-0.0174463151938754,0.010952762846693,0.00866735136509469,0.00348177010016485,-0.03194338230671,-0.00483749567541686,0.0348436471883792,0.000644879635804211,0.0305012644115259,-0.0327426859207048,-0.00494688290041992,0.00525949143509628,-0.0241505378843787,0.0336741811968635,-0.0166849443776519,0.0204391127447602,-0.00415984803549536,-0.0104403681630059,0.0046866333288101,0.0275301755969349,-0.0289036229335115,0.0466025149480718
"SRR30310355",0.00350129075094942,-0.00903351322506645,0.00496627932812038,-0.0158055413880732,-0.0556981930251905,0.0507909548361387,0.0127361734653542,-0.0212484793053793,0.0165430446018695,0.0299257468436377,-0.00558326064990612,0.0454899610740199,0.0280202536377443,0.0300848024891678,-0.016885209587974,0.0132238763258112,0.00514080824397465,-0.0154769500240969,-0.00913267665938739,0.0239652585523881,-0.0265379221172722,0.0184684696449906,0.00261858550960919,-0.00807419773586251,-0.0368488026884573,-0.0126420828688294,0.0288206941918394,0.00428620692991905,0.0359620038385459,-0.0179393283022525,0.00570737342444005,0.00116872239634587,-0.0342235568530078,0.0482957372989696,-0.0174575984412498,-0.00812692714616471,0.00534014390165086,-0.0108258167442102,-0.00468607646754524,0.022382318083301,-0.0328400277245113,0.0480593849910713
"SRR30310356",-0.00933412397557862,-0.0106002079206224,0.00422546009492919,-0.01778220223514,-0.0592428659405243,0.0681584262711121,0.0115837987531468,-0.0138361568897781,0.0380369154852501,0.0704361830810443,0.0488737322321831,0.154392475081443,0.0778756777488855,0.00208831809427425,-0.0185191873779128,0.0195271374925322,0.0150822605136709,-0.00618551887523525,0.0102957002966832,0.0192551100092702,-0.039028769355207,0.0304526624897867,0.0226675876800081,0.00512020425331509,-0.0358461212661833,0.00249334701064924,0.0243192876205872,0.00440566966540887,0.0457001621829365,-0.00693419304368216,0.0193197812798144,0.00493928348871914,-0.0150315304779931,0.0619244136457733,-0.018029958099161,0.00609349690368262,0.00495893165210427,-0.0122716861101641,-0.0179199148597198,0.0190168158806091,-0.0308640647092789,0.0486610263524666
"SRR30310357",0.0360631598134865,0.018285732597889,-0.0163165824507241,-0.0212790065824868,-0.0581317397450149,0.0119876952289799,0.00920443500317604,-0.0311560427269979,-0.0171457621902641,0.0250235833619421,0.00967250502513306,0.095054776410657,0.040358074152339,-0.00524388184274686,-0.00924885564811529,-0.0300027582729529,-0.0339110266670101,-0.0231161623782594,-0.00601285177154965,0.0320159600155497,0.012312951301881,-0.0233105145360156,0.00697635821341251,0.00679008537724346,-0.00541431538737247,-0.00954248852447839,0.0749931081110134,-0.00283427672630151,0.00667277930098817,-0.044828942336532,-0.0357985347341161,0.0167349883711809,-0.0349248781633518,-0.00790502241913133,-0.00899420195292353,-0.00226283875539388,-0.0186911393951452,-0.00984076886045368,0.0469667139706542,0.0590009075449432,-0.0254913966904447,0.0566649261632661
"SRR30310358",0.0532202715927599,0.0362504844193989,-0.0339981302622256,-0.0190379554789832,-0.0655214011661031,-0.0239660984418828,0.00461539694016071,-0.0397766397170252,-0.0445264333428942,0.0262437420194625,0.00828235066440041,0.0700773308816803,0.0620119597227962,0.0400258920934702,-0.0095520000243824,-0.0578353262289869,-0.066752338861033,-0.0335298027903302,-0.00625265296978633,0.0585886792314018,0.0450421867974842,-0.0520157174192736,0.0203354452335978,-0.00574264257261466,0.00447213990399868,-0.00605688916165934,0.100400539582186,-0.0150770938304301,-0.0198079180421029,-0.0962610519525324,-0.0613488268802715,0.0346089693236125,-0.0415041016058368,-0.0486310240107141,0.00176210304912593,0.00304072774783583,-0.0368388854558237,-0.00847901973303099,0.0721190170110473,0.0754625462476445,-0.0228338592172891,0.0563701798902018
"SRR30310359",-0.000104746608918982,0.0157918796307638,-0.0210033919112467,-0.0276658526689144,-0.0694506228346868,0.0328392560555889,0.00322211016754189,-0.0425580684376307,-0.00245883720393779,0.0356535936436375,0.00904770188058177,0.101104137661273,0.0503957625088155,-0.0284094253772503,-0.0288684376958232,-0.0167268880043571,-0.017066141614604,-0.0165013288618702,-0.00646526419649903,0.0251553148441468,-0.0151848434135495,-0.00487487995418925,0.00847453106069099,0.00436370587774763,-0.0267804016968305,-0.00351710316717928,0.0405475029107718,-0.0090924987708793,0.0247818757023666,-0.0668235764050773,-0.01452344143987,0.0262541231504985,-0.0306730355793759,0.0207737200140454,-0.0101718412175471,-0.00255210601715835,-0.0197662060010956,-0.0175284303573899,0.00485374363097407,0.0261949676627647,-0.0303649683196483,0.0670799884605453
"SRR30310360",0.0184309609686716,0.0218630395868405,-0.0219597860167714,-0.0252514801393184,-0.0672298636478312,0.021398134753007,0.00615900140187573,-0.0343821626465884,-0.0135769152972677,0.0409881728305845,0.0130503367146447,0.105517202989098,0.063013154106739,0.02667054485629,-0.020099719780398,-0.0284630138289891,-0.034356811163896,-0.0269702542375281,-0.00439825748746483,0.0329909870615273,0.00127608431391943,-0.0204684632255538,0.0155070759973413,0.0147955355180537,-0.00918747187952786,-0.00570844956696461,0.0629511013566061,-0.00846220856427936,0.0109996904323414,-0.0440454243107074,-0.0325537470221951,0.0244143949917023,-0.0263664151129366,-0.00507146296499358,-0.0116418551319881,-0.00292505727436857,-0.0221561416698352,-0.0142241558779483,0.0350311248812166,0.0548415998492884,-0.0274006353790738,0.0594426848534941
"SRR30310361",-0.00202252219130694,-0.00253095614993367,-0.00738575765946007,-0.0226914384363279,-0.059052759531697,0.0463846418050369,0.0133113551235855,-0.0101058111094612,0.0201331434448239,0.0549088065318485,0.295508812870619,0.291218252266154,0.0740552074837189,0.00225328990378616,-0.0215293429099944,0.00255443082666529,0.00295543137220214,-0.0120139952710018,0.208714125480403,0.0127447067345891,-0.0315656683803414,0.018446478376252,0.0275333555041133,0.0471348338132872,-0.0240188251393697,0.08222677347569,0.0632689162512612,0.00162912449948884,0.0338569063843506,0.0327119124086709,0.00200029083409109,0.0162794405421524,0.0323844082520652,0.0370373548963572,0.00965468198558581,0.209601449238755,-0.00754901038250989,-0.00587709159316389,-0.00304802675972538,0.0382503000376441,-0.0176728061624165,0.0560006611618799
"SRR30310362",-0.0171921014658302,-0.0120631244140346,-0.00514132697819589,-0.0284450443803797,-0.059011440680679,0.0509453992393511,0.0143928106988877,-0.00480614870681515,0.0397527584640431,0.0709613505511274,0.236242947440165,0.231787832801816,0.0923231930645259,-0.0242282187318156,-0.0223455607932651,0.0144852262023705,0.00587420583426126,0.00757967880565053,0.12224308179634,0.0115971063732697,-0.0542152708300401,0.0277939656549764,0.0371715014710674,0.0300809699509037,-0.0306674801699653,0.0686784443134171,0.0530828979974125,0.00756304040735799,0.0393071857726148,0.0132434723087551,0.0238307881272246,0.014057437365102,0.0330200288748254,0.0612785249506371,0.00743642174411157,0.235836736535123,0.000638071445107751,-0.00475896154918182,-0.0240330472311699,0.0323225252798951,-0.0210355918496316,0.0552715888336254
"SRR30310363",-0.0208257553935651,-0.0241905637677938,0.00100332319030798,-0.0175146269315717,-0.0588559993322461,0.0608873520672266,0.00660414694407937,-0.010494406368808,0.0460565334183862,0.076523602845953,0.209182290595475,0.259809735792579,0.099733803307414,-0.00477634376418878,-0.0327630359963298,0.0276274386838295,0.016800720618857,0.0273678886750032,0.172248294168322,0.0170040203830412,-0.0551672920809193,0.0377821904317871,0.0431207594135972,0.0247157635262396,-0.0477591887560023,0.0472457768909855,0.040006640515135,-0.00195501592314753,0.0419715976918112,0.0128115639138842,0.0446931657256676,0.0108788316227104,0.0242621876604636,0.0788000929012946,-0.00381106286071223,0.183087913833949,0.000226523580184607,-0.000648354421136507,-0.0375425797394432,0.022417344113066,-0.0195604402366195,0.0544096637153142
"SRR30310364",-0.01112735371284,0.0052513684905991,-0.00836762508707836,-0.0122951480630667,-0.0668142839043484,0.0489784896554098,0.0170585221876302,-0.0242206852780064,0.022574929272687,0.0447575932681773,0.0532814688674193,0.178880925768719,0.0521919454312703,-0.0351166890647872,-0.0127800855181621,0.00770095052305825,0.0110160176820953,-0.00898017748890416,0.0296278113912458,0.043899301825943,-0.0223000539892099,0.0244319224987181,0.0082235394872251,0.00837050163809975,-0.0293898967607407,0.00627015267885383,0.043878842478783,0.00658807263504921,0.0419718133284343,-0.0446500651831867,0.0136022012498407,0.0168614468162149,-0.023244531140503,0.0438906140985029,-0.0145112789695485,0.00927252727374543,-0.00103950545492635,-0.0167702728056376,-0.0188766977844384,0.0231895379259449,-0.029588017790296,0.058388056575511
"SRR30310365",-0.012243789987766,0.0125802591284434,-0.0119576414797648,-0.0140712602300322,-0.0665330227384286,0.0441294417400798,0.0219157628520483,-0.0154650699640442,0.0192007758164095,0.0338899940137593,0.056991289883453,0.223096959733081,0.0332369886322946,0.0294586464153926,-0.00797780711103537,0.00314005532980508,0.0159620245618636,-0.00126079891064401,0.0155128049211777,0.0358672415385322,-0.0144122400651953,0.0263574721567814,-0.00326302763364391,0.0382770815781234,-0.0202371449926359,0.00559421434423698,0.036980657814547,0.0113726956149661,0.0428589909704768,-0.0278923116140725,0.0132809468156399,0.0188077560795638,-0.0241702461559969,0.0344081543396328,-0.0109048433920024,0.0103916353845781,-0.00307066760330471,-0.0205158430206285,-0.0130505955742675,0.019659892701253,-0.0281343892904664,0.0548578688889439
"SRR30310366",-0.00721439741591491,0.00350695519454782,-0.00584984459043583,-0.00998640878793238,-0.0647468216168808,0.0519920578878515,0.0146244541920786,-0.0192896707261463,0.0238749453522995,0.0622472592385775,0.0599734595169633,0.183316228373871,0.0748283586770732,-0.0299769736779064,-0.0143678583103317,0.00360982412318219,0.00702108361708266,-0.0109274116480958,0.0246715163852561,0.0392638498134384,-0.0142141372271393,0.0204544899404249,0.0204615854114512,0.0176286748025016,-0.0278160886795174,0.00766239197513506,0.0380356602326067,0.00589554706437605,0.0397493057307024,-0.0283912824314718,0.00725422422840324,0.0125863093815433,-0.0195889738177924,0.0415517284113116,-0.0139001754032505,0.0137304297753742,-0.00329894547230404,-0.0150052488624574,-0.0122979291702725,0.0198610290298099,-0.028855029456681,0.0558660813975505
"SRR30310367",0.00426790959389431,-0.00171964754886725,5.94214326055495e-05,-0.00627124367456396,-0.0644699953931255,0.0519386373683645,0.0160602325305188,-0.0199423354717088,0.0197395462510405,0.0245328562480994,0.0161434544980627,0.0810515153471465,0.0251998977719346,-0.0184260855664515,-0.0058619236297711,0.0126129367142116,0.0173874224546957,-0.0125580717329926,-0.0069530303412897,0.0316664082786807,-0.0121402149572373,0.0260230530288287,-0.00122996239356405,0.0139286695601307,-0.0309262937639535,-0.00700734182514369,0.0437869563315736,0.00828115664960412,0.0416758733353621,-0.00972123857332658,0.0122341018659839,0.00623208207851825,-0.0287915125354577,0.040476719443836,-0.0167778074469897,-0.00496880361592968,0.000633482824321051,-0.0148697267472682,-0.00975066158227435,0.0191797482187909,-0.0306642407277496,0.0516699063145685
"SRR30310368",-0.00958407027052827,-0.000357103438125411,-0.0063184861129808,-0.00187204857664606,-0.0738667128212814,0.052622869971618,0.0092530248743401,-0.0322795584231685,0.0182769077456602,0.0151618788487948,0.00432522117406484,0.0577454419251783,0.00987309923138804,0.0161245290889878,-0.0197758269093276,0.0125414254906997,0.0188518432364,-0.013238055931411,-0.00696143005308194,0.0233363074708397,-0.0137539193332672,0.0306974670838415,-0.00762352806106529,-0.00635247165820462,-0.044079183963432,-0.006525293966196,0.0265797975697063,0.000778253643509771,0.0443513661473135,-0.0020448335647043,0.0183643619245641,0.0151765673466857,-0.0211040865928834,0.0496972965904779,-0.0208617425819774,-0.00560234630264891,-0.00346631081518558,-0.0199104512633864,-0.024851861520823,0.00432952661456187,-0.0322457623362531,0.0619868958128545
"SRR30310369",-0.00104790892727838,0.0531216909554151,-0.0544242132956222,-0.0446887183979347,-0.0797697898508484,-0.0198339833504153,0.0164839660382709,-0.0450006678038711,-0.0385997470541844,0.0267518534803152,-0.00901284607552596,0.0256673325966024,0.0503050682988252,0.0341598738662546,-0.00963824234334361,-0.0662351328409307,-0.0576202674046095,-0.0346196165986168,-0.00895595590192929,0.0182256614595233,-0.00114762675080655,-0.0417570111378491,0.00166555563968976,-0.0143218683835811,0.0154898533582751,-0.00292237831074841,0.0423407651738891,-0.00929853280785923,0.000416253069844541,-0.0432518366588468,-0.0594875915459233,0.0554225259836221,-0.0287074900673491,-0.0458947480555479,-0.0156037551514488,-0.0139526748184782,-0.0365774721607691,-0.0330998343825618,0.0332897100719961,0.0350161437019459,-0.0351389244043551,0.0792248822008226
"SRR30310370",0.0148117697061781,0.0469313042988126,-0.0427916508671325,-0.0358324925421657,-0.0751171621725848,-0.00730751817270509,0.0071604733996049,-0.0392234049377923,-0.0232190245075855,0.0568861951105835,-0.00089288797299505,0.0227496369408994,0.0828353814420963,0.0268126853313117,-0.0124943251258708,-0.060599777356444,-0.0551555261222373,-0.0241427606125511,-0.00712164690527142,0.0191394336939416,0.0154290016282446,-0.0376974775786618,0.0213927050184979,-0.00969705701396249,0.0113997864327629,-0.00327307214222175,0.0719978551471148,-0.0143425197435194,0.000141516490481302,-0.0313148987903683,-0.0541659995888594,0.0441237484176747,-0.0291694948427483,-0.0436337052135073,-0.0151536618023656,-0.00972402784555989,-0.0342440739507837,-0.0285275132579617,0.0534863253366463,0.0384396448572337,-0.0291709256784638,0.0627325158374766
"SRR24657655",-0.00106372656446155,-0.0363219933632628,0.0314495002432953,-0.0161658098821706,-0.0256778076951611,0.110487328700371,0.0271446294214205,0.0102569234745643,0.0820814566288098,0.0919241155068223,0.148640864812581,0.145525880465796,0.112698235211195,0.771116478798581,-0.00172772248078481,0.0415434074616387,0.0447746253378735,0.0708657021521847,0.126526837370341,-0.0138709901821234,-0.0496209080620239,0.0725858927241074,0.0662740894922051,0.374847506387154,-0.0175887265427741,0.350540427091512,0.0491801595558978,0.0137556947666535,0.0766275685225675,0.133521081433143,0.0627548236487523,-0.0105977642013121,0.0957971837270029,0.0877792682869143,0.0486765278089998,0.0719933911971062,0.0337885203121394,0.0074379022290051,-0.0295581867911803,0.00607472899417813,0.00469851357140162,0.0391146355924822
"SRR24657656",-0.0202109810156001,-0.040297903657865,0.0389440288698407,-0.0301539428453263,-0.0317241553494533,0.121905656105044,0.0250277497342128,0.0236647993989139,0.104781734537128,0.104541444564961,0.0455476936207837,0.13376045193645,0.108158318751693,-0.00431582979850751,-0.00430725981293099,0.0629314738124477,0.0645474127008679,0.0659892017185732,0.0111390565628908,-0.00474242120821007,-0.0635665163799119,0.0907145633797735,0.0555751778063947,0.00187660174366845,-0.0344204338024533,0.315658908772157,0.0266007685940819,0.0169591266927683,0.0842633957187774,0.139809810979434,0.0887620969632372,-0.0156708611846069,0.112725319845236,0.113994051011429,-0.00419084827327849,0.0221016875904472,0.0412531398057837,-0.00888029497781312,-0.0558825073843756,-0.00442162200185917,-0.0197972164225171,0.0353658832974676
"SRR24657657",-0.0311610516507521,-0.0449564879607386,0.0394342229207426,-0.0337050901994952,-0.0380404358577005,0.113452692041036,0.0256426303084284,0.0317260290797386,0.105560709267004,0.105579838707794,0.0546284602336727,0.124819123424336,0.115576985480862,-0.0181321653749461,-0.00128145063648842,0.0654773038852606,0.0671439787303772,0.0723560200999935,0.0183192913670001,-0.00865564295669841,-0.0827536879948536,0.0906603709564706,0.0589998717702702,0.000950483056436796,-0.0402660820122795,0.307718250554051,0.0152126163189087,0.0203028411056946,0.0820635829563787,0.143810339124769,0.0945386189781192,-0.0147449098659488,0.110581284004507,0.126458647626569,0.00400336394485502,0.0308078367734268,0.0400617139655956,-0.00574771188005838,-0.0706713822871438,-0.0110887334646023,-0.017997128274003,0.0320467380865309
"SRR24657658",-0.039536989238259,-0.0202439536369851,0.0129691508366538,-0.0150754595801396,-0.0688003054438044,0.10130729835624,0.00424512054434242,-0.0149840610565963,0.068144150598489,0.0856955442600448,0.0312871072538779,0.0275079175155837,0.109019077004925,-0.000319343744924566,-0.0217552672059859,0.0314255382422923,0.0316391982561744,0.0098107571929545,0.00889438271684888,-0.00203589885104051,-0.0701871930859519,0.0586983572897245,0.0572256574705243,0.00665639067467226,-0.0397584212953742,0.315722295300986,0.00342061005273168,-0.00421526348004685,0.07399155376364,0.128653538071097,0.0350975087066742,0.0126684373733193,0.107551103849174,0.0849586978388778,-0.0145650597362146,0.0027960205470325,0.0182504235488396,-0.021027136108048,-0.0623696464003716,-0.0236927732964597,-0.0278563993697009,0.0598440347618181
"SRR24657659",-0.0301300262622124,-0.0505904759227173,0.0406502276002074,-0.0318750802354516,-0.0344282343727609,0.118198827409021,0.00980245303825876,0.0113888097856992,0.105415938249317,0.115086347114071,0.0555604303198861,0.145777761409349,0.121788562220463,0.0213368457566908,-0.0203094452678694,0.0641619732620642,0.0572865508319162,0.0617586555746308,0.00468053378949932,-0.00289549049021893,-0.0871239449792753,0.0846664524747788,0.0719079786005956,0.0244152112862622,-0.0478024166508697,0.289075706817919,0.0250606605872664,0.00597074275932465,0.0740355869211223,0.138466574393578,0.0949751735337945,-0.0163992748495122,0.109470062870816,0.129713091401489,-0.00729649727285778,0.0338821811070703,0.0376990686282328,-0.00171077245868496,-0.0651197475675834,0.00288491725043986,-0.0194195632251553,0.0339625190644841
"SRR24657669",-0.0409014699148567,-0.0523869408521019,0.074309214900954,0.00442668743706867,0.0280492798673517,0.117675968859782,0.0104667829003786,0.0254351337234761,0.124698220955404,0.0635809606617064,0.00182235702331989,0.00549017042887025,0.0466868272092568,0.00536295036290501,-0.00248713793977404,0.0855346127716377,0.0836184414329805,0.0316860915772466,-0.00472984450131176,0.00246068942603747,-0.0735030718033497,0.106274354892497,0.0295766266184918,-0.0126007280141023,-0.0226665162687454,0.270579668225366,-0.00137607064858962,0.0140059376738521,0.0862969728947018,0.166052762773356,0.115781737479913,-0.0550493512083907,0.131258198561236,0.128825150695652,-0.0152856575093224,-0.0124726820463331,0.0745967837343622,-0.0114944958071296,-0.0983569751899965,-0.0345277949482826,-0.0217331806814021,-0.00799749618585758
"SRR24657680",-0.0137773321020781,-0.0463328960024761,0.0691662390024367,-0.00015362516921703,0.0353431232388619,0.114349522955627,0.00499423793858526,0.0147194894615791,0.111173386013386,0.077680977025481,0.00605449062150509,0.0121560914564479,0.069978005347946,-0.00468884352313688,-0.00634043947682296,0.0673410794154118,0.0611246257889141,0.024555932652982,-0.000502854134563587,0.0195127655948362,-0.0530675860224038,0.0867388851401125,0.0492938065496865,0.00365345885931329,-0.0129620686118076,0.273826953386205,0.0132754492596598,0.00911285978390216,0.071695658560094,0.144186032929163,0.0838659283412983,-0.0537191736401926,0.124097995907948,0.104249689852161,-0.013854464727983,-0.00616377889974782,0.0671378911723365,-0.00578321879930515,-0.0575716254448857,-0.00844613600875554,-0.019493881828821,-0.00517806152894079
"SRR24657691",-0.0426394240692048,-0.0522769303469006,0.0745281794903188,0.00511166057760565,0.0291173614814287,0.116610303217622,0.0114828093173217,0.0234543467398364,0.124087634704791,0.0664265149343917,0.00183080631192433,0.00785911430036657,0.0474388002330179,-0.0177913991727061,-0.00166939829993245,0.084796164810921,0.0839035518864737,0.0316127805405229,-0.00593926973726773,0.0174192796417387,-0.076849657744017,0.107025770459844,0.0291583558188316,0.0036377345993384,-0.0259843421274532,0.26493000404708,-0.00191488899632891,0.0155572804513591,0.086381046659384,0.15247644134892,0.118763493490806,-0.0547870761405008,0.124436876039564,0.125282647750035,-0.0123429513619924,-0.0123090765645149,0.0752779786606181,-0.0105300578956722,-0.0996438434868621,-0.0354362734428456,-0.0231658972351643,-0.0134329626038873
"SRR24657702",-0.0295714706958346,-0.0491774917992313,0.0715560012925319,0.00632268858614483,0.0306075264440622,0.110065778725058,0.0103461674630836,0.0266544187982245,0.115162401728906,0.0646369131079652,0.00769812527739797,0.00761375601969276,0.049541109507822,0.0115990269042571,-0.000697299739794792,0.076885944340764,0.0741839953105005,0.0358033209866988,0.000377367587369513,0.019969137395823,-0.0600928772206082,0.0956641820816202,0.0335677356786301,0.00545110604798062,-0.0228551821857993,0.26995463926264,0.00755286088929297,0.0140448335993846,0.0779236773436205,0.149056744479221,0.101684726880466,-0.0542187126191477,0.124910112642508,0.111792639667713,-0.00903197901040153,-0.00708843319197666,0.0692442805706147,-0.00890464593675987,-0.0844208771661552,-0.0321265918186021,-0.019897134002839,-0.0107085267543074
"SRR24657703",-0.0220248586353884,-0.0395723141288231,0.0624697656453789,0.002585697911964,0.0353237085016291,0.111627494541382,0.00743449552750506,0.0126687406008756,0.109636932741147,0.0794185443049368,0.00648591059398986,0.0337245734909727,0.0623586933634424,0.00169880109941248,-0.00647353534343575,0.0621161593858293,0.0579920464642217,0.0288343219990683,0.00606573455630749,0.0201113767442482,-0.0595833855050186,0.084168858966172,0.0364146862148249,0.0442779682414036,-0.00977029247223887,0.267403051447604,0.0168512795007911,0.00895938213522424,0.0747575822994841,0.139678903420621,0.0845863739346415,-0.0487715918244653,0.122935477312623,0.0962325009421099,-0.00482090821307887,-0.00579552420849219,0.0655625632632169,-0.0100441769988753,-0.0743251763257035,-0.0162100270206512,-0.0217890453601299,-0.000882121541273452
"ERR7738942",0.00339389500353586,0.0312537605183833,0.000289154367956019,-0.0121023837115274,0.0522696536854389,0.0310908011132086,0.0321924241016094,-0.0232527278611208,0.0333976061560495,0.0918933352576641,-0.00873487201347434,-0.0125213348378466,0.0818975933417754,0.00269838007646583,0.0101093772512954,-0.0219412835276564,-0.0236856790238502,-0.00413379602983351,-0.00840852533759163,0.0263027028290534,0.000702263922118995,0.00644756472286413,0.0195342203746251,-0.0103533204882118,0.0635344782876894,0.0106271463946977,0.0465627231252413,0.0137964785596144,0.0252541656010072,-0.0790727126678001,-0.00300158152256918,-0.0166701233699535,-0.0303906464015595,-0.00716851840560954,-0.017036177612881,-0.0150227482724294,0.0288532539133628,-0.0253812468234019,0.0239959524257559,-0.000817403784167197,-0.0281223237523957,0.0264643348630281
"ERR7738943",0.00678329338199102,0.0273165721634042,0.00836816284840451,0.0044713904742945,0.0755824401459985,0.0508452426921829,0.0239690185103797,-0.0280768400288736,0.0430911321051034,0.0991059412098864,-0.0112419706754673,-0.0119256721414066,0.08656926936165,0.0368982118801988,0.00447279362036344,-0.0219107372920021,-0.017018889866673,-0.000983135852813078,-0.00964694868484392,0.00906452962940843,0.00192030621616487,0.014319190406755,0.0231245616703817,-0.00826450103924462,0.0585220151102209,0.0142602701257523,0.0320529701144346,0.00142542582378055,0.0340413676127166,-0.02375155369642,-0.00562681197330685,-0.0234885013563747,-0.0223192415517917,-0.00781372926414006,-0.0184681600745152,-0.0185362032549162,0.0343391320624353,-0.0251903124616489,0.0119997379425971,0.00203157146004976,-0.030003760191742,0.0202557600525652
"ERR7738944",0.0149229145244661,0.0318728642178026,8.02690059897372e-05,-0.035150771096453,0.0608430511553456,0.0330586607016364,0.034903555303004,-0.0235382673317716,0.0308007575701713,0.0956981943057762,-0.0123329721319942,-0.0111157924994263,0.089201407273007,0.0977709226678376,0.00529103677348312,-0.0235588964414643,-0.0249463413358697,0.000283278025752286,-0.00827809213062965,-0.0299934381353143,-0.00872144458035487,0.00189490278567262,0.0265657336944432,-0.0118957431256116,0.0727514313716439,0.00962773185337242,0.0435037319917301,0.0204256830696394,0.0235483704338398,-0.0334006638939545,-0.0121331328867481,-0.0175117547623661,-0.0183081798697445,-0.00976054630522689,-0.0135116404472862,-0.0177036665118847,0.0314307333673018,-0.0244481283096578,0.034082069815561,0.0131372759028162,-0.0264298997518396,0.032962342223804
"SRR30606508",-0.0618785576065192,0.01523032530857,0.0239160138201848,0.00579248132574444,0.0449652827912577,0.0258558815352639,0.0574074420829934,-0.02265503716135,0.0878235791334843,0.019189735702363,-0.0216286676241801,-0.0260595924203307,-0.0265058033328353,0.0217652668542947,0.0205722461110857,0.0192608514671503,0.0218049933076874,0.112174103548531,-0.009333194755721,0.0480832714729725,0.00186252475026096,0.0811881946884208,-0.0389361178215046,-0.0159771783041399,0.0111439896666245,-0.00911627550131721,-0.0332785567445009,0.0147746803448678,0.0553468916987021,-0.0257705149081186,0.119758059561764,-0.0272382771885774,-0.045424568844827,0.0340336184223359,-0.0236331318962808,-0.0255862364604759,0.0652462567970077,-0.0455531957298126,-0.0797663126766875,-0.0870982332212138,-0.0428797340282465,-0.0133618297301818
"SRR30606509",-0.0735582498234184,0.0296318417637039,-0.00257082713485415,-0.0377566029093835,0.0689572256706081,-0.00162756009617629,0.0655530796240648,-0.0396875122378215,0.0247687266491552,-0.00779501200283619,-0.0191075823215739,-0.0239119814693661,-0.0292927493395543,0.0551141232495809,0.0156432846418539,-0.0122249781173903,-0.00924688321055537,-0.0156557359045007,-0.0107481403823755,-0.0467523534611933,-0.104339675059975,0.027190164390786,-0.0390289136242081,-0.00335392943230076,0.0804951652683127,-0.0151796289292706,-0.0209626806294055,0.0273868971962712,0.0401675450940613,-0.00479059807161641,0.0122976991372508,-0.0181432568593926,-0.0430938743155534,0.00218300223041897,-0.0248548138484713,-0.0272258965123208,0.0537403034594068,-0.0506946088996943,-0.0200266134889077,-0.0644605453121179,-0.0399385861831656,0.0291251178098726
"SRR30606510",-0.0150759149018406,0.0551894506053863,-0.017860028689749,-0.00329427988111476,0.0662492425068194,-0.055321685472086,0.0480601587494694,-0.0455508563504356,-0.0307413227456057,-0.040058662391643,-0.0154100308696127,-0.021619863877792,-0.0426219255938346,0.0575185580511644,0.0154012472564443,-0.0560682675456329,-0.0595080781880135,-0.0211788526616331,-0.0134743148161289,0.0351679225488132,0.0104773743017716,-0.0298112331750213,-0.0359277331010953,-0.0156474363976991,0.0966743287204682,-0.0128549338780817,0.0350625760982315,0.0063336919479702,-0.0136856590164191,-0.0545142601531649,-0.0347652713399327,-0.0123985919498165,-0.0462164488099935,-0.0630050937474164,-0.0200731476206401,-0.0238887165946169,0.0241065813757562,-0.0357069464082485,0.0605409492540784,-0.0207919896098506,-0.0291181070007599,0.0305691765213909
"SRR30606511",-0.0394757821573053,0.0397647863833838,-0.0109325776877666,-0.0143421286818359,0.0619191385726275,-0.0278303981914814,0.0586494791783937,-0.0494028707067785,-0.00321564171849047,-0.0226460406822976,-0.016113570625911,-0.0213890955225521,-0.0356012191013455,0.0655980403184878,0.010336149857737,-0.0355294948598827,-0.0403658747729332,-0.0195736324938128,-0.0106199234172521,0.0167650568478174,-0.0277393126130364,-0.00279343471634855,-0.0371029011693922,-0.0073132759662288,0.0842563347757455,-0.0107290867687622,0.0198681306052846,0.0127014658253177,0.0109029703791164,-0.0483734519924554,-0.00961764113440145,-0.0137601358794466,-0.0565148430906959,-0.0307974925745774,-0.0208189436292347,-0.0236986310021705,0.0402646314583066,-0.0415467496839973,0.0221921824488177,-0.0465304519080072,-0.037235429666107,0.0352119301411971
"SRR30606517",-0.101690320517044,0.0208002872614822,-0.0303280529148112,-0.014858756661046,-0.0892591650246101,0.0206402034317744,0.0176310404240848,-0.0478910575967875,0.0292464961211757,-0.0248777341296548,-0.0173984399030322,-0.0200083065498377,-0.0394895743669871,0.0408432040628487,-0.0195748605183719,0.0181271981426703,0.0218706585426765,0.0332340459888186,-0.0129125730883093,0.0409315666069373,-0.0379874149742802,0.0592650703830879,-0.0385835572125806,-0.014775113046364,-0.0566449221954315,-0.00306965776478911,-0.0582092706063314,-0.0181023650368619,0.0503138645223233,-0.0300782202443437,0.0720015258795599,0.043821633349903,-0.0442409658165907,0.0430953942149053,-0.0267211973265233,-0.0261309952309132,-0.00292146624694341,-0.0517261147375043,-0.102607824956442,-0.119830581851684,-0.0425762725468505,0.0470415994443202
"SRR30606518",-0.0907980473989416,0.0418694272772519,-0.0517146571557361,0.0132339107181525,-0.0954022624668541,-0.0206179463121464,0.0025152707003901,-0.0531373094777236,-0.00622496978142448,-0.0480948401672744,-0.0192380653899499,-0.0249461973292648,-0.0522813579559974,0.0964573836367157,-0.0179299308954712,-0.0153712931454859,-0.0165469140861904,0.0108950364763609,-0.0123676217756557,0.0583256701423074,-0.00893254670471592,0.0217112606267654,-0.0425652622146132,-0.0181199877222292,-0.0392295854405864,-0.00977159415858065,-0.0457192431157431,-0.0326445776725123,0.0187831758261364,-0.0261670466939131,0.0311257205779171,0.0588793900349174,-0.0270225190100412,-0.00510680612823384,-0.0255445944046053,-0.0235734552078755,-0.0280162134039259,-0.0536422755210986,-0.0582650300983505,-0.107430046402115,-0.0383173583703168,0.0459178711738335
"SRR30606519",-0.0817176152004724,0.0379509085196116,-0.0479173320787685,0.0105637726038083,-0.0924183069397077,-0.0121505421160128,0.00366157510545451,-0.0576384217993172,-0.00873748089138533,-0.0424708720189088,-0.0213462621902069,-0.0227352716042819,-0.0502331904198427,0.0170541072407857,-0.0211303090618694,-0.0170474184231578,-0.0170783102670397,0.0041071113209557,-0.0114732377090879,0.0614586232257928,-0.00506613373045649,0.0185314798398529,-0.0391399281367061,-0.0164875101227363,-0.0404902415674008,-0.00725657070452727,-0.0405918789746095,-0.0336150675760773,0.0234206774997928,-0.0340401915602655,0.0250735521320264,0.0553084334660677,-0.037950338553474,-0.00209306476969679,-0.0238155697121656,-0.0260667689315889,-0.0268021590887688,-0.0501720381420169,-0.0520181253066671,-0.0918204309287012,-0.0398282316348357,0.0539242612227637
"SRR30606520",-0.102241111186974,0.0250660055562099,-0.0369128103540675,0.00697437084981369,-0.0966471421461924,0.0110742898959616,0.00745057676772082,-0.0496862551053103,0.0186492999060835,-0.0308930370837905,-0.0239691902268798,-0.0221955966853126,-0.0437135133945713,-0.0242847838231814,-0.0221592485238541,0.0095887206909636,0.0142691261990491,0.0249812268807238,-0.0115069540667913,0.0538252903584235,-0.0321545108030917,0.0507834684031629,-0.0387609845308877,-0.0161449514466965,-0.0588140236770505,-0.0106174163351237,-0.058804770859875,-0.0290908320393467,0.0443556814532924,-0.0272100979587163,0.0615627849947574,0.0481799549488983,-0.0391390922741424,0.0307253813922323,-0.0244420018959247,-0.0261681172930298,-0.0153508048166468,-0.052192150700915,-0.0953602750032067,-0.11597813480922,-0.0407104237810795,0.0434572072428033
"SRR30606521",0.0778143819406583,0.0359607152310123,-0.033120531944766,0.0184210278582408,-0.0615890917108543,-0.066461532017307,-0.00908523376870611,-0.0591082091156476,-0.0852839166993931,-0.0681411988186985,0.00147820294893972,-0.00591049893304517,-0.042194247000343,0.0374043394820191,-0.00942169836777042,-0.0732350753071285,-0.0911750799177179,-0.0455862557146649,-0.00857675977336251,0.0965477860906401,0.0994556359063827,-0.0756069555173547,-0.0162275923979747,-0.0121409085032483,-0.00360920242289339,-0.0146282539350186,0.137171241610352,-0.0425976243117675,-0.0492012839790597,-0.0557406477586147,-0.0764067912745747,0.030964552184379,-0.0580187054859787,-0.0789683468521612,-0.00472596157486321,-0.0159559201091962,-0.0499458371456265,-0.00318493240219447,0.102092701376287,0.0392561598504944,-0.018119204081658,0.0525238934906948
"SRR30606522",0.0355861079014799,0.0195923124674441,-0.0145246127572644,0.0528794842078141,-0.0651681760073501,-0.0371652096046012,-0.0125226189251142,-0.0473571358385603,-0.0330305191478172,-0.0512602124774401,-0.0105409686314536,-0.0102524191554551,-0.0464201602087507,0.0289901687022545,-0.00574157600797648,-0.0217567744252618,-0.0396362548400679,0.0110302070816784,-0.00858366637189241,0.132415518689768,0.0918256731138559,-0.0133729777150848,-0.0234815194407115,-0.0137463849521393,-0.0284405406713614,-0.0113387489359681,0.105841167881257,-0.0397999707158135,-0.0184894733704051,-0.0711783176819437,0.00997850078177576,0.0164387784862657,-0.0524125054217737,-0.0306455101824969,-0.00707093485095505,-0.0201400162700631,-0.0324408566460473,-0.00970054171868863,0.0488725814806958,-0.014315321224109,-0.0180455766155913,0.0250530793473625
"SRR30606523",-0.0996020931368336,0.019378413096723,-0.0321103485947932,-0.018098214659413,-0.0960854416790217,0.0154723196296147,0.0165576518674478,-0.0496960309866913,0.0327209986730786,-0.0244167316670093,-0.0180102277777334,-0.0184584979543585,-0.0398024226112297,0.0282846940438331,-0.0219827275770678,0.0194986455152413,0.0232224356850018,0.0527321598786799,-0.00919896358111764,0.0524714183565067,-0.0267424574856844,0.0618649729199543,-0.0359691401535193,-0.0173238420493989,-0.0672516463410462,-0.00776888113759025,-0.0505281781783207,-0.0241575648144107,0.0485837120576509,-0.0390367859759784,0.0872393406695861,0.0466260116716219,-0.0486424795615568,0.0414897469037079,-0.0205205613247528,-0.0256777001607891,-0.00467432086117429,-0.0502940444007978,-0.0986754898746083,-0.120528462469936,-0.0427602564151087,0.0430442599361034
"SRR30606524",0.00154445811696349,0.0190740459846773,-0.0192175341791855,0.0598623155663072,-0.0734491142832579,-0.0333788245253446,-0.0127805825515742,-0.0569983171642528,-0.00236720246367809,-0.036753646168688,-0.0107320498286008,-0.0111627236193496,-0.0380089716272475,0.0800107514616657,-0.0179551408868521,-0.00627086546870162,-0.0144846451222414,0.111155063101786,-0.0119171819094955,0.128818323185568,0.0735912800854049,0.0141635346549136,-0.0273520845503306,-0.00858164564130281,-0.0427245364001277,-0.00620209691155568,0.0648295701289101,-0.0408934805427728,-0.00840871862584688,-0.0610424721925661,0.0666523419494295,0.0217149673910639,-0.0423014911028992,-0.000303131483266283,-0.0143942222161791,-0.0209447649738118,-0.0296328573265466,-0.0190154383355167,0.0155955270177094,-0.0423338322989309,-0.016763108523114,0.0316940358649474
"SRR30606525",-0.11359236459888,0.00323522900264103,-0.0185757229388533,0.0244674572792609,-0.0954132052831847,0.0246070621006135,0.00431396647669043,-0.0602948058671589,0.0633861110907429,-0.0120543739293525,-0.0179987239165318,-0.0201838992415267,-0.0347216775064409,0.014495922564202,-0.0272391904007385,0.0413008122852195,0.048732098219797,0.140615979665554,-0.0117819534439967,0.0819405713954191,-0.015506608113726,0.0887431911299274,-0.0380896825770225,-0.0197815285198527,-0.0941362551241718,-0.00194887668088464,-0.0738893238122529,-0.0304734327549331,0.0551663920303597,-0.0352258081189105,0.143704496644203,0.0340732772258836,-0.0443978261175183,0.0767432666449375,-0.02293962983865,-0.0258139580611862,0.00133004548090664,-0.0454108948528236,-0.146267332699787,-0.135306492033465,-0.0363534482704261,0.0385991091724805
"SRR30606526",-0.0826613873211091,0.0134012492995626,-0.0208194588252623,0.0385001622053607,-0.0894247899005926,0.00132728975090298,0.0043632050201376,-0.0613048836197444,0.0471073100338842,-0.0170375813045168,-0.0113416737424632,-0.0170974446440725,-0.0318086561270002,0.0155677856922418,-0.0244807929590851,0.0202407201194356,0.0197151370779505,0.16284870923649,-0.00973711802300739,0.114326351628219,0.0241446966045668,0.0626542618727813,-0.0339786230362188,-0.00631005987294301,-0.069497443986412,0.0026531212174942,-0.0264760078736508,-0.0356271341053244,0.0317622431289202,-0.0677320438896537,0.125106922681435,0.0337449538712529,-0.0556175788264048,0.0472064389696014,-0.0139722199556916,-0.0245718457708782,-0.00568264388686721,-0.0386283096164654,-0.0779052623749651,-0.102380950905235,-0.0337620074360137,0.0365296778928611
"SRR30606527",-0.109156957455558,-0.0140098529034885,-0.000842628395964639,0.0630168291278103,-0.0995877277388192,0.0326919509863855,-0.00910241009883093,-0.0482626805312463,0.0967401775672998,0.00408715533182619,-0.0174791028595011,-0.0223461043078236,-0.0309248398170095,-0.0193544738841064,-0.0251843190948774,0.0633375315292697,0.0840489234581367,0.197441807404185,-0.0109625843571695,0.096296642385831,0.0240923133321954,0.113364077069153,-0.0379615051064458,-0.017775588572162,-0.111775147718575,-0.0094506741389046,-0.0482462690278561,-0.0386007219390399,0.0594069908228884,-0.00825497438667753,0.194772515713443,0.0204003416484089,-0.0179701457430721,0.101221251271976,-0.0174675067335933,-0.0248685842198183,0.00385227462863805,-0.0399750791196299,-0.161634317015385,-0.133430375140094,-0.0260934796079602,0.0133433859766921
"SRR30606528",-0.110455080296435,-0.0313397358718269,0.0101615006539285,0.0527314103650161,-0.0916291960625432,0.043622288659813,0.00861013529448579,-0.0496406086690716,0.117546607912993,0.0133446168350592,-0.0158510027640549,-0.019504367308517,-0.0237929501123112,0.0167232507823955,-0.0242954543898602,0.0714730136938114,0.0803921656487097,0.213206501883841,-0.00928832566763926,0.110033147385074,0.0121284944400118,0.124522981831083,-0.0373077996268022,-0.00648236328588366,-0.117438329742765,-0.00672464142978249,-0.061845712742591,-0.0280097967390144,0.0662710892011142,-0.0288712024099316,0.212533482124891,0.0100861796568664,-0.0415018636335345,0.120955206151575,-0.0254776418774568,-0.0208938166346813,0.025991963579665,-0.0368774508259133,-0.168640381851268,-0.136161274949013,-0.0332086658999423,0.0149664959372101
"SRR30606529",-0.0438171936367071,-0.00582597544168221,-0.00109778079657477,0.0758522263429658,-0.0784800961212009,0.00910225324899274,-0.0075616625389697,-0.054678259659981,0.0674332041943498,-0.00648425771552912,-0.0154290107710435,-0.0172979275489849,-0.0304341544962625,0.0690216759641224,-0.0234464398007846,0.0310268114833489,0.0380742144946977,0.191897769162839,-0.0099622284059336,0.132359412915267,0.0579136126978098,0.073115925024591,-0.0291124297931036,-0.0132069070836953,-0.0801773321794561,-0.0134978005004634,0.0330399379684567,-0.0439711546272376,0.0274321727437314,-0.0305743122300116,0.151182978323941,0.0134315241883878,-0.0412057285026374,0.0557767845912845,-0.0166388502140696,-0.0237508595795437,-0.000239834584278743,-0.0231213237021864,-0.0619474747758794,-0.0822560731162147,-0.0231910542028914,0.0132194754167368
"SRR30606530",-0.0041482517665557,0.0255819446836522,0.0252805223363157,0.0284998640512196,0.0490472254910594,0.00341616932308443,0.0321843185983867,-0.0296482416854176,0.0514231496487432,0.005817645290294,-0.0161262967251973,-0.0243983433879659,-0.0286343424140131,-0.000643974046864448,0.0156432092945644,-0.004000483184426,0.000416342243403276,0.0816218169906615,-0.00730863169661051,0.0901739657877653,0.063169538797962,0.0444643836875566,-0.0338062127456096,-0.00790253988807627,0.0181362749168797,-0.0164794915789025,0.0330417017900471,-0.00592924496342252,0.0236047326926398,-0.0484044541612107,0.0823595370069699,-0.0325089711891025,-0.0479934453835704,-0.0077868464007569,-0.0161419406492392,-0.0244239762058494,0.0414227356344244,-0.0272165472672237,-0.00840533398521721,-0.0377235551400889,-0.0291150398299458,-0.0190051812169358
"SRR30606531",-0.0770848241333212,-0.00862378703927755,0.0425827880157415,0.0417033243076768,0.0325806107475368,0.0412710988713638,0.0415232508014174,-0.0231880064285266,0.135005369382335,0.0348408855680042,-0.016543772305736,-0.0254255734406063,-0.0161012042980788,0.0295643767350978,0.0112354823337929,0.0548234665686639,0.059209172449813,0.183545016063928,-0.00930016242335711,0.0900244179063903,0.0117181681195514,0.119904309810442,-0.0375052930758671,-0.0101829802233429,-0.0302905049439342,-0.00355832410977635,-0.0438140181194656,0.00321526422461619,0.0693196380528271,-0.0218798817465027,0.197134881474847,-0.0386372597154823,-0.036539609113019,0.0849591195518919,-0.0290286754203727,-0.0247093866032653,0.0740302396624368,-0.0401050466289521,-0.123027149839247,-0.115012661468856,-0.0375049777338121,-0.0206216737769614
"SRR30606532",-0.0279189118661199,0.0794975686870365,-0.0874392530635097,-0.0743094537774639,-0.105569169579114,-0.0803723788025303,0.00605658670049659,-0.0702306844905583,-0.0916788046807485,-0.0645317406815982,-0.0161795783674377,-0.0190767007729554,-0.0500429332344107,0.0169602974015499,-0.0227604920043702,-0.100845625842327,-0.0950582006436257,-0.0423173416222508,-0.0113621038777857,0.0237089377867501,0.0130508225651562,-0.0802222098151447,-0.0322846181868874,-0.0101911365640923,0.00967239392989413,-0.0114564106050484,0.0344957272113936,-0.0376727678777477,-0.0356353797576517,-0.0547504644205405,-0.0839213707764199,0.0861534526971557,-0.0263225249416195,-0.0939393754652274,-0.0193933874418203,-0.0229458008947225,-0.0695490582356136,-0.04754299027428,0.06177225888202,0.00536421957511391,-0.0349997146847133,0.0878630601585162
"SRR30606533",-0.026213006292568,0.0661942823375696,-0.0800353606076924,-0.0361850344589529,-0.0983086103372548,-0.0731227831366542,-0.00661040356821022,-0.0700426261201877,-0.0883943694124719,-0.0655134592449709,-0.0162436737867961,-0.0186818274111482,-0.0481474432667018,0.00354664114772049,-0.022777230970898,-0.0921422938116979,-0.0952184867829434,-0.0467459067708764,-0.0138946002501788,0.0357610368554659,0.0177097294600251,-0.076585364777979,-0.0274530754524031,-0.0129708843732196,0.00334418709736628,-0.0103047283643097,0.0393000976394924,-0.044081253757163,-0.036499334439845,-0.0516967166368111,-0.0800302754125548,0.0804555505151383,-0.0238751842261529,-0.0863087461501329,-0.0305404790345361,-0.0214592316189529,-0.0684062111331119,-0.0426452983549189,0.0608187633882157,0.00872217717565117,-0.0333291291228444,0.0871137462790806
"SRR18568313",-0.0276006403787802,0.0119482157651098,0.0175888542166067,0.00071589784392593,0.041804410251343,-0.0506905092535212,0.0251692889609614,0.104577880445831,0.00397311497515678,-0.0327263889157862,0.00364139226175526,-0.0113249303173303,-0.0409136221962524,0.0214703166481272,0.057288038376441,0.0443580569003519,0.0513547500236694,0.0064987424736871,-0.000420182333539784,-0.0471165733099901,-0.0777732074300841,0.0172382163460897,-0.0217473441729008,0.116077827916189,0.0579485470280849,0.00277737806170395,0.0467287712506275,0.0513719406688932,-0.0178259456655887,0.0305455408486213,0.0177497565256854,-0.0253779492641164,0.0651357298946052,-0.00705243116482862,0.118560654371605,0.0663492046894681,0.0183250437961655,0.0261063433107149,-0.00514636588413519,-0.0632791450070648,0.0539987003077878,-0.0809202358735561
"SRR18568314",-0.0270827517675014,0.0197854435565704,0.00811557999727611,0.00190082104860508,0.0374505360165189,-0.057470519254084,0.0202942102622607,0.0969821403258531,-0.00363554698707226,-0.0393522115939834,-0.00447533034748736,-0.0148525649545501,-0.0440213928253458,0.0168989863689116,0.0496237396750628,0.0375223631206817,0.0422606216969853,-0.00766757723417126,-0.00441259186595823,-0.0591254525844237,-0.0803837911804312,0.00847656616250633,-0.0220693692568166,0.051858936018702,0.0606365022713584,0.00501401359231276,0.0495849101424142,0.0484422877963994,-0.0212935820944536,0.0403663858055039,0.00650096931985328,-0.0162194581258542,0.0825854678171747,-0.0151702427853675,0.130149994991228,0.0516858484758096,0.0110132698502734,0.0234326936505918,-0.00473438419628435,-0.0681848707869498,0.0615349226940237,-0.0720350298431322
"SRR18568315",-0.00874936327003639,0.0240737292853609,0.00624039285598343,-0.00806657256671796,0.0465914658352786,-0.076947076174494,0.0289587750281112,0.0901105930584052,-0.029159767622808,-0.0558381173378966,-0.00504638845962113,-0.01404525114485,-0.0548478588788748,-0.00834328396214268,0.0602337648070325,0.0181207148401095,0.014701944124976,-0.022279788759329,-0.0095107202835764,-0.0522375092117506,-0.0583157714451466,-0.0211232378972147,-0.0259230891511345,0.123960231024803,0.0763278913572434,0.00150346830717833,0.0567107023069424,0.0521498209399616,-0.0362528577060441,0.0291504024124413,-0.0233339129177454,-0.0180218945280399,0.0702576813656706,-0.0376097454981891,0.12262029409444,0.0466971468389343,0.00997016175932274,0.0274549760683062,0.0225439058782774,-0.0469709264236784,0.070994240920571,-0.0706075727781179
"SRR18568316",0.0542896947484073,0.0251274142085809,0.0250651610950354,-0.00625406779511094,0.0673575294581806,-0.106573481266359,0.0163337267359245,0.0651903072667443,-0.0518967017792699,-0.0664636497722406,0.00864655578039472,-0.00434546974079118,-0.0580158393090236,-0.0291761213455614,0.0562087054906574,0.0222804182711398,0.0142794747218618,-0.0223442674568178,-0.00339363644686586,0.0123914560383491,0.0221571795585982,-0.0410697497402441,-0.0270544571440132,0.266900749019836,0.0884845168027005,0.0068228273122645,0.118502018734289,0.0530363468018292,-0.0665982660842162,-0.065107614793993,-0.014698552741988,-0.0413528542327219,0.0643670888772176,-0.0536916391261279,0.191148409085256,0.133689990928699,-0.00440306613457806,0.0499934667593168,0.0921864528562202,-0.00152347640678121,0.113453803577578,-0.0797954734074033
"SRR18568317",0.0547626308163573,0.0281730899049674,0.0208549978210979,0.00216652886488166,0.0659699439872871,-0.111097440088466,0.0126008217645556,0.0622584379918872,-0.0593129588964279,-0.0701180531825968,0.00474561797630011,-0.00843658251224447,-0.0577322275923997,-0.0224586998719509,0.0521492824948767,0.0126839190655422,0.00266631530720206,-0.0237378305454916,-0.00488677846539958,0.0306827671033497,0.0297832562846806,-0.0486589293702139,-0.0255150574018859,0.178191121824107,0.0851506222677763,0.00444430088901426,0.129592195169087,0.0496232698770651,-0.0706786697029789,-0.0795700879755985,-0.0219316032109438,-0.0394097665808506,0.0724285201375665,-0.0601288313687145,0.234015420098936,0.238557724807237,-0.00904834271524675,0.0469619608544637,0.0941842626248547,-0.00401451163093937,0.110819521734324,-0.0793467493628806
"SRR18568318",0.056791437778268,0.0378885574884602,0.0139813511686344,0.0225826982824736,0.0639498376367335,-0.135603018199386,-0.000236677898672539,0.0522639896572874,-0.0788721554158113,-0.0783695846255397,-0.00738010790732806,-0.0181005613643628,-0.0555158531223627,-0.0655983549958433,0.0379852781921881,-0.00751305710550609,-0.0241156017688989,-0.026255436576233,-0.00907107951272737,0.070878632955204,0.0510297609123344,-0.0688008888903895,-0.0243670269771687,-0.0124374796207348,0.0815161266001221,5.80791540131916e-06,0.148885039503556,0.0399491588583569,-0.0851765546755883,-0.113158243203331,-0.0440438069043213,-0.0412860282000597,0.079695547428218,-0.0836588776710434,0.292219402448703,0.340248770244903,-0.0179423221696136,0.0367240003099606,0.100365877221972,-0.0104401569580378,0.101979987863343,-0.0676424971479839
"SRR18568319",0.0957919746646634,0.0252911171305021,0.0222715907468633,0.0429204215753992,0.0427900994112667,-0.128829667624427,-0.0412185308304734,0.0163889214842105,-0.0824988061471706,-0.0890736316174322,0.0072408810014454,-0.00938343095521958,-0.0570435189621503,-0.0324929739231052,0.00111302742213364,0.00762711189839598,-0.00839845702538599,-0.0102203338074278,-0.00271255765962909,0.0735459280518644,0.102940303259698,-0.0789085982939637,-0.0227694525192094,0.0367337570584233,0.0655947417458099,0.003880886122841,0.156175699386879,0.0062835921976578,-0.103655622886825,-0.0518886716803527,-0.0349537464126455,-0.0407086086431426,0.0909368286263137,-0.076966261187725,0.289805370119058,0.168313014331568,-0.0498411268101398,0.0662309525495653,0.134547047392296,0.0150798562613308,0.163629544668813,-0.0674884306927189
"SRR18568320",0.0856766170722848,0.0242288720941765,0.0285767738391771,0.00167595019418125,0.0465038423001109,-0.122891666549172,-0.0190768778578761,0.0308767063201619,-0.0722818770593533,-0.0835247359994759,0.00575855629584176,-0.0109208673395904,-0.0551798581966292,-0.0162612267133493,0.0178207820563242,0.0169450652635142,0.00372686319594781,-0.0143803296963777,-0.0049051549226691,0.0477870598201868,0.0799000566895027,-0.0671166575556768,-0.0240599961366008,0.0309789442873157,0.0759726088690791,0.00417505870700803,0.150579451362935,0.0256950639934419,-0.0930002289948144,-0.0751526949172165,-0.0259437991555969,-0.0441867940457143,0.0796304732202661,-0.0669531650676404,0.244886726922869,0.12429506662834,-0.0323061911660373,0.0647608663894291,0.128627726582677,0.017697944538183,0.158561032632104,-0.0733470979849618
"SRR18568321",0.103844706138446,0.0285153959839168,0.0207503131833393,0.0364038521329742,0.044605243360856,-0.137913359231594,-0.0413844363689373,0.0177819582304472,-0.0914044731241685,-0.100353807278126,0.0244760628445939,-0.00430830805481509,-0.0564230349451215,-0.00862368913113885,-0.0040793674840067,-0.00638723798422461,-0.018480347942024,-0.0155934089414697,-0.0058545082462279,0.0441369469852204,0.100683388138382,-0.0856231421608563,-0.0229441396854792,0.00935226562917147,0.0720242967915662,0.00465254574885818,0.162708273584632,0.0063501896040235,-0.109042834596538,0.00318465302887661,-0.0521521445899979,-0.0426712730294772,0.0951712976064143,-0.0849661293190151,0.321341267341894,0.312749763653097,-0.0520759074374888,0.061245243454431,0.142717214231896,0.0306744740286676,0.155579729515622,-0.0584643537175442
"SRR18568322",-0.018005198171265,-0.0277831073637831,0.0560502835582193,-0.0499166733731616,0.0244381310446616,0.00219158127256996,0.027541341219032,0.113336169403474,0.0827401033324885,0.0259298780450939,0.00910095132910838,-0.00564590370216585,0.00139285771143972,-0.0118114586540906,0.0545873002051251,0.103758304660374,0.126288209870149,0.230085575429552,-0.000679005936707193,-0.0685943008680604,-0.0717813386971366,0.0969205704840279,-0.00771703037397525,0.0682254271329511,0.0158209170302533,0.0110028098957591,0.0449351365993315,0.0639976978447882,0.0194904552265736,0.0515037304466132,0.134739762176051,-0.0474048545212987,0.0717734460124764,0.0737318321694142,0.108427706671541,0.0196064152403894,0.0387126587597808,0.0302292584410043,-0.0188633428031258,-0.0669053625797211,0.0610376521899267,-0.0813979793685038
"SRR18568323",-0.00570613318361943,-0.00985209501795918,0.040840646681377,-0.0393989678554255,0.0202522801010002,-0.0145789813045592,0.0240329217662931,0.101618932036542,0.0498151551472813,0.00353712680189323,-0.0002389454412165,-0.00786947227240948,-0.0132421213813779,-0.000363429158707555,0.0531702198867304,0.082268651651451,0.103059913984221,0.152781343575062,-0.00303530051329846,-0.0574260681423472,-0.0555692049287281,0.0704319149790619,-0.0164614430044009,0.0422039105353016,0.0302435523919999,0.00999517843050611,0.048662419280314,0.0563966145283456,0.00751586944843897,0.0476544140183976,0.0921568937869413,-0.038365998481292,0.0699819430503803,0.0409452021481025,0.0888260945516095,0.0135479694780951,0.0258323234616016,0.0277979716077646,-0.00169625191772114,-0.055687790630336,0.0591634300337883,-0.0715216452078209
"SRR18568324",0.00280465950150704,-0.0164056140878088,0.0424566677584856,-0.0163477973961372,0.0331743496540655,-0.0145741102394416,0.0232405191580865,0.096574578876255,0.0447010635931411,-0.00628266248492267,-0.00124576901370551,-0.0111731150283337,-0.0231479433075582,-0.0124222126124755,0.050002310273206,0.0840885100531554,0.0938612712260278,0.185739700040109,-0.00686055973428118,-0.0252566990272476,-0.0316936158226519,0.0692174571283781,-0.0174872485111539,0.0531159010718058,0.0273764771569137,0.0100926933582203,0.0528151265597345,0.0542895486633132,0.00588266593407993,0.00774862488253341,0.106807846035976,-0.0412902440313206,0.0569847211754154,0.0430968862445555,0.120258892838076,0.0160523559115587,0.0251023914222305,0.0369419412297871,-0.00575097586298142,-0.0680889414129316,0.0778267302465035,-0.0809635444509735
"SRR18568325",0.0160244424899043,-0.0110196385397149,0.0467120264561135,-0.0244184316455457,0.0437235038850109,-0.0348172248212638,0.0141869374143348,0.0839765653221145,0.0545185962935366,0.0122117176907752,-0.00231140858791607,-0.0152121730681153,-0.00150533228355678,-0.00912019763876326,0.0498505617607283,0.0683895515644649,0.0820089357983517,0.313242033534911,-0.00521489492397792,-0.00442233922340601,-0.00880361584076213,0.0656014061218696,-0.00387581068623632,0.0230023084417896,0.0373400184460177,0.00629751263273394,0.0891576651547575,0.0480027714968467,-0.0160339351053032,-0.0493386293092884,0.130498820423242,-0.0474660869399804,0.0787316764616315,0.0333821506799908,0.164402331518148,0.10335524847357,0.018846035852163,0.0344111144509226,0.0207218191655204,-0.0403134707213315,0.0641524817605332,-0.0835170372041544
"SRR18568326",0.021854940950705,-0.0145133344445954,0.0480794747251595,-0.018839994244127,0.0455969236777836,-0.0321195927377132,0.00982103640879777,0.0822136127439719,0.0515777680773208,0.0106255155519425,-0.000885600860622735,-0.0170384264626324,-0.00375427229047748,-0.0253167770729537,0.0458363180006447,0.0691531798782612,0.0800481207056314,0.312346134138646,-0.00707023892425069,-0.00795064597308806,-0.00687314886716523,0.0670211443844492,-0.00228720983923695,0.0334863524182404,0.0359715458178769,0.00434979842587084,0.0863481120033043,0.0434012798270114,-0.0175568736523478,-0.0338469773587454,0.128079392562957,-0.049211906588701,0.0736999880527513,0.0342710437142867,0.152376411195131,0.0292548086133453,0.0211155278398025,0.0379401307293687,0.0293016124768905,-0.0386539392110916,0.0665417842866895,-0.0839103250082137
"SRR18568327",0.00598438369511248,-0.00265462301154702,0.0408547643126725,-0.0400012248231876,0.0471484764689886,-0.0545192103143845,0.0159142768367821,0.0995321146275842,0.0487423555742765,0.0120291843071749,0.00122554607769326,-0.0139446811973419,0.00029966469751054,-0.00697598457782562,0.047930004151686,0.0703966307073032,0.0829187181004501,0.321330945673533,-0.00873222101095444,-0.0242853524100458,-0.0329293837597477,0.0656717207560609,-0.00386052256088427,0.0101893865772722,0.0439534459420107,0.0028488264951284,0.0895505082498628,0.0633395588400537,-0.0181269093272408,-0.0860477320784239,0.127979999742766,-0.0484390884217944,0.103069162976623,0.0392031096292672,0.217054455683854,0.183146965109327,0.0186398785559098,0.0288726711262504,0.0194682357859518,-0.0375317906549692,0.0697062549622715,-0.0834507174735907
"SRR18568328",0.0949809480798763,0.0245116829900343,0.027415667138487,0.057018895462689,0.0469059453594098,-0.114796642641711,-0.0329877174782221,0.0171231833444268,-0.0671826688967854,-0.0796758498960561,0.0203156532026242,-0.000593350433644054,-0.0531553213051301,0.0220899212493344,0.00207828471135261,0.00182238871423214,-0.0107811021419703,0.104149656608616,-0.000282807178667429,0.093310523501539,0.119630846605414,-0.0491411655453672,-0.0211232103916168,0.236831490858347,0.0632385579595636,-0.00331666128051527,0.165235339569459,0.0043157214006761,-0.0976474643236733,-0.0734636923772087,-0.00264261278200381,-0.0436581030564351,0.0710431508449224,-0.0689623717656822,0.326561322302085,0.231526309170041,-0.0410891361985,0.0614889447335431,0.126877328402792,0.0032000474311987,0.141876669583638,-0.0672304845139916
"SRR18568329",0.0804606665790679,0.0198432196520598,0.0363990474281702,0.00146824423200677,0.0478883858146961,-0.0968591280802435,0.00706139466649691,0.0381688112318586,-0.0464265524679215,-0.055978968496275,0.0557002929756584,0.0214467026241342,-0.0390638160544758,-0.00794189189473605,0.0267595836461542,0.0138687335728411,0.00468494506961061,0.143632896206269,0.0124122563556994,0.074917869471835,0.0886159648194195,-0.0251563587701591,-0.00938519229217735,0.565888104436248,0.0675643764339085,0.0258648466292929,0.172275029777505,0.0276510410279897,-0.0770832614139129,-0.108469529226173,0.0318369301293389,-0.045855144401436,0.0538284750416256,-0.0489730541013763,0.325095700819575,0.258327156995419,-0.0156169360281121,0.0597526245976315,0.11773386213572,0.00504143526077018,0.126581122494096,-0.0675412090294509
"SRR18568330",0.0881233024723305,0.0226687122128675,0.0322671634024031,0.0347521680603594,0.0468593528994031,-0.10970864338166,-0.0175537782967841,0.0305698118927214,-0.0570156438960668,-0.0705544164083538,0.0396445953205072,0.0168571977028118,-0.047992163760619,0.00235138005667098,0.0121481059040623,0.00705503049758913,-0.00180861083021297,0.125769794144222,0.00891679582550338,0.0912687366377028,0.106364640317773,-0.0397963368362787,-0.0126842741090537,0.506761721975413,0.0665280298441126,0.0134247640698906,0.164308226281972,0.0135113222858061,-0.0883695129543672,-0.0786435556968573,0.0104677840700385,-0.0435088292128628,0.0678978839536135,-0.0642436921980731,0.322073801304757,0.250880572254191,-0.0317176858868372,0.0613586082191983,0.124110610599339,0.00382859735138722,0.136829791692285,-0.0685424176650034
"SRR24107301",0.034035365793612,-0.0965487244893675,0.0438402178792467,0.0764451838160088,0.0130392603876083,-0.0469281886359845,-0.0521067815570324,0.0300062807971233,-0.00778753878740268,0.00861245084907756,-0.00661950916042921,-0.012052409041639,0.0389238901815188,-0.0014354813798843,-0.0461048812385566,0.0540503039215579,0.00672570525530801,0.0207445088578439,-0.00720844857549926,0.0660493020024589,0.0531324196323442,-0.0346961107547408,0.0353972484943534,-0.0143778051183835,-0.0654776508488118,0.00111526180463491,-0.0616287347662233,-0.0188697826271327,-0.0803585387286935,0.0513684169477144,0.010435862229996,-0.0411986268170347,0.0228886545376558,0.034775457712447,0.00513464342473811,0.0435385072118159,-0.0269540531193602,0.0919303093240548,0.0135783053783572,0.0268742302046487,0.0919317351808538,-0.0600301851868696
"SRR24107302",0.0347250485519071,-0.0974465678366555,0.0447520116401418,0.0750123144391223,0.0146981457029978,-0.0485174163553455,-0.0536556538430489,0.0282143416683471,-0.00663435777671528,0.00795811196633043,-0.00698357528339055,-0.0108526654952885,0.0394054853195015,-0.0205248950063974,-0.0462461181774406,0.0545249054685752,0.00752358225853057,0.0182494513903292,-0.00457759680476328,0.0560021757236169,0.047960423852795,-0.0344862972411733,0.0371297200878596,-0.0160445186900359,-0.0664648313621968,0.00625766546054354,-0.0614671420012469,-0.0174255057466705,-0.0796268532621976,0.0580521140501902,0.0129707389644916,-0.0429432927698453,0.0239422920549567,0.036559877320058,0.00495170096764272,0.0397948047038864,-0.0255393546279418,0.0922154270813913,0.0164902938559126,0.0287537477268401,0.0940835985360784,-0.0664288259715255
"SRR24107303",0.0397368798458593,-0.101775152150981,0.0516433540525646,0.101636302789764,0.016854900750303,-0.0362751851000637,-0.06976200200096,0.0280604595304667,-0.00134718243023117,0.0266429754081347,-0.00870440847642937,-0.0134524197053166,0.0571975710104579,-0.0306951880588702,-0.0493044593079854,0.055659550052953,0.0077868503944386,0.0346894560923744,-0.00766255996062114,0.0887650022082315,0.0737735271571629,-0.0331221605484341,0.0510499140180901,-0.0204179135991025,-0.0700432429764175,-0.0046583572977184,-0.0600434818949776,-0.0308635034583331,-0.0843723925086164,0.0104307068093482,0.0152349620776134,-0.051229433915345,0.0164059011944761,0.0286848278043194,0.00350115474448156,0.0340975718353483,-0.0292545959720709,0.0959956479269301,0.0226019221163406,0.0222768076808516,0.0967187770238943,-0.0667974865302972
"SRR24107304",0.0365320757596962,-0.102866430224512,0.0520323674672784,0.0909591141568363,0.0153212718885283,-0.0308929064885296,-0.0632057725336128,0.021762032923131,0.00697164677367339,0.0294736941553262,-0.00416916319500554,-0.0113505258525435,0.0631129857596207,0.00383078003270813,-0.0516859169662012,0.0590130468991451,0.00930611024046837,0.0365050093473776,5.92702356971916e-05,0.0838860694072416,0.0637669562158322,-0.0305274059828016,0.054714104612748,-0.0171803186655831,-0.0725537884239382,0.0093645623165129,-0.0535115157226735,-0.0306170367229903,-0.0790560524501013,0.0409658842804857,0.0202578701040918,-0.0467403642359192,0.0204813862632531,0.0387508439614442,-0.00338605506685746,0.0387778103175063,-0.0290728699866458,0.0970969096456755,0.0213663469032246,0.0242934478925722,0.0987411253157283,-0.0637542915574519
"SRR24107305",0.0721449764963866,-0.0913987600073074,0.0527213617897292,0.0788460678170544,0.0209447956580933,-0.0332588285374843,-0.0459370076168349,0.0207212354965711,-0.0160548743936299,0.0127084515032122,0.0040631663540737,-0.0118446720291705,0.051510537700962,0.00332234276505437,-0.0342271327025343,0.0519371333817232,0.00356922343329244,-0.0116284154035272,-0.00644521839241395,0.0803197325626782,0.085579617113995,-0.0503134321638321,0.041968777074423,-0.0119560886793704,-0.0472607630950422,0.0214746956849819,-0.0527340871629248,-0.0129590248455777,-0.0821799801188085,0.0378937229208392,-0.0188180218349816,-0.05024575129615,0.00737655619212041,0.0117085011964001,-0.0086138271382937,-0.00375331553276258,-0.0208187233490053,0.103862641180817,0.0639860283713692,0.0573694454784302,0.117462586099969,-0.0729589032643774
"SRR24107306",0.0721802166074824,-0.0914692469532954,0.0525267654306489,0.0784957984262228,0.0213707926230474,-0.0306293762735874,-0.0470904126963977,0.0224276988647571,-0.0165001684320631,0.0150866677291849,-0.00194711751183558,-0.010382916122185,0.0522154264979174,-0.00905886605451531,-0.0331064804663959,0.0524961463130903,0.00320600929026911,-0.0140195307301878,-0.00774936140108274,0.0809489565498365,0.0858450926783458,-0.0491365649904775,0.0423832719596425,-0.015499172089688,-0.0474838977866598,0.0203970323008277,-0.0548147180786623,-0.0137286882160654,-0.0808483579818767,0.0318422965059809,-0.021017627627856,-0.0504159000347593,0.000734513317928532,0.0128869630490391,-0.0112093610650411,-0.00483186691259239,-0.0206350329451938,0.10310672085078,0.0627635594467359,0.0568403253483654,0.115039755952201,-0.0716193545561951
