"","MEblack","MEblue","MEbrown","MEcyan","MEdarkgreen","MEdarkgrey","MEdarkmagenta","MEdarkolivegreen","MEdarkorange","MEdarkred","MEdarkturquoise","MEgreen","MEgreenyellow","MEgrey","MEgrey60","MElightcyan","MElightgreen","MElightyellow","MEmagenta","MEmidnightblue","MEorange","MEorangered4","MEpaleturquoise","MEpink","MEplum1","MEpurple","MEred","MEroyalblue","MEsaddlebrown","MEsalmon","MEsienna3","MEskyblue","MEskyblue3","MEsteelblue","MEtan","MEturquoise","MEviolet","MEwhite","MEyellow","MEyellowgreen"
"ERR7738945",0.072632932678058,-0.0337532996980044,-0.031323825139716,0.029621811659427,-0.0263790446536183,-0.00614158724184779,-0.00301512034334263,-0.0189654515583889,-0.00383076560013739,0.0971363427153381,0.0422749341550063,0.00337927141307672,0.0511525274492937,0.103358257806794,0.0857708078492017,-0.00468681414765613,-0.0185402977697819,0.0995820359590235,-0.0153987316120788,0.0361060150135367,0.0372272240757029,-0.0100314612127751,0.00687768332973943,-0.0554514557440609,-0.00932974858187003,-0.0180391260961892,-0.00574728429036206,0.0534192642317221,0.00311356821531872,0.0689754931845928,-0.0182728028617774,-0.0853642302780381,0.0154039190980801,-0.00397379384354923,0.0132109756072515,-0.0056756920092866,-0.00524635046126165,-0.00669131186297212,0.0185611859953552,-0.01189623771611
"ERR7738946",0.0726592231989412,-0.0337738761939168,-0.0319334167112395,0.0270901948830314,-0.0268979761989675,-0.00872586906680273,-0.00199164194655609,-0.0165827591526782,-0.00437338787934244,0.0969098813491414,0.0436321999657169,0.00341244497518917,0.0496100024440863,0.09375292248607,0.0852117984439822,-0.00593313899581638,-0.0174080447752418,0.0997741166713105,-0.0150307967013832,0.0337397241055917,0.0367627514389577,-0.00752438156604129,0.00695151362424395,-0.0557608466774573,-0.0112079112144398,-0.018762313154543,-0.00705502905366184,0.0526601343343842,0.00394222548746337,0.0687499489907683,-0.0168426887441725,-0.0857030567285501,0.0164624183525113,-0.00732076287774164,0.013431700845121,-0.00514254290012595,-0.00633810921012962,-0.0101813857816049,0.0189772123945539,-0.0116809479111347
"ERR7738947",0.0642998626420242,-0.041951957242277,-0.0265942686177394,0.0262297936749145,-0.0419725300894803,-0.00256653424991826,-0.0449503172664234,0.0120301650233223,0.0133820919321268,0.0667471798203892,0.0276606694121963,-0.0146282838675704,0.0448885171911667,0.111664723631076,0.0806533638111308,0.0563030556513445,0.00275288536115859,0.0888935728525962,-0.0182457022097875,-0.0150522696152804,0.0202570572276633,-0.0179282149106591,0.0163634190808172,-0.0428008528634369,-0.00308058302854441,-0.0244848129268542,-0.00287796804100893,0.0373203269641422,-0.00248844502064172,0.0554626962126976,-0.00987056106546537,-0.0688181176345475,0.0233855055490355,-0.00795456724983804,0.0365340848409242,0.0115809497684812,-0.0151178835254543,-0.195313852595446,0.0234998105876927,-0.00756864627683675
"ERR7738939",0.0117690662994651,-0.0233936773032476,-0.031738497641131,-0.00393372347993626,-0.0454210471413898,-0.00711014292210238,-0.0179159561742582,0.0526486833212565,0.0208538327537754,0.0433487043432464,0.0353884071989451,-0.00969933085465158,-0.042819057659346,0.0244678013066655,0.065916282383873,-0.014634138385301,-0.0158695494486409,0.0811425171880073,-0.0367425191058612,-0.0424547963055985,0.0379555069152998,-0.0144356150854488,0.07794732078203,0.0147652677828335,-0.00986067627956649,-0.0263958084149719,-0.0127494885116548,-0.0260754097680913,0.00246685409658258,-0.00580713703677868,-0.0120231649095962,-0.0177454529299414,0.0144670502484761,-0.0145627110586358,0.0273132016832821,0.0401681986642672,-0.00240423010454425,-0.05549574149535,0.0162722849426285,-0.0109347107639069
"ERR7738940",0.01411993149733,-0.025797579603613,-0.0326170444851002,-0.00061669434786322,-0.0450344322983484,-0.00945851896359922,-0.0184922457210483,0.0519296332888707,0.0232762530950044,0.0440980500066304,0.0352314738764018,-0.0086885079953028,-0.040789107149714,0.0295471423919013,0.067742541013359,0.0146055974088895,-0.000948627612352859,0.082924627546941,-0.0370984710160344,-0.0450775226874215,0.0363945132069341,-0.0139654598471814,0.0755730917251044,0.0149035570231735,-0.01210535661477,-0.0271921510951826,-0.0122755673026089,-0.0246637186440744,0.0121712218741844,-0.00496073137407765,-0.00792587714559022,-0.0200714080696242,0.0142526810506127,-0.0134686000926572,0.0296127008728775,0.0408720350860664,-0.00139741998066366,-0.0603880136919723,0.0160542690934557,-0.0119511984630525
"ERR7738941",0.0120841639343449,-0.027588089805633,-0.0360835817637376,-0.00132570102553882,-0.052718321353246,-0.0109274482434338,-0.0139191475699847,0.0421547877704025,0.0248621007176616,0.0403042689894518,0.0297553385096763,-0.000430339706135137,-0.0465002757861074,0.0163645371278196,0.0600002259371299,0.00871393309069895,-0.00372219691458802,0.0780397479291208,-0.0353871359467997,-0.0434551196867359,0.0722502582900549,-0.0158958839209179,0.0994220868772059,0.0127383411653953,-0.0182903680812816,-0.0263422759453858,-0.0161156308957723,-0.0300596128904152,0.0119679471848113,-0.0125491973677814,-0.013450037316775,-0.0234140386360573,0.0108583534130395,-0.0187542512475707,0.03206629346012,0.0467395481555014,-0.00768955878629418,-0.0573046307384222,0.0231831993490201,-0.0118420650585589
"SRR8689382",0.0597213982116619,-0.050909710236071,-0.0472588606973201,-0.0157484448688402,-0.0337785854775559,-0.0156086285469044,-0.0393940952126729,-0.0532415205915626,-0.0197513740016497,0.0129968610683047,-0.0283578177724699,-0.0490651619346428,0.0124029339883634,0.00715919596621618,-0.0238495222407878,-0.131196649061364,-0.142093678012716,-0.00682142012923003,-0.0606943342425155,-0.102772520327953,-0.0229502666365219,-0.0191012247753836,0.0371074319683983,-0.0926096670767359,-0.0185089445447175,-0.0214268596324124,-0.0215710612362101,0.0150949777321357,-0.0257707215217131,0.0331211532743794,-0.0203276939168899,-0.0513458389833195,-0.123363009930469,-0.0188631911701035,0.049418252224153,0.0387844622133123,-0.0264547436449732,-0.0237754256619005,0.0114388671819149,-0.00981508032955178
"SRR8689383",0.0585083263355915,-0.0500988605385765,-0.0496344927035662,-0.0141224170959965,-0.0315578341261155,-0.016961546201371,-0.0405527184450326,-0.0553032150528318,-0.0222853377102727,0.012521529389555,-0.0306932099297223,-0.0489734112727517,0.00822579516949177,0.0109136985409372,-0.0232376933021113,-0.139609390103628,-0.144578117408721,-0.00643634835670459,-0.0599957526542342,-0.098644281071263,-0.0254179206136763,-0.0174218828134707,0.0371099539092883,-0.0907317121154522,-0.0194586911936883,-0.0233834321217933,-0.0223198394948848,0.0144030562402301,-0.0237833774381586,0.0316773361106567,-0.0172094192743503,-0.0518773144794605,-0.117796045584073,-0.0182005061052642,0.0472568001695317,0.0382913406793375,-0.0304575284423657,-0.0012732614074395,0.0092113136855707,-0.0133231283959895
"SRR8689384",0.0609226767951219,-0.0501645143393635,-0.0497592281902873,-0.0152357360780247,-0.0309071382340724,-0.012745899975021,-0.0336356059834664,-0.0531077816302531,-0.0206603547336361,0.0163147337571667,-0.031956368950475,-0.0470855922579038,0.0096098136668746,0.00821439572678531,-0.0246522379345739,-0.152121314542556,-0.155336423548241,-0.00784572645629045,-0.061429359527724,-0.0972041174604382,-0.0219760237298643,-0.0158485648486549,0.0364682259676419,-0.0909438318840266,-0.0197139855577886,-0.0245303691186224,-0.0207241275641638,0.0134962328445374,-0.0327816796473726,0.0308209476094456,-0.0183120032444061,-0.0502418815921106,-0.122316317628166,-0.0206321232575914,0.0458543438906037,0.0372085094804257,-0.0276442484785983,0.0258441095105828,0.00903816027884675,-0.0137021983380402
"SRR8689389",0.103410114759228,-0.0597240141922794,-0.0541320103589204,-0.00619057266190562,-0.0424771860969937,-0.0157561017496364,-0.0578958105847698,-0.0925843136083665,-0.0304141995647692,0.0474056769721137,-0.038365911011802,-0.0350086272156824,0.0782811677038005,0.0381833121147511,-0.0225926851115089,-0.0892667908099068,-0.114561913515624,0.0125401726028189,-0.0411985509892711,-0.0893710541810245,-0.0191184066325519,-0.0205195283004207,-0.00314084869882607,-0.139634222055281,-0.0193581517308654,-0.0129495811299697,-0.0119657962457028,0.0799017745231638,-0.0380279673573412,0.108333789925426,-0.0207204564027366,-0.124349284558943,-0.142259999714254,-0.0161805483325619,0.0571523759837682,0.0173549441168155,-0.0404066490170559,-0.0859684524333683,0.0328462335573164,-0.010311586981708
"SRR8689390",0.102758818933069,-0.0585631960984672,-0.0549989146492298,-0.000419555008971279,-0.0389033517333483,-0.0128675884380801,-0.0425336146275394,-0.0931312094485467,-0.0308259113497352,0.0508280677702771,-0.0372061141204297,-0.0344091627018782,0.0725766653307234,0.0197317661768032,-0.0243918135659428,-0.117285129029118,-0.130610961181419,0.00835335652356291,-0.0423275801891135,-0.0830809460568566,-0.0167162953224572,-0.019147530770397,0.00464673371246208,-0.136890625212565,-0.0224471363925338,-0.0189883835630877,-0.0138044185931112,0.0748299078316322,-0.0269636298781247,0.10485172083466,-0.0244992250375145,-0.119223728495159,-0.143747060768567,-0.0210660860531679,0.0513367674502304,0.0154655997842026,-0.0405692858745154,-0.0400530302483405,0.0277839004898973,-0.00970882292637531
"SRR8689394",0.0964922613609775,-0.0635048778784464,-0.0555137504252719,-0.00638023306481215,-0.039579702366737,-0.0134504672822601,-0.0550756357621093,-0.0918288630309387,-0.0219739202840673,0.0389014082308993,-0.0421296392799021,-0.0460427238900651,0.0669254807941567,0.0270118797389572,-0.0274533075584632,-0.0962644021611678,-0.131619558817218,0.00602278592146008,-0.0389874657772493,-0.115632467645859,-0.0359974541661724,-0.0205195283004206,0.00293186133055853,-0.137570409413582,-0.0148992541642354,-0.0146340343281459,-0.014165733319797,0.0696695555442548,-0.0392589143791632,0.0964205048413444,-0.0194869728550054,-0.118441403257074,-0.171937635779835,-0.0171412692494812,0.0648089529680405,0.0290681925846621,-0.0425051664611863,-0.0967189734866434,0.026936433557326,-0.00858872637803979
"SRR8689395",0.0961011900765044,-0.0605913539952094,-0.0590340698763959,-0.00731748766767034,-0.0325276124591607,-0.0150337071176696,-0.0292737127498061,-0.0933564822915639,-0.0216946443676831,0.0422689053762536,-0.0412469644046658,-0.0434049612486081,0.0534958167525297,0.0116281176267385,-0.0314793830333294,-0.147459389767867,-0.1642558441133,-0.00285907489260279,-0.0448167336172981,-0.104550515594644,-0.0354259218387939,-0.0205195283004207,0.00951727847256722,-0.134925990188543,-0.0171689910268697,-0.0232444766678645,-0.0168420384903606,0.0630963423171109,-0.0293252506922719,0.0891772032236261,-0.0315213293041346,-0.120208723252042,-0.172033344978795,-0.0198523117860622,0.0550570557581211,0.0263449482790222,-0.0409173580074469,0.0154568516852902,0.0179567105729703,-0.0128169870161229
"SRR8689396",0.0966511538176313,-0.0592929535265587,-0.0591381939632634,-0.00742189137174449,-0.0322728306478183,-0.0152220769664011,-0.0297900318619188,-0.0904262917216148,-0.0227032995701022,0.0407283185636171,-0.0440063537525453,-0.0422441774747674,0.0542983980287476,0.0187482682473569,-0.0331516001254989,-0.160060610303321,-0.172636016402323,-0.00187224066138736,-0.0451872700080922,-0.107984308543922,-0.0338412399865572,-0.0170503147205832,0.00684264913428035,-0.133944047741677,-0.0208942513412655,-0.0231981989473392,-0.0148063025692197,0.0633846754371374,-0.022238005442639,0.0897852126612859,-0.0262832541095699,-0.118288685316801,-0.167511818601084,-0.0208397785704387,0.0567949877172431,0.0258898902820089,-0.0410998664943158,0.0293841344720949,0.0169109569814907,-0.00847122333395107
"SRR8689400",-0.0149152160789318,-0.0312711303058704,-0.0351607224884394,-0.0184599201370448,-0.0160835851973478,-0.0115551699182503,-0.0276241814679188,0.0085209047292239,-0.0141370451928492,-0.0637462337127435,-0.0264143016950872,-0.065273119025815,-0.0652713706041299,0.0271496336046833,-0.0275635472740158,-0.129887514991803,-0.124450377416939,-0.0451942553004801,-0.075667907014472,-0.105176615823254,-0.0207875614649132,-0.0205195283004207,0.0787309349397697,-0.0288927851725925,-0.0164599529429006,-0.0226023505857127,-0.0169799663846488,-0.0686197603843303,-0.00585428937202141,-0.0535837579371362,-0.0032781823828349,0.023247281084728,-0.0654652223993763,-0.0193588114549496,0.0273148158443867,0.06397916242601,-0.0212520725039682,-0.0424841204260427,-0.016025699709944,-0.0175299959259034
"SRR8689402",-0.015962107087503,-0.0317260931457508,-0.0364853823335079,-0.0219504320361518,-0.0179581566308141,-0.0146689812897708,-0.0263736834009443,0.0141797109724224,-0.0144779486878286,-0.0599010590574391,-0.029605191481269,-0.0659129758601386,-0.0662664941359277,0.0169929187665227,-0.0285723279953451,-0.136169216017946,-0.130317792609515,-0.0439438221616818,-0.0772897999100094,-0.103672412448104,-0.0205175081381421,-0.0138023938457701,0.0779511334195278,-0.0281586250080681,-0.0152163003045085,-0.0207159529236546,-0.0184056282608697,-0.0682385929173152,-0.00796748746747009,-0.0553858083973644,-0.00407308929572589,0.0219665551692071,-0.0644701224966705,-0.0153370253446551,0.026026580575893,0.0643200681799878,-0.0241228450996816,-0.0405261344624757,-0.0175047951303588,-0.0144531433993678
"SRR8689407",0.00630309118855048,-0.0457139559080103,-0.0432561144184012,-0.011632814780902,-0.0372157287880653,-0.0117852761514163,-0.0297657212934313,-0.0255424847349319,-0.00612947600284491,-0.0172436466260802,-0.00635808159976585,-0.0640514856114807,-0.0494754809381077,-0.00521940197592281,0.00936731392607768,-0.162004789750454,-0.176110736843683,0.0137127369359922,-0.0795631167848623,-0.137070931000611,0.00141212520331804,-0.0178946443613684,0.0888812679742255,-0.0578018004849212,-0.019261237331839,-0.0304590311444223,-0.0203344990324028,-0.0561649797899853,0.00420930595521462,-0.0334990095426807,-0.000545331981222871,-0.0101771210242509,-0.121121947437529,-0.0181945183480643,0.0567384544486822,0.0567356270152,-0.0187243585861912,-0.0292640478766881,-0.0074579456174882,-0.0119942525246316
"SRR8689408",0.0070117741092734,-0.0462767945402465,-0.041787258669316,-0.0200377656806215,-0.0398352894112259,-0.0129030058823305,-0.0306367958279481,-0.0222468925672761,-0.00548038461789511,-0.0176491607722175,-0.00804231039864919,-0.0629715660384065,-0.0469268450709376,0.0126990182731945,0.00870969760621534,-0.158211823603014,-0.172672574948445,0.0125630251714148,-0.0782341475455773,-0.136379303890831,0.00280814030804154,-0.0150219219572005,0.0876587584608373,-0.055790969118921,-0.0176895838340368,-0.0322209444013591,-0.0187038708797769,-0.0519446662441327,-0.00777859366758358,-0.0332831887441412,-0.0109290373423466,-0.00529199843456444,-0.117774916163391,-0.0154255370864083,0.0573289650820544,0.0569294364662755,-0.0187520831147715,-0.0521757515753135,-0.00713031942030432,-0.015727114085738
"SRR8689412",-0.0193761093898156,-0.0388099848417346,-0.0431500168286275,-0.0209176898365916,-0.00759623109340661,-0.0181267815325491,-0.0167492569301507,-0.0185575918758962,-0.0200854577025681,-0.0633007864137419,-0.0301494932170709,-0.0763745640052984,-0.0726402137572,0.00706857435368949,-0.0234944888769052,-0.109678643277585,-0.102308151590802,-0.0391530008270462,-0.0867657288285169,-0.0902662177401917,-0.0260510596017689,-0.0144082588620919,0.080322924245241,-0.0541165057540297,-0.0221868349310077,-0.0256814344296477,-0.023554335442627,-0.0768443908557812,-0.00407552788869437,-0.0552833214772958,-0.00275948995102455,-0.0236400738809548,-0.076053555448113,-0.0218636896361884,0.0241205081767686,0.072375467627854,-0.0265318553806061,-0.0357535747077001,-0.0293782361452707,-0.0136769442174788
"SRR8689414",-0.0195224300910203,-0.0376993623119165,-0.0421495411666448,-0.0201131232617814,-0.0108191058346349,-0.0148147828483706,-0.027735372873625,-0.0172553013538194,-0.0179637757360992,-0.0643022706660133,-0.0305995988524242,-0.0758591044330361,-0.0712747469676254,0.0309347410991891,-0.0237322706097762,-0.102874419242895,-0.0962135963571629,-0.039003965159479,-0.0837395292307974,-0.0933479261123934,-0.0269154730948515,-0.0148174244110015,0.0786153948814454,-0.0529265593217032,-0.0150649142486767,-0.0245331185829097,-0.020794656594177,-0.0777623093313224,-0.00638348732707145,-0.0546555328856941,-0.00787068592165708,-0.0224608559889763,-0.0782004230566312,-0.02288234528002,0.0264014870824615,0.0731424423082874,-0.0243755625006662,-0.0532854082116072,-0.0278137960338242,-0.0148133817485637
"SRR8689388",0.103079739644873,-0.0581776259846254,-0.0542626038825127,-0.00692139109721734,-0.0387411022981949,-0.016126757897459,-0.0454731105891329,-0.0940200013224404,-0.0341601452758657,0.0487896570963872,-0.0355387374248155,-0.0359909463230495,0.0696610420072408,0.0240145161284056,-0.0235865243739588,-0.126962445870606,-0.141572215283402,0.00788518852273249,-0.04361795144984,-0.0817464841302568,-0.0175353473934416,-0.0192933100242629,0.00051106640738046,-0.135686123677656,-0.0197556135070796,-0.0205490731008201,-0.01308169526944,0.0740273980364055,-0.0341761933504615,0.102264687335258,-0.0275536033278405,-0.117098128100408,-0.144105373375921,-0.0217441470615853,0.048737727479281,0.0143016048713915,-0.0369763243174458,-0.0268375399928822,0.0235697094301154,-0.0145794555734107
"SRR8689401",-0.0149060507264129,-0.0324791975326547,-0.0359920503140718,-0.0135647600494365,-0.0178274986531461,-0.0137318481274183,-0.0362031448717899,0.0156528969126509,-0.0141058493252903,-0.0605604937212074,-0.0282226696273828,-0.0667740016228738,-0.0601530184848326,0.0200213633727387,-0.0248004889373499,-0.116738553434926,-0.119310258175034,-0.043737428953245,-0.0753909079575812,-0.107664598471339,-0.0209591309937713,-0.0168953366108975,0.0796797658375246,-0.030286715332624,-0.0163096401228739,-0.0193570749545796,-0.0171072188384412,-0.0641385386431136,-0.00500312636803349,-0.0544636147550184,-0.00018289289846013,0.0184685328043883,-0.0737559906126206,-0.0174709224868999,0.0302003067693457,0.065657239072584,-0.0235215277234321,-0.0802636196804712,-0.012163292282378,-0.0091215847506337
"SRR8689406",0.00627937520131551,-0.0461310629145272,-0.0403240793792817,-0.0174987109543278,-0.0378172795000705,-0.0134089506204169,-0.0303882395558672,-0.0247322152152855,-0.00381450353734916,-0.0182910652114514,-0.00607410821574496,-0.063749610064031,-0.0477534794087122,0.0119150541142536,0.0110805359230821,-0.149840479977457,-0.168259477459329,0.0143986654318397,-0.0785823875979106,-0.136869177768984,0.00378201832518969,-0.0146902763672921,0.0870314906002629,-0.056193132037446,-0.0138027203658765,-0.0316331957202782,-0.0183654227293154,-0.052718138288147,-0.00793902368549505,-0.0339361422023966,-0.00948850087415027,-0.00321156791383232,-0.117426482910466,-0.0161408049838243,0.0565399436146549,0.0577445490028103,-0.0185988631440252,-0.0739490919065213,-0.00669646853310024,-0.0107446828439188
"SRR8689413",-0.018522445508477,-0.0388277018106416,-0.0425421360381833,-0.0188790159196417,-0.0121787081762854,-0.0129312143428663,-0.0219363279097765,-0.0161022904440279,-0.0180873532467277,-0.0652386886904055,-0.0267590674835175,-0.0774131903772033,-0.0690314736320131,0.0301512587125813,-0.0222160685806105,-0.0989618115859106,-0.0954578290618668,-0.0377152685609771,-0.0838173696457298,-0.0954411576297333,-0.026870426130851,-0.0189379017443509,0.0784691207347802,-0.0529829428340415,-0.0201377697455133,-0.0240230163568127,-0.0200405263933929,-0.0742556142985319,-0.0088533430127524,-0.0524914356764224,-0.00529039927734999,-0.0205099574330874,-0.0752334200158321,-0.0221223481600691,0.0255020930975677,0.0725502016309911,-0.0241245951812609,-0.0664509300272134,-0.026182484686457,-0.0153189707535018
"SRR8800677",-0.0779938367138701,-0.0429807271903503,-0.0514459540110655,-0.0236900325403562,0.154125719499565,-0.0197456945258878,0.124495349948132,-0.0558073924996031,-0.0675699244704001,-0.104224679481698,-0.0242763111061323,-0.143914976471677,-0.132378167666917,-0.074340751862346,-0.0534257843646136,-0.00526507392445809,0.0348329377888,-0.101948496542376,-0.0942775819052345,0.0628506135948487,-0.123499140875144,-0.0205195283004207,-0.0457307870701524,-0.0794370991934941,-0.0242944932942476,-0.032236127216632,-0.0333750824565482,-0.136651324586083,0.0310905031188608,-0.10792461337605,-0.0336997441397849,-0.0235589285034466,-0.0021759969487541,-0.0314594941626414,-0.142145968549479,0.0844027930628857,-0.0332436012391563,0.0400089571953066,-0.181445559166231,-0.0184533406779231
"SRR8800678",-0.0777889449185832,-0.0451569442979393,-0.0514095050089291,-0.0215640912486297,0.156490049867126,-0.0197739768806409,0.127129261172982,-0.0582165049298355,-0.0701593258835375,-0.113219846113751,-0.0239839591520586,-0.145270688366757,-0.140415078233922,-0.109395343005413,-0.0517072614500588,-0.000975254282432729,0.0456184304481776,-0.107998969263829,-0.0960313578689966,0.0618793036212146,-0.124920248509079,-0.0205195283004207,-0.0496079029548832,-0.0828992561464352,-0.0262852351613039,-0.0376674487221381,-0.0349214600507109,-0.140268269657505,0.0389284976165509,-0.106556287304194,-0.0191489941834323,-0.0210896116357247,-0.0113558847065234,-0.0317925169134701,-0.141172462979833,0.0857953331292915,-0.0335477046354837,0.0390222047984599,-0.181272852365533,-0.0161826437787008
"SRR8800679",-0.0747806821115633,-0.0383764329843655,-0.0435969636455644,-0.018810782546358,0.151149970763766,-0.0156985908111354,0.123478729283794,-0.0402496229349905,-0.0666669249225424,-0.10355367798459,-0.0169298906793397,-0.13959729209163,-0.132050288696635,-0.0583179283040309,-0.0492099299912207,-0.00134901814948152,0.0400592958182257,-0.0996203338712996,-0.0896184830441478,0.0643848884314079,-0.119817380163451,-0.0205195283004207,-0.0464145990550135,-0.0697744495636354,-0.0233625728017871,-0.0336125875739661,-0.0314320191507949,-0.133488476605421,0.0378659924590571,-0.102398472751366,-0.0227017732636695,-0.012820223810199,-0.000876315593314708,-0.0262466631911658,-0.136462385431785,0.0823455641517677,-0.0289060206195069,0.0466311081102665,-0.172779892928239,-0.0169167515549163
"SRR8800680",-0.075305099247347,-0.0389349805773507,-0.0444404346670311,-0.0150963263678319,0.154346791564407,-0.017410230349056,0.123719732984453,-0.0507818957211608,-0.0667835817715126,-0.105078143046861,-0.0178867130117243,-0.138214749076789,-0.131161197964647,-0.0612121091183975,-0.0497201843100422,-0.00133591297099143,0.041799978938718,-0.0985923594027509,-0.0944290916663385,0.0630153744740659,-0.12098174664153,-0.0150006076680034,-0.053422794170922,-0.070984616972834,-0.0271402429828359,-0.034115896406353,-0.0303803824982701,-0.133382113796135,0.0383666784819162,-0.105288977939847,-0.0251547537951554,-0.0118658429081219,-0.00331446671804794,-0.0245405308184654,-0.137060579586372,0.0819693170548796,-0.0240027902110415,0.0432743365354364,-0.172846031621414,-0.0168361053892587
"SRR8800681",-0.0728974632884008,-0.039222558521694,-0.0449640318302636,-0.0174491969820753,0.151823207402847,-0.0135098235303383,0.118871264277043,-0.0448182924119923,-0.0649409141319553,-0.105185537365838,-0.0184517791266004,-0.138178429134895,-0.133166835040411,-0.0639813470082056,-0.050709708119665,-0.00163349341590072,0.0363845740582512,-0.100583883826144,-0.0917706556501856,0.0628048924764902,-0.123529219282651,-0.0205195283004207,-0.0452460769990495,-0.071020297033649,-0.0236880217034946,-0.0345422775914279,-0.0303661112063642,-0.137975243924773,0.041561081037881,-0.104266622065755,-0.0313946801297526,-0.0185621574283005,-0.00264683467226535,-0.0258210315787581,-0.13393071195231,0.0818121963088063,-0.026624956185847,0.0463256003030776,-0.171853739912658,-0.018325867590937
"SRR8800682",-0.0667619065444191,-0.0430429212911647,-0.0488630861638883,-0.0245098067830474,0.138058739210982,-0.0187742639091987,0.114658072513821,-0.057439104638094,-0.0575277154024449,-0.0875896441797623,-0.0268847677124835,-0.133311722060371,-0.12158267472073,-0.078161304175734,-0.0510962594104044,-0.00688881107708568,0.03335305590128,-0.0855034537416662,-0.0891570254159144,0.0642663549362117,-0.115026189623157,-0.0205195283004207,-0.0349052180850784,-0.0819800330869586,-0.0248262969486281,-0.0383281031923599,-0.0339534102386218,-0.125933950736066,0.0289758575107627,-0.0962609960764481,-0.031003871149299,-0.0363765034242032,-0.0212894576104365,-0.0322779804123542,-0.125553084437462,0.078240910031471,-0.0247550672667277,0.0430275187533995,-0.164056167668936,-0.0186013873716169
"SRR8800683",-0.0658246879690818,-0.0420720365628957,-0.0514352092436149,-0.0208236687032337,0.137635472207096,-0.0185268598913797,0.110709894507543,-0.0625546553682916,-0.0595971414308558,-0.0917881008744044,-0.0248269917706021,-0.133179272219212,-0.126059269284321,-0.0893832837514756,-0.0529298821511557,-0.0059711676575623,0.0329236639967143,-0.0933370561195907,-0.0886487335885327,0.0645770603051924,-0.114964114407529,-0.0205195283004207,-0.0472904437943319,-0.0854073544410869,-0.0298608746878712,-0.0391659156828879,-0.0351951875693462,-0.127951648774703,0.0257370811448718,-0.0951868170246413,-0.0389625088679767,-0.0337678165595916,-0.0190577556414787,-0.036071893784091,-0.124282872328751,0.0786246045101396,-0.030763461817546,0.0378330475411108,-0.165852680071724,-0.0184847543694261
"SRR8800684",-0.0638474716893798,-0.0386627460932661,-0.0447566460846638,-0.0138451361276798,0.13491413854324,-0.0165561514428294,0.112690316428389,-0.0483206449899275,-0.0606612972536374,-0.0849372770307175,-0.0193373648448852,-0.12939125766946,-0.122361325965371,-0.0565202512663123,-0.0461041474769406,-0.00597263846815485,0.0333730006326165,-0.0793085997732686,-0.0851783865032052,0.0631761198567712,-0.11296920945465,-0.0205195283004207,-0.0401486005376586,-0.0767980075550733,-0.0238299149423191,-0.0341464515764393,-0.0293768914811016,-0.119153517315301,0.0335263800110042,-0.0928608274418703,-0.0330490834547598,-0.0248493323992159,-0.0223511555225199,-0.0291281705427483,-0.120635587855131,0.0758636986369606,-0.0279525825526969,0.0432982259852931,-0.158750304254415,-0.0160475868827462
"SRR8800685",-0.0613151735688905,-0.0412402199274255,-0.0451076887771063,-0.0162948482632177,0.138047210382602,-0.0178930005227585,0.108246001735067,-0.0518626275303706,-0.0579619459709241,-0.0857558508517867,-0.023378671805986,-0.130078248640884,-0.118836698539524,-0.0495543710928768,-0.0428548097172286,-0.00705498728372324,0.0272851428480773,-0.0822112444833594,-0.0884507082388197,0.0655220632355421,-0.112078061567049,-0.0205195283004207,-0.0421340091573632,-0.0748165913687707,-0.0279759366318731,-0.0379199593012512,-0.030671875119759,-0.119353014902592,0.0318186725116508,-0.0943361899656719,-0.0287427652289495,-0.0272802144063995,-0.0196143924578952,-0.0271119060656234,-0.121979053139556,0.0767313641773238,-0.029627527617352,0.0484817114521389,-0.160645804187822,-0.0185481664596674
"SRR8800686",-0.063090539819702,-0.0407191082120107,-0.0447461596167071,-0.0146457309858534,0.139398696530612,-0.0169263740034432,0.111495926586347,-0.0537195015823684,-0.0581409126054121,-0.0862884082913405,-0.0199268447400243,-0.129774822522021,-0.121028689065088,-0.0493700762482771,-0.0453532187774442,-0.00725523115196432,0.0320870205277733,-0.0815016206800733,-0.0872993186237934,0.0665270342736963,-0.111415285329664,-0.0205195283004207,-0.0408596076477636,-0.0761911977141765,-0.015507073442089,-0.0361670574806119,-0.0305541775264666,-0.117710440953653,0.0370568553897536,-0.0935791707204446,-0.0311331319821434,-0.0264830290676583,-0.0116522220223296,-0.0278765969094702,-0.121476174821061,0.0763435197032214,-0.0298954918685756,0.0470416752434932,-0.158870208898285,-0.0185306906782312
"SRR8800687",-0.0521950761651026,-0.0484644780145295,-0.0526782929622686,-0.0195677306422172,0.13627133616561,-0.0195531002779778,0.117023136092074,-0.0653488481161632,-0.0593103848755702,-0.0762172057134673,-0.0190325158725623,-0.133947471719386,-0.110815448159175,-0.0767975500707043,-0.0423622173338927,-0.0217695278038787,0.0051582172266018,-0.0769751933802913,-0.0880591342431602,0.0585979535396086,-0.108498090026681,-0.0205195283004207,-0.0440365588992814,-0.0944297967534288,-0.0273009176998447,-0.0409361416821559,-0.0341028333020905,-0.112035279444692,0.0330690077119379,-0.0769168144941478,-0.0305445655023499,-0.0423487786929519,-0.053012374771511,-0.0347373941781527,-0.122191601918622,0.0744424419865416,-0.0291555691495869,0.0464029165677105,-0.156551183206368,-0.0170757360133948
"SRR8800688",-0.0513525359565065,-0.0497015981445248,-0.0537946147244653,-0.0179478291419216,0.129880538187827,-0.0190757099508845,0.12340450268818,-0.0782332602989533,-0.0592000858014799,-0.0778227132540272,-0.018927597867961,-0.131316347150752,-0.108469743255143,-0.0837933240952712,-0.0442554369884887,-0.0301686517662611,0.00678041636190531,-0.0795629433819396,-0.0948581708786883,0.0594375099820395,-0.124513307910172,-0.0205195283004207,-0.044335385469404,-0.0990673248085703,-0.0294995857135105,-0.0382117802179662,-0.0347217601675118,-0.107121913020047,0.0294425488829416,-0.0802333494099809,-0.0329386490192889,-0.0540790388004811,-0.0681067212906103,-0.0375002000537511,-0.118421279021051,0.0754687515342665,-0.0322461745197005,0.0531675661254049,-0.161494693107529,-0.0170402756228086
"SRR8800689",-0.0501425931786383,-0.0447638728550317,-0.0458344824897885,-0.0112050033836235,0.131473181117389,-0.0184318340460678,0.114345825033733,-0.0579222431624075,-0.0558899150047279,-0.0730293954491066,-0.0156377698499338,-0.129503529436003,-0.104359986781067,-0.0510808254155561,-0.0383421416307201,-0.0202639274138956,0.00960390019790935,-0.0708362953958129,-0.087095620857296,0.0589708811910133,-0.111034974144079,-0.0205195283004207,-0.0368020724543809,-0.0860425664113166,-0.0229500104288498,-0.0380087942924738,-0.0303275102089418,-0.104783269335595,0.030408100872034,-0.0728650452304735,-0.0314572557834679,-0.0361127695897599,-0.0463077617117824,-0.026418349911212,-0.113171290955359,0.072723348927623,-0.0250143130108098,0.0513036718830269,-0.152445574161319,-0.0182820859588637
"SRR8800690",-0.0470369113294186,-0.0432711288307326,-0.0454625908085788,-0.0112401511195907,0.128193447397262,-0.014719446734471,0.111087896899332,-0.0593223569836624,-0.057047895558119,-0.0714648397376673,-0.0148886714731353,-0.129191900635599,-0.106401852917315,-0.0333888188583253,-0.036994588665896,-0.0235877811190203,0.00657797161109784,-0.0721491826317506,-0.0896349364516106,0.0599541842096867,-0.110958086863225,-0.0171447545761317,-0.0369399080926571,-0.0860953711296927,-0.0246432861218105,-0.0375575279292756,-0.0291438171836249,-0.106627746423814,0.0308246463757527,-0.073056638795931,-0.0298084778720442,-0.0374774730771516,-0.0440580887759638,-0.0270047688183453,-0.111581534845687,0.0717774220429368,-0.0273509557327262,0.0474583297640348,-0.153863277610584,-0.01765270245349
"SRR8800691",-0.049129195787773,-0.0453274344954908,-0.0467545762671557,-0.0105544912486435,0.130084178988243,-0.0161884255896708,0.115554744794887,-0.0609165085418481,-0.0521356651657696,-0.0726476167336884,-0.0141129436882431,-0.130646531000208,-0.105552713046444,-0.0484785690071282,-0.0402938398247594,-0.0226350127828461,0.00563824711973055,-0.0722666099821594,-0.0886211362862938,0.0595478718677321,-0.110635344489945,-0.0182655685459173,-0.039007437910954,-0.0864206082430915,-0.0233403322321902,-0.0377484941712591,-0.0295029376942545,-0.105465509652896,0.0285634411655773,-0.0761108028295018,-0.0343314945568342,-0.0366069508044775,-0.0431591816918874,-0.0301384773159104,-0.112699576906381,0.0721995464513004,-0.0272495389790395,0.0481850401573318,-0.152922451560375,-0.0122675638296624
"SRR8800692",-0.0432614901441121,-0.0389087655676222,-0.0404539504365987,-0.00465638800260247,0.122418719021034,-0.0142603854092442,0.0994966620557861,-0.0346483776487071,-0.0585832348427535,-0.0602813468848721,-0.0104757885030084,-0.12092604701896,-0.10746037634542,-0.019226258723948,-0.0330570446344964,0.00702947429873665,0.0353550440723462,-0.0682136613637175,-0.0827739788683102,0.065163087990279,-0.10350077164202,-0.016072238957378,-0.0422171374951132,-0.071292607805901,-0.0204616685997159,-0.0362134602505068,-0.0249843535496764,-0.104960956121751,0.0433577269910893,-0.076393735657852,-0.021751740342548,-0.026584324035147,-0.0186678515096652,-0.0241650777949348,-0.116338202395416,0.0705558403807284,-0.0207773064846642,0.0280697469647183,-0.146429101310105,-0.01587416113622
"SRR8800693",-0.0207138923494833,-0.0400435870712498,-0.0432722536882326,-0.00315201752640955,0.112848016426722,-0.0162474306938649,0.0971104362122362,-0.0471902261957645,-0.0520430658724165,-0.0242332998114654,-0.00700979447723909,-0.106795263815304,-0.0800182821518251,-0.0164455781603336,-0.0235945216257669,0.0213927875780924,0.0456048659206254,-0.0423891217257668,-0.0726264958563517,0.0649423288278706,-0.100341155257702,-0.0161378097248054,-0.0478501896700945,-0.0784439988605334,-0.0210002463513419,-0.0323384754559969,-0.024137335103304,-0.0648527477443631,0.0418057055478742,-0.0430793816730288,-0.0277567091226397,-0.0402506181990823,-0.0196616148755166,-0.0252272796974941,-0.102272848092449,0.0611739443199103,-0.0267301684851441,0.0253792543763864,-0.131360995965769,-0.0147078729099168
"SRR8800694",-0.0203029736566069,-0.0401293352749979,-0.044451095590589,-0.00283010658734858,0.112618953829089,-0.0172531688505095,0.0961030894077541,-0.0447728332588283,-0.0525499363774917,-0.026538391443465,-0.00870080776727317,-0.107089719868451,-0.0816249446893012,-0.021205742908542,-0.0265946447113712,0.0225549610915176,0.0463763284664541,-0.0430026124867861,-0.0726783250147922,0.0657532962244093,-0.0985141663598182,-0.0143582198953486,-0.0468193805448451,-0.0797308063455437,-0.0211078434039112,-0.0337025948557375,-0.0251787970609126,-0.0655020989254796,0.0413403138823822,-0.0421859644587834,-0.0290772011547954,-0.040909373620333,-0.0235453660227981,-0.0251814877894562,-0.102486038292354,0.0614397933463414,-0.0263192676763706,0.0258173269135127,-0.131734260924034,-0.0170939297294614
"SRR8800695",-0.0550965068351224,-0.0403060494159239,-0.0428729574595976,-0.00726026423523035,0.132789662866941,-0.0164293158012298,0.107548395125533,-0.0489807371644599,-0.0637825416266938,-0.0862839139681364,-0.0165766264714821,-0.131244700042647,-0.112811911913632,-0.023117024453181,-0.0392206881708768,-0.000919143575161502,0.0304532073789275,-0.086502836774163,-0.0880283775028815,0.0691155605199305,-0.113755319972461,-0.0179850005507842,-0.0479490101593678,-0.0765168595561607,-0.0148253616827259,-0.0361511586625421,-0.0260150596264466,-0.118283943008242,0.0436066128996663,-0.0886988103438449,-0.026697057587444,-0.0313354380945973,-0.00685623352711015,-0.0240639588783522,-0.123366760306072,0.0744348695075023,-0.0251273753650419,0.0286233777819495,-0.158134380951731,-0.0155964115038431
"SRR8800696",-0.0562422272826151,-0.0418307099873046,-0.0430404377596194,-0.00729591908370612,0.133220252302509,-0.0144444425442352,0.109008907376238,-0.0542031443615225,-0.0643292614080823,-0.0865651636411399,-0.018580588952315,-0.131566584117651,-0.114840717284792,-0.0307408217847675,-0.0406425815062513,-0.00218726822941354,0.0308350181002656,-0.0878369266029435,-0.0902473476938447,0.0698957906402902,-0.114059146621223,-0.0205195283004207,-0.0455075204091768,-0.0784092938521391,-0.0252012801793267,-0.037663919066652,-0.0276470671427384,-0.118635891616402,0.0486319335585599,-0.0890565621578944,-0.0248611385012895,-0.0316580044043754,-0.0103217226073186,-0.0288833772280755,-0.123293461964887,0.0753443610810616,-0.02600833694585,0.0283822372675106,-0.159544598169651,-0.016398957901975
"SRR8800697",-0.0604689509523975,-0.042661354881568,-0.0500041648892899,-0.0263511419205129,0.140848271519234,-0.0193692002977797,0.115503505702482,-0.0505926831570762,-0.0660579944894094,-0.0927704857454562,-0.0317587298932741,-0.134601833634119,-0.121149117765903,-0.0756566827735083,-0.0603626789789278,-0.00888412952849513,0.031853179216784,-0.105499889471921,-0.0904983378010464,0.0681107736194196,-0.117296785689164,-0.0205195283004207,-0.0449802712001582,-0.0764364562958308,-0.0297568574975432,-0.0367767554078504,-0.0352471753898391,-0.122353627550808,0.0262375229197672,-0.10137404282203,-0.0313784680336022,-0.0247434818431564,-0.0179829328549362,-0.0325303675826511,-0.127971310861973,0.0791613522732905,-0.0302385411868979,0.0417365606836176,-0.161284299460013,-0.0187909595121645
"SRR8800698",-0.0600085237112147,-0.041914735880415,-0.0531835914173543,-0.021688312697605,0.137831163036983,-0.0173391023060295,0.115200422637012,-0.0684083719018006,-0.0602167292037279,-0.0937395997904256,-0.0320610312651538,-0.131346281863629,-0.124612603998593,-0.0831373760799453,-0.059818410204273,-0.0131270541493427,0.0316431055049168,-0.102529929560827,-0.091325998607024,0.0712060185390933,-0.121387109780151,-0.0205195283004207,-0.0474380545164911,-0.0863520221295424,-0.0267654265370717,-0.0327480856962473,-0.0373565128538825,-0.12892370563874,0.0210210999238504,-0.0945345583694271,-0.0331648361243611,-0.0142366488614562,-0.0239657495385446,-0.0357005741081069,-0.130038375803661,0.0785231624294827,-0.0341435349472954,0.0449390294003542,-0.161992885226506,-0.0188592433983998
"SRR8800699",-0.0563146964170974,-0.0385345940706358,-0.0447439448667339,-0.0140794082161141,0.133995791365349,-0.0190341090799561,0.105624547352266,-0.0422338752237582,-0.0623462068218129,-0.0911115345009484,-0.026356452945515,-0.125786107670695,-0.118332059124298,-0.0494980160587121,-0.051706055513538,-0.0086270623314775,0.0353145186297284,-0.0979579315179742,-0.0875276123557529,0.070871217173933,-0.112046105139411,-0.0141898771487068,-0.0409099213932113,-0.0683441116095964,-0.0211377867822972,-0.0340704503225935,-0.0307669255138282,-0.117173618624769,0.0291232164706804,-0.0955749632093742,-0.0256882790233025,-0.0130124027176293,-0.00689096937203435,-0.0292663992557774,-0.122199630807328,0.0761635889280109,-0.0252959595547305,0.0433126110943037,-0.154004038656745,-0.0169369738776238
"SRR8800700",-0.0549044079031409,-0.0374893708941,-0.0454493660110782,-0.0151847823770378,0.13391772245887,-0.0156891153026348,0.113580197354552,-0.0422517383043366,-0.0640701132038451,-0.08886097067552,-0.0254663258243891,-0.127474549697421,-0.118782698469812,-0.0580131437841696,-0.0552534147853646,-0.010125305837289,0.0303715303545644,-0.0987010332930355,-0.087960559947172,0.0708102377506895,-0.113611662948418,-0.0205195283004207,-0.043709627738404,-0.0698265505594384,-0.0239489849144978,-0.0355351230241491,-0.0301056858457664,-0.116746612799297,0.0308847558391664,-0.0933052247594583,-0.0299752065945855,-0.0165287020040006,-0.00763599221420148,-0.026460416668907,-0.12213930886594,0.0755401501804968,-0.0278421457438938,0.0479912425590144,-0.155880689237428,-0.0181672302529097
"SRR8800701",-0.0552183580631254,-0.0374049886916676,-0.0441129333695174,-0.0148319989176307,0.134711165377536,-0.0167431174014128,0.110167990200316,-0.0429852172364162,-0.062963569856277,-0.0897287610223717,-0.025335266249616,-0.127944725510753,-0.120947560471112,-0.053400866201354,-0.0567420880397518,-0.0113848676643894,0.0302742949907382,-0.0996012868115419,-0.0889631236484045,0.0697287017164761,-0.115366251185863,-0.0205195283004207,-0.0415831973863534,-0.0688688588101913,-0.027119514905046,-0.0351759904217321,-0.0313939290021527,-0.118241447435596,0.0320183579082852,-0.0960036338007274,-0.0256312164819044,-0.0148543638074245,-0.00936004524530684,-0.0292990606205274,-0.124143779246373,0.0756851744350891,-0.0272640253155262,0.0494960253576428,-0.154381333245761,-0.0188746649287734
"SRR8800702",-0.0548518621460533,-0.0391883761658671,-0.0482679458568049,-0.0196735269280061,0.127112395935555,-0.0189690074198304,0.110141394563824,-0.059131604836629,-0.0589221434229543,-0.0881802087197611,-0.029674993434694,-0.122482946740791,-0.119761088872557,-0.0940327214998585,-0.0623889792891462,-0.0151778615904261,0.0341064741805297,-0.101218932083328,-0.0863266552315674,0.0726742376461409,-0.10962364343686,-0.0136327231056479,-0.0399655164751162,-0.0755538042954663,-0.0249569318950098,-0.0320916017873362,-0.034507440455904,-0.110266491303596,0.0294809529641894,-0.0892327888296262,-0.0336335202462614,-0.0262848950419384,-0.00440431631926663,-0.0355425294463721,-0.118769931747406,0.0760759301391644,-0.0356267858979699,0.0338920441195362,-0.15452400484103,-0.0177293889268737
"SRR8800703",-0.0551911707147188,-0.0431892184681936,-0.0522264702493859,-0.0235737717637675,0.131403240727851,-0.0198942833447336,0.120486286042889,-0.0621062853934021,-0.0566594543180269,-0.0898254897467478,-0.0349655779758853,-0.122738287284419,-0.122834844197011,-0.0940382962771279,-0.0658893228145392,-0.0138804522619532,0.0366808639076185,-0.106323309499581,-0.0840236753557514,0.0726537916543097,-0.115049509236851,-0.0205195283004207,-0.0409193332824581,-0.081547412392073,-0.0221647869099597,-0.0320977986085954,-0.0363013630502745,-0.115445155468967,0.0212907889522897,-0.0909264945110732,-0.0387453478779791,-0.0251926834530848,-0.0132726563556495,-0.0377260913025185,-0.121455375889719,0.0766346821550316,-0.0302089894262027,0.0441053206314528,-0.154142657570707,-0.017558855959212
"SRR8800704",-0.0525725245510979,-0.0361582295961333,-0.0442369763437062,-0.0139968546479406,0.125790052939908,-0.016705992503641,0.112125107705604,-0.0465606149495796,-0.0579493984100577,-0.0852435580096096,-0.0282469499540502,-0.118547857945423,-0.115727153629119,-0.0532306257568989,-0.0544409753664927,-0.00951439585991618,0.0329972955742269,-0.0903162193697109,-0.0836752233097771,0.0721599802275471,-0.111485654335277,-0.0205195283004207,-0.0341339537492034,-0.0684540324044206,-0.0241368781339822,-0.031850705005872,-0.0306325282245431,-0.110814550192126,0.0286559540209602,-0.086908337875847,-0.0275987106208914,-0.0181146959408887,-0.00587383612386541,-0.0311910341121117,-0.113612338706234,0.0731495709360465,-0.0280992001072498,0.0398792771352301,-0.147158976253945,-0.0181473327007023
"SRR8800705",-0.0512678204437399,-0.0362749818522709,-0.0429511831996733,-0.0152913263598581,0.123318116053703,-0.0177225641868952,0.109876864202123,-0.0483419552402945,-0.0554087663890605,-0.0838029105755686,-0.0263895748255341,-0.119092098353552,-0.117477124750042,-0.0451697645170028,-0.0536642917013738,-0.0121184194470709,0.0322455224362374,-0.0929579997992973,-0.0839225717679807,0.072024249662378,-0.110027483589861,-0.0163519209274952,-0.0350584169592425,-0.0638994214642948,-0.0243806004909891,-0.0331794041352665,-0.0298445569043078,-0.107702674192219,0.0321788761641286,-0.0869728287879822,-0.0301271073409348,-0.0184250925593407,-0.00229409034776109,-0.0301285580043796,-0.113473143608196,0.0725958178850431,-0.0282250223144438,0.042258318547997,-0.147953619551781,-0.0177460068962488
"SRR8800706",-0.0525303007089238,-0.0381556128679142,-0.0480097755581305,-0.0174606070645719,0.125906635826439,-0.0159508690341977,0.110716607449447,-0.0515512270892302,-0.0579429713992845,-0.0845594115947753,-0.0283745410810092,-0.120234482545106,-0.118229378338582,-0.061720474102677,-0.0586469382363723,-0.0158170574579451,0.0264672385807458,-0.0943218815333766,-0.0846201588930884,0.0710529349511109,-0.109303205717312,-0.0205195283004207,-0.03838266485155,-0.0740866828328871,-0.0260997929412709,-0.0348318406108706,-0.0344403565995292,-0.113267604615085,0.0332915014772582,-0.0890970711757526,-0.0310936589100604,-0.0229231589816033,-0.00802628462016163,-0.0303556872195012,-0.114362772930998,0.0745029007992589,-0.0296706381235463,0.0416930773310156,-0.150975849049762,-0.0187952926275248
"ERR9604272",-0.108308202133396,0.163671447920378,0.110217098728396,-0.0160125660795133,0.108874222205197,-0.00693808515986529,0.0478370020468588,-0.0510826289207257,-0.0759970656871404,-0.0846996150152409,-0.0293904229451858,0.0510314200489912,0.0392689028367478,-0.0179703511651024,-0.054044412601608,-0.0293917501731291,0.0611448188621604,-0.0798823552153741,0.0912989745163255,0.118390934119467,-0.0290573287471286,-0.00646309188691034,-0.0931427900229647,0.0820133122611019,-0.00547918349700738,0.152848857752903,-0.0176212020828227,0.0222784502924812,-0.0361725334460467,-0.0575334478491478,-0.0197932800199669,0.0839021416508605,0.105158119705159,-0.0195818593722191,-0.0524932571039801,-0.099746807713628,-0.0120302299417113,0.0507220558384183,0.00168558971822377,-0.0136220363362233
"ERR9604276",-0.114083677098084,0.169061050036244,0.113196541705325,-0.0140375204751906,0.0991367329397911,-0.00303669432407518,0.00255335742501755,-0.0487108250004067,-0.0748111031954068,-0.10333429474808,-0.0343494045666868,0.0532943448556376,0.0438959197095679,0.0138665500806745,-0.0532253693070626,0.0719902914211032,0.139858221949714,-0.0840408379393221,0.0940991533489271,0.137678501988566,-0.0245448075296426,-0.005805137054222,-0.0893084843731317,0.0840315803633938,-0.000111958951890936,0.171360610633103,-0.0132810851676218,0.0185135340979465,-0.0500544163687744,-0.0603256712584313,-0.0145615821006614,0.0646298163750082,0.11720842283382,-0.0105176381105137,-0.0456270357707843,-0.0933004620369164,-0.0187348092030295,-0.0878588526427652,0.0142832307856515,-0.00697097201976856
"ERR9604277",-0.112782682966357,0.168074317132114,0.11038250998582,-0.014693678054923,0.0993983861357396,-0.00308789606253293,0.0217895928112602,-0.046183815964343,-0.0720715119669323,-0.0985113031820277,-0.0367176781662911,0.0534329040340064,0.0408018632698381,0.0150202588102375,-0.0543771533715274,0.0379790064348656,0.114191729672247,-0.0845384190572596,0.0918910344737001,0.132875420597099,-0.0241106353014241,-0.00386158281430155,-0.0860977980309625,0.0824327947022702,-0.00423150998275583,0.169766409939338,-0.0133673456198505,0.0200271287366382,-0.0417056091312404,-0.0597644955217032,-0.0126350110124837,0.0682348758624359,0.110850078004906,-0.00893078997509671,-0.0440759992457483,-0.0916953059310085,-0.019558990698389,-0.0369114605510952,0.011272083256146,-0.00934807623377824
"ERR9604278",-0.112272508981375,0.171254492019063,0.110001023188428,-0.0154094552428258,0.100471078297264,-0.000921630764211831,0.0315926229850554,-0.047985626199571,-0.0728959313242329,-0.0962303782498359,-0.0348425038475045,0.0557006658634141,0.0403316806831498,-0.00296320891017013,-0.0549428684698455,0.0193103184106295,0.10235082573915,-0.0829819493656585,0.094409189163693,0.132825965760558,-0.0223641680788285,-0.00548733825142195,-0.0871197967857964,0.0820773291658451,-0.00453625589457967,0.173883195139919,-0.015050653541026,0.022199472337391,-0.0389106057414248,-0.059815304938703,-0.0107069931775494,0.0708443712930354,0.111101175962374,0.000112622598643288,-0.0446019440076887,-0.0935071179166126,-0.01814592093944,0.00273743469460264,0.0101548820836119,-0.011705631327898
"ERR9604282",-0.102971078968884,0.145534421857832,0.108632619354118,-0.00973479309143447,0.0749739974479455,-0.00398377269845327,0.0177758972777703,-0.041817845451764,-0.0619482071705445,-0.0829278566276999,-0.0248728396861643,0.0578515827738878,0.0357282563859127,0.0286726233430944,-0.0454179955101119,0.0409267816244539,0.114028419949769,-0.0693188420038816,0.090899736271993,0.133220551719681,-0.0105222330036545,-0.0130792886388005,-0.0788988932677861,0.0986120903338379,0.000680341566730606,0.136646669379389,-0.0083648764825364,0.0169931997531085,-0.0414920897502837,-0.0442669169741304,-0.000278716323206425,0.0468914810749999,0.122223043205936,-0.0039491642901321,-0.037323731590249,-0.0954140376478964,-0.00969563155365212,-0.0189849269187035,0.0136262121739798,-0.00340926829037786
"ERR9604283",-0.101902102787124,0.153594656634139,0.110193303840919,-0.0121461562682631,0.0996062414064919,-0.00502470359631777,0.0382763928274269,-0.0504180963683938,-0.0707471755981938,-0.0837944597133853,-0.0286264051551557,0.0464188040094,0.0432563005537466,-0.00352677748534819,-0.0507154465787879,-0.00148500009101625,0.0685096075862199,-0.0767865448165262,0.089799378062815,0.106034483272917,-0.0314533992792568,-0.0071018132147342,-0.0929133880288006,0.0739023903967138,-0.00267536126455895,0.142470878588167,-0.0155645618085428,0.0237864755975813,-0.0334602647412572,-0.0524815046356903,-0.0203070800992689,0.0741505319072454,0.0948839092535695,-0.0212069035412501,-0.0478420614245136,-0.0942812940306188,-0.0137061984659084,0.0224136462324079,0.00397269235947869,-0.0082081273120781
"ERR9604284",-0.101682710617636,0.146799040035525,0.108326724532431,-0.0104567941237774,0.0770344359127551,-0.00080408219194037,0.0213190225493156,-0.0412464077793033,-0.0613118544820743,-0.0822598958735395,-0.0247748463144412,0.0587364583515435,0.037141463819155,0.0306983271174005,-0.0437610675331454,0.0383972267197098,0.112123842490455,-0.0685237278666673,0.0928690958288895,0.135748971729784,-0.00878190880607784,-0.00401185736313723,-0.0781898377626142,0.0983083936572988,0.00783917309129782,0.138701013479197,-0.0104659195054516,0.0198435082153153,-0.0410429120673163,-0.0424916903622504,-0.00666834048573022,0.0509479757349051,0.123824453644854,-0.00677460100608166,-0.0376272762347035,-0.0961167862978944,-0.00989038009016889,-0.00176965307481635,0.0132722792344378,-0.00453551529822857
"ERR9604285",-0.101622682415088,0.14836967577828,0.108614546712521,-0.00949512125316345,0.0773641825197503,-0.0021260211937447,0.0233122823985014,-0.03963391272916,-0.0608469955987246,-0.0805223915394066,-0.0269874056133233,0.0589020886636019,0.0371287362336867,0.0266457853957375,-0.0442088160020848,0.0299396055007603,0.106342555656689,-0.0684603447082733,0.0928461591229299,0.136563174500178,-0.00856665958309642,-0.00254205956792381,-0.079198038571107,0.0977408056762791,0.00214169202512003,0.139419334151003,-0.00939464411440784,0.0197602137870975,-0.0384193996528434,-0.0420582832872136,-0.000870349637149742,0.0530554655563349,0.124399146984939,-0.00745113856739091,-0.0385611115629828,-0.0967277236427094,-0.00880758146946826,0.00740703420549576,0.012518043657899,-0.00541264042589403
"ERR9604289",-0.0875299946261661,0.131538516383052,0.104572699124857,-0.00738025238351971,0.0715822614745953,-0.00321945116729163,0.0390536073194741,-0.016752417673289,-0.0556649652111042,-0.0566893814866275,-0.0173258635726038,0.0484117245019463,0.0434823199806295,0.0159756284647268,-0.0369667424060767,0.00409256869203517,0.0776193371433963,-0.0495731577997588,0.0893798936232914,0.1169855559353,-0.016648012457686,-0.00986297970563373,-0.082263652315971,0.0841538692415164,0.000918113912602521,0.132367501528386,-0.0105610750667872,0.0316631972830166,-0.0318002265251024,-0.0177899104421156,-0.00211886152075309,0.0496807967371808,0.11375157284816,-0.0116728177191727,-0.0348864807843286,-0.0862713429394818,-0.0105005654707819,0.0236785629598108,0.00817243388733745,-0.00591783752911272
"ERR9604290",-0.0783134400928034,0.121566433154674,0.0933429021884197,0.000868705905124416,0.0645480968543157,-0.00397389564888958,0.0428798595999462,0.0111349624323259,-0.047007825826896,-0.0519268145747073,-0.0150996555981991,0.0443611347405738,0.0411952845071077,0.0224325366985834,-0.0325538508753205,0.00404094081614999,0.0758315606924367,-0.0469618848101374,0.084235882294454,0.109958711671545,-0.0157517130838251,-0.00900015853520065,-0.0690687363544396,0.0798161181468955,0.00038094912273691,0.125938795117457,-0.0083068254002848,0.0326121399127162,-0.0216491046009282,-0.0104841737733665,0.00814289717460139,0.0412064341092444,0.108646439911663,-0.00451589244414507,-0.0342259277576986,-0.0703783030303864,-0.0104913836581821,0.0273260694931615,0.00772182894637752,-0.00885544035150456
"ERR9604291",-0.0838742774394624,0.125789101136729,0.0979489702652439,-0.0095754946721516,0.0681589680005267,-0.00619850999778075,0.0457109389612639,-0.00472382590241251,-0.0480945733858674,-0.055104764758251,-0.0171505908742554,0.0463058206458146,0.0375586374034902,0.0130447806350285,-0.039038366990201,-0.0289592538318796,0.0558790233987257,-0.050354059875824,0.0859599931058221,0.114213189772588,-0.0157775233270124,-0.013446401511409,-0.0711502862668545,0.0836068659744171,0.00228449101266083,0.121253943157517,-0.00997712113781693,0.0322155909970362,-0.0286239724850001,-0.0152750121291975,-0.000379866169881406,0.0473857225765753,0.109716151686789,-0.00671045052248065,-0.0322464514893365,-0.0776727643151157,-0.0073592554422092,0.0564494217908843,0.00476010414598137,-0.00919321871691958
"ERR9604294",-0.111190092272405,0.169195918988461,0.108508630393528,-0.0179988360631685,0.109719931390059,-0.0041480411032763,0.0502254339178243,-0.0476273154975889,-0.0756860094645304,-0.0879883287347203,-0.0273106633122382,0.0533551024577033,0.0367099119815204,-0.0141075774909155,-0.054040147318733,-0.02785268348677,0.0695411705197069,-0.08082666777902,0.0911205895661199,0.123678489155667,-0.0278356672610623,-0.00374319095477742,-0.089162204804889,0.0853586121107198,-0.00277342297387609,0.158797167286219,-0.0157810994591829,0.0214984702445056,-0.0364352480926151,-0.058831464533129,-0.0166623410299145,0.0875427547064245,0.111593369211419,-0.0127832926587474,-0.0547113650509893,-0.0987909896745781,-0.0101714238058221,0.053380734538845,0.00138688992920631,-0.0110098782087947
"ERR9604296",-0.0830175378734526,0.144811058795994,0.10421776680752,-0.00904289833380603,0.0689586142231846,-0.0049486925206198,0.0403410220265423,-0.0564553119055113,-0.0569421607390761,-0.0398201623270775,-0.0167193297068394,0.0606392186169308,0.0590020775679032,-0.00276063910542498,-0.0396724028028962,-0.0184147851628961,0.0584405452188649,-0.0374996400224984,0.100944354998692,0.102431611698594,-0.0126885710493164,-0.0039239248677582,-0.0920293624165102,0.0637095048890975,-0.00032657815896203,0.150597777744449,-0.014758882229326,0.053333772114791,-0.0372267435575148,0.00797598389416528,-0.00640313812647777,0.0444200775012913,0.0855445931805838,-0.0180169320406918,-0.0274121415589143,-0.104260161729456,-0.013031153911534,0.0279475083379094,0.0179182767880352,-0.00455927542091644
"ERR9604297",-0.0753037279706512,0.136507936516178,0.103572323035701,-0.00434833105446062,0.0582941416508171,-0.00443833251191752,0.0271460678998669,-0.0593939397104134,-0.0532671725825446,-0.0285437361728276,-0.014699153022249,0.0637164436259667,0.0696048998179487,0.00330977585408125,-0.0319237477639404,0.0171705684861542,0.0767315541644459,-0.0267224984144153,0.105616154311889,0.094801935717707,-0.0103972409242881,-0.0133402884959706,-0.0960716371065712,0.0567169252149899,-0.0013088313399721,0.146652009276127,-0.0144364440287019,0.0627353919460631,-0.0344600949407279,0.0243117906838884,-0.00086755473106554,0.0292567135337674,0.0855002719980145,-0.0155229156923839,-0.0209135762292825,-0.107199079436392,-0.0107566173018505,-0.00915205427571118,0.0249801173616396,0.00258775460672517
"ERR9604298",-0.0775355437623698,0.141233642203405,0.104073013838251,-0.00628795342028313,0.0654246260139519,-0.00600136554094338,0.0384944517439783,-0.055120490911334,-0.0561850240357184,-0.0287808634732279,-0.0142157846647353,0.0617279896661613,0.0652337374950151,-0.00406144461809199,-0.0347089837513814,-0.0206901976520459,0.0552451482371846,-0.0298322550817388,0.10396841908539,0.100288600121346,-0.0127401776313905,-0.0117012353628291,-0.0954328610923076,0.0587547515345917,-0.00278152972633642,0.146118509474272,-0.0159499338668638,0.0602516976948599,-0.0348170048067395,0.0189168092836149,-0.00278260304178759,0.0420786772532423,0.0838131183522254,-0.0149532079646244,-0.0261697965109671,-0.106579872486855,-0.0121463742540743,0.027749568680233,0.0193925558562899,0.00547654847458315
"ERR9604338",-0.102964487071159,0.156681839381119,0.11236095334674,-0.0161135112431162,0.0971206228939195,-0.00338973085849212,0.0307810350363889,-0.0525052133943792,-0.0708989814304166,-0.087533509228901,-0.0344107126126734,0.0481457102805466,0.0438642717329834,-0.00730234264868871,-0.0562334239542524,-0.00506327320439338,0.0671186668079408,-0.0793213554025845,0.0910989496410896,0.108803749000809,-0.0281084836138271,-0.00483567147457581,-0.0908693266251445,0.0752597872673232,-0.00527214722760173,0.147402446832801,-0.0165904067652732,0.0245985089121134,-0.041801642838059,-0.0538043238074563,-0.018637369242616,0.0758200224742626,0.100443017162111,-0.0239688288549754,-0.04007169629782,-0.0963861492526106,-0.0167508138375484,0.0106859742248341,0.00729852947855801,-0.00937874517616867
"ERR9604342",-0.106090628210234,0.157513824531824,0.106830213809044,-0.0151931856114349,0.0961472122120371,-0.00416631589226345,0.0391188628923498,-0.0225377916253649,-0.0596261120402519,-0.0922723572486046,-0.0348558051047664,0.0457889705227148,0.0370719366549998,0.00248973286138489,-0.05287766963775,0.0240212273417735,0.0958112519326663,-0.0788507607698144,0.0905628640532468,0.114362944435559,-0.027884742784225,-0.00767844284358999,-0.0837762893579276,0.0787460871309452,-0.00350593432885133,0.153278999501253,-0.015408855934668,0.020254722083582,-0.029952313901604,-0.0577227881264174,-0.00360548671010788,0.0723464175280945,0.106261070498183,-0.00544903538791607,-0.0389844901160893,-0.080249027572623,-0.0158279663361969,-0.0144239488210115,0.00849881804476392,-0.0125634211872701
"ERR9604343",-0.101483926271936,0.152459314931458,0.104966132563866,-0.0168279432735848,0.0939316409108606,-0.00392885558575155,0.0439625097820488,-0.0113696790774792,-0.0557161490472291,-0.087850788300197,-0.0329358536656255,0.0394517225189722,0.0344919699462504,0.000297429589152719,-0.0547998791698064,-0.00848794210212362,0.0653276640164653,-0.0779753610553392,0.0840730741221275,0.112191155547272,-0.0277290524112172,-0.010532160665264,-0.0774383125455774,0.0779694308759144,0.000626271452327215,0.143940920039142,-0.0147287779119,0.0188663434449711,-0.028656790703169,-0.0572533830263195,-0.0125375780451095,0.0783502038058867,0.099359258417595,-0.00954476556221013,-0.0395197421230387,-0.0703360878702489,-0.0157273263964299,0.0183572581080356,0.00183813555408174,-0.00896114081024782
"SRR10030449",0.0418775575377376,-0.0324343498401055,-0.0352233099177885,-0.0406819221911748,-0.0541517251236251,-0.0168733452078582,-0.0383038240710347,0.0682492704386863,0.102992194159065,0.0258088693046918,-0.0467670203959607,0.0358517863388757,-0.0105962022023415,-0.0705075383027764,-0.0384864257110775,-1.53681252697726e-05,-0.0182137017860329,-0.00516138130887731,0.0174262452604883,-0.0468071521208956,0.0655914564631746,-0.0205195283004207,0.0737359887842159,0.0398905985746543,-0.0240913242587904,-0.0375329292049265,-0.0270836428260803,0.0233164862736083,-0.0264705260900312,0.0224253537475316,-0.0114299088619894,-0.0153514911810399,0.0335108394098904,-0.0241236838466356,0.0652093141121507,0.0277501270914456,-0.0344911873773125,0.0251185332625396,0.0386118260860331,-0.01389903211213
"SRR10030450",0.0420384840249939,-0.0329654261648743,-0.0367912659789897,-0.0373828170117437,-0.0526643824648272,-0.0153596366092055,-0.0401365132872206,0.0708589531863463,0.101826980995585,0.0242755740840465,-0.0472101738551982,0.0356625950514443,-0.00972592599822279,-0.0573766523114249,-0.0385164218336947,0.00170060366595268,-0.0203229763468632,-0.00540673624609346,0.0147172394926284,-0.045855644739167,0.0663915762181397,-0.0205195283004207,0.0737552855160214,0.0403738631242858,-0.0187671655206111,-0.0404589443874188,-0.0251560454912728,0.0203053478045164,-0.0255620507485645,0.0216722092316975,-0.00861530250919859,-0.0165341375756422,0.0281475064189835,-0.0273052860534159,0.0676482118111769,0.0279091615840554,-0.0340541684938149,0.0265906511283717,0.0402411585278554,-0.0180747619559763
"SRR10030451",0.044954723374678,-0.0336534763748711,-0.0380270669899455,-0.0377709301786685,-0.05605409315723,-0.0150776895894707,-0.0476467847955668,0.0649146214056515,0.10172779853756,0.0241719629108502,-0.046847999180317,0.035499403056536,-0.00874848625949689,-0.0747007126803495,-0.0368505365758204,0.00328490876766921,-0.0215605170738239,-0.00593891145500089,0.0163395356753994,-0.0460404833126887,0.0642196524616098,-0.0205195283004207,0.0731625816117285,0.0399116637686285,-0.0194932294013774,-0.0398717039879233,-0.0260765042974392,0.0194633746398426,-0.0296096043261725,0.0214118089219561,-0.0201494844910089,-0.0166914435884697,0.0324528344598971,-0.0296281628274672,0.0637403329926053,0.0274840836837343,-0.0351144432091612,0.0274345049911935,0.040362717923432,-0.0150246955670043
"SRR10030452",0.0419838705671202,-0.0326211656513707,-0.0371445593755897,-0.0413078581502519,-0.0529524339073967,-0.0166000095649532,-0.038836848279233,0.0649535580269732,0.100223200213006,0.0233672439758614,-0.0509392358570056,0.0342992467601383,-0.00959107439289172,-0.0604887645468622,-0.0379613755831743,0.00105942073499932,-0.0191603965963783,-0.00305568800747988,0.0163508012614567,-0.0459529662534338,0.0656775283803462,-0.0144259255926731,0.0757846894193815,0.0405143520773703,-0.0157894827838473,-0.0388921199300206,-0.0243074600992671,0.0194633890711448,-0.0272728984707381,0.0221833412814983,-0.0119496246578281,-0.0183215417643895,0.0337133877237593,-0.0289836953850574,0.067055123590764,0.0283427471619843,-0.0284696793881333,0.0254484399908302,0.0387515411026285,-0.0183496829676627
"SRR10030453",0.0421045317957826,-0.0328580171955236,-0.0369275319943455,-0.0406458368913048,-0.0517665083632006,-0.0153462740071159,-0.0433104251640367,0.0629998424305646,0.103916182760309,0.0234429488973391,-0.0445952486127501,0.0322203653026116,-0.00830316205443832,-0.0695302147472841,-0.037848572966191,0.00187939542873099,-0.0196677933255029,-0.00532579808961223,0.014646354816498,-0.0468280881938713,0.0651853373012084,-0.0205195283004207,0.0715558047165218,0.040388074903293,-0.024833784993404,-0.0400163356383453,-0.0268791837111881,0.0206998519463065,-0.024019550558688,0.0228937781107311,-0.000269127875255968,-0.0132243372536395,0.031336538249987,-0.0294118093161023,0.0649572213370656,0.0277543462800917,-0.0344987820992517,0.0251505128836835,0.0384015755242849,-0.0156554642478902
"SRR10030454",0.0432171887567137,-0.0332953784894229,-0.0354533218314071,-0.0430568755446861,-0.0570575288724211,-0.0114505797945267,-0.0406659814648482,0.0683532071446355,0.103266951096583,0.0242410494954121,-0.0467170867185185,0.035738178673223,-0.00968482885251222,-0.0613168419060853,-0.0364598669455599,0.000827500250005778,-0.0198942053375772,-0.00433917403805116,0.0169219957429199,-0.0466655640775045,0.0670361909902696,-0.0205195283004207,0.0731097439658365,0.0411909323837542,-0.0215400915912492,-0.0371410936182772,-0.0265395684478061,0.0195084859327809,-0.0253781467426531,0.0244430621208285,-0.0114977514284665,-0.0156865738438932,0.0325819616671301,-0.0269446376012664,0.0664047727566203,0.0280736968652269,-0.0300104202450592,0.0270297380891238,0.0369752288661737,-0.0174273604258278
"SRR10030455",0.0438471868579462,-0.0334569115227066,-0.0360514037284122,-0.0390590277047019,-0.0539061197579606,-0.0140270431259356,-0.0440670262417013,0.0630210380973177,0.0999273106999208,0.0229923243995887,-0.0473294966256702,0.0356216590024709,-0.00798008443244994,-0.0584840231601193,-0.0402660502148854,0.00248815442372199,-0.0214840819272417,-0.0052121440490705,0.0152058626510974,-0.0452367677032243,0.0661402884858374,-0.0205195283004207,0.0761869148849358,0.0392341844287112,-0.0239380344104374,-0.0402958496704189,-0.0252434966770826,0.0187677467473985,-0.0327819960457033,0.0209571809810662,-0.0140512608588922,-0.0153474591196494,0.0344771601427134,-0.0297147581355571,0.0660026723885454,0.0279933971968576,-0.0326747105932944,0.028798861693264,0.0367259861812779,-0.0119047342461311
"SRR10030456",0.0428972948354701,-0.0324395824614188,-0.036368156221015,-0.0377820775707908,-0.0508391458010139,-0.0156210453201873,-0.0436573218996605,0.06315192930925,0.101938187288749,0.024544046816984,-0.0442108138193563,0.0332948053016527,-0.0096405213200032,-0.0623194373707096,-0.0386358355570281,-0.00199662323498457,-0.0172295771480233,-0.00378066263089627,0.0178932970058114,-0.0463207807120906,0.0666271505087798,-0.0205195283004207,0.0768685224202397,0.041241921278989,-0.0242991535860949,-0.0375544334605695,-0.0249298831350255,0.0223992699273899,-0.0247888828664658,0.021953680777474,-0.00496203747007155,-0.012119696607738,0.0287289385414645,-0.0304835510708177,0.0669139272024309,0.0277999566336034,-0.0345269644232311,0.0238960688797964,0.0386479065451492,-0.0123638743336014
"SRR10030457",0.0411845678753506,-0.0328700944294635,-0.0361944345738093,-0.0373672259121433,-0.0527250677494021,-0.0164701809318547,-0.0417176959564228,0.0613485725165601,0.0978982352200236,0.0261286628942563,-0.0496215121702595,0.0350216638535716,-0.0100107529095811,-0.0569825033008332,-0.037243739605234,0.00181079460511646,-0.0166059071742072,-0.00603723157327314,0.0169580907560864,-0.0471901419244192,0.0674953485070714,-0.0182200825244994,0.0698656309266107,0.0411083654113653,-0.0229064225581928,-0.035343483808731,-0.027452544885091,0.0195975578768964,-0.0283790363949453,0.0226756478701109,-0.0104006668704818,-0.0148828709388414,0.0309206512527091,-0.0265650778678708,0.067270507800795,0.0277330498876009,-0.028393610076289,0.026998382894127,0.0381556308626346,-0.0140286762274959
"SRR10030458",0.0421368765466285,-0.0327122257673212,-0.0350959919206312,-0.0395885882882679,-0.0559483019279779,-0.0168939603875071,-0.043141389667471,0.069926039359434,0.104502907820255,0.0245518501558442,-0.0489330122981569,0.0350479699480745,-0.00788948904833555,-0.0710361401745619,-0.0389794366100486,0.00194006941342991,-0.0211908864805975,-0.00636843952333473,0.0171308834006291,-0.0448674788182689,0.0676808622077476,-0.0183155721710066,0.0746646580767443,0.0400880777633285,-0.0205244308443165,-0.0391033385323874,-0.0265215314889013,0.0198214788478163,-0.0254443697820973,0.0211276728224332,-0.00445083387493838,-0.0155849731801458,0.0280620066371338,-0.0264528335130441,0.0635169977243632,0.028278944814322,-0.0354763562228111,0.0269684448716468,0.039633211738577,-0.0134112775433335
"SRR10030459",0.041678751347464,-0.0321823833472577,-0.0365665189518352,-0.0384337725526075,-0.0534219298253379,-0.0157816800684452,-0.0397332789048228,0.0717546283482317,0.100093365459236,0.0250483586173952,-0.0459246797943863,0.0341581241918861,-0.0100238227819557,-0.0509570699092781,-0.0387664810827417,0.00150816257024307,-0.0204702064269819,-0.00548046317395543,0.0167131295807996,-0.0458776579186762,0.0660855448036575,-0.0205195283004207,0.0703349680003184,0.0404188002323431,-0.0221573746841566,-0.0379911519636967,-0.0268855273411223,0.0223599260834394,-0.0259280541209498,0.0231498502627789,-0.00899252781226089,-0.0143661466287329,0.0293301091713716,-0.0280532760174781,0.0651770434721807,0.0282325843365085,-0.031220889367261,0.0256646455052824,0.0395190940329864,-0.0116453633051602
"SRR10030460",0.0433114729501007,-0.032244406989391,-0.0359871837945319,-0.0398458452202097,-0.0553071029458844,-0.0164246245751034,-0.0441060591656413,0.0689031290070637,0.101524683937656,0.0253348033156069,-0.0513367880415154,0.0331183744882105,-0.00999926431082239,-0.0697066443560877,-0.0382144369089317,0.000746224942786913,-0.0187011816750155,-0.00549187258450505,0.0162157939731435,-0.0464271784639168,0.0659708420141532,-0.0205195283004207,0.074662120781024,0.0406344317728332,-0.0169858839546437,-0.0378385131805312,-0.026630771816503,0.0203696728570628,-0.0269432800923445,0.0228684074780353,-0.0117599063775294,-0.0153968504177448,0.0286957002487036,-0.0291646355959988,0.0683805898433201,0.0276684432696964,-0.0338279576377677,0.024304543131105,0.0395027051396142,-0.0175930622430848
"SRR10030461",0.0431517759935838,-0.0310486588112122,-0.0354953549855425,-0.0384623249405535,-0.0502784719158952,-0.015931534064149,-0.0389392396661165,0.0664914505317875,0.103696639032305,0.0241843299102847,-0.0484607984264595,0.0350218820636528,-0.00789389604216511,-0.0653268510587515,-0.0362831959752184,0.00185305357514172,-0.0182102384343178,-0.00670613207583477,0.015551172068946,-0.0447362632672791,0.0673931558821608,-0.0205195283004207,0.073356220590303,0.0405808343648755,-0.0215425385176943,-0.0390252877663786,-0.0235103876248295,0.0194236841276136,-0.0264551901454542,0.0229954294767386,-0.0138297938393076,-0.0168212170818433,0.03156301058733,-0.0292239762658577,0.0658891517189376,0.0282988074605115,-0.0331221488570868,0.0249233478315246,0.0389549784511791,-0.0156083045220192
"SRR10030462",0.0432072430815168,-0.0321105809339924,-0.0362319575593031,-0.0382240812319414,-0.0532497148698466,-0.0171584474867903,-0.0463857388520525,0.0677815436751323,0.102144500814826,0.0266348712009097,-0.0459346466323984,0.0344482370721044,-0.00781298504091824,-0.0657010188506312,-0.0393817013826976,0.00436343707210006,-0.0180735410723305,-0.00756066506609534,0.0152632913337756,-0.045567608465528,0.0660065390872659,-0.0174802064336965,0.0743105464879975,0.0414765607820607,-0.0238323750704197,-0.0374177823381971,-0.0258689505405527,0.0207366181219812,-0.0308627370787504,0.0224969298631502,-0.0165506568284023,-0.0149438854081289,0.0337391697736104,-0.0288374360291858,0.0646851952577736,0.0280485135378126,-0.0310134259935452,0.0281174165892625,0.0396405232256596,-0.0128845369294686
"SRR10030463",0.0425208107298668,-0.0337441656218022,-0.0368332610565166,-0.0363304945858657,-0.0574360295730953,-0.0146585192239938,-0.0396423567241409,0.0675618043593981,0.104855649856655,0.0244885363082269,-0.0462103215741653,0.034669115733312,-0.00778743124986506,-0.0494881617627271,-0.0385355630592129,0.00269296848511902,-0.019297261906381,-0.00873508028069686,0.0148417230210658,-0.0450170864671466,0.0642812001064404,-0.0170494368862692,0.0721073872735735,0.0391978344324776,-0.0218767517796932,-0.0388782462114183,-0.0266021316794953,0.0221599933450507,-0.0251327564530819,0.0215968328474255,-0.016625869694051,-0.0150191388798584,0.0287009768465819,-0.0304766028949967,0.0663923567075389,0.0278374568394167,-0.0359494705116414,0.0283881500542989,0.0398966361264389,-0.0167275976212535
"SRR10030464",0.0430742193346163,-0.0327152720872591,-0.0366470991241267,-0.0413994315833479,-0.0549982582006929,-0.0177352089990056,-0.0424735632512472,0.0683582582999633,0.102784296729431,0.0263852933903702,-0.048354368053381,0.0344541563742995,-0.00968503871024345,-0.0523710032583425,-0.0384435172489558,0.00294599846534788,-0.0153325251435506,-0.00466694872534822,0.0177585730181344,-0.0463293604633058,0.0672817574415761,-0.013083541667648,0.0760824262065523,0.0390536237720225,-0.0181787855378023,-0.0355468756961794,-0.0275516915476624,0.0228193036864016,-0.0256103786037073,0.0239981957535496,-0.0113499404060021,-0.0158199628767737,0.0349823115616364,-0.0321192691722425,0.0658162135878753,0.0280470335579471,-0.0322957391214471,0.029770122175842,0.0394225389136935,-0.0163632213407971
"SRR10030465",0.0429976097578346,-0.0322210246026208,-0.0365512815827162,-0.0379011475704568,-0.0518429093406269,-0.018288533712263,-0.0427438571462714,0.0678334699236628,0.100553518707497,0.0245893507336093,-0.0479327753313829,0.0336329496372208,-0.00862321909968294,-0.0631334996681534,-0.0401593152768406,0.00271734083960404,-0.0200819133822186,-0.0072639987539219,0.0161954940036554,-0.0478840775913855,0.0681034226962069,-0.0205195283004207,0.0743678707617034,0.0405479566975699,-0.018859285851577,-0.0399623785995896,-0.027084833370816,0.0193237875264158,-0.0232996577167447,0.0237950987130675,-0.0117150941052967,-0.0136643423569662,0.0331402998056824,-0.0319961206727463,0.0658000349835496,0.0277021935315527,-0.0297555142444941,0.0282471067278649,0.0395249181102595,-0.016661045220352
"SRR10030466",0.0421055678544142,-0.0317872352530443,-0.0365161818244653,-0.0388136537877077,-0.053392450616608,-0.0176509482151591,-0.0434229369559679,0.0690429810949872,0.104445169139305,0.0238170363152404,-0.0467067649494092,0.0336348953094973,-0.0079176194129125,-0.0596892234172615,-0.0381344287930724,-0.000942992308345403,-0.018883183634362,-0.00504427502711731,0.0165043716532148,-0.0429196915268015,0.0672736460060518,-0.018054355593386,0.0730740266368862,0.0404446386592226,-0.0149595432234519,-0.0380662381308746,-0.0265723105784061,0.0221643141089955,-0.0253740733195771,0.0236406067552192,-0.0123910916642361,-0.0153583904124718,0.0275518567709127,-0.0313464773966619,0.066769952641674,0.0287011525299452,-0.0350282592541495,0.0248990384432237,0.0383128950429875,-0.0113981674932686
"SRR10030467",0.0433619378706972,-0.0327731760961488,-0.0365730520911323,-0.0382591962874705,-0.0522816951532698,-0.0169268649046094,-0.0431675910119789,0.0674863499979683,0.10347485743778,0.0257045654389281,-0.0471542793792805,0.0344038984106157,-0.008367364339366,-0.0467832854566544,-0.0389457584956966,0.00416326293251025,-0.0189774354735153,-0.00588718491261919,0.0171788864461612,-0.0478748023144925,0.0671438306202916,-0.0205195283004207,0.0731334738454788,0.040123670623059,-0.0251889790326812,-0.0372552093482071,-0.0266047213120218,0.0206381003626933,-0.0233224609410686,0.0234279579236533,-0.0107526249196503,-0.0154090482207224,0.0342058384914999,-0.0293282222299134,0.0644028394202323,0.0278101681455445,-0.0319066069234073,0.0260769614088303,0.0387497265966018,-0.0105538769593163
"SRR10030468",0.0431516494391169,-0.031856319112926,-0.0370030867513469,-0.0370074597393195,-0.0520864837334029,-0.0155064193442992,-0.0432422273533228,0.0650241439969016,0.103780622242586,0.0235191535503709,-0.0497020874211538,0.0341074728769403,-0.00930219605246174,-0.0639656567385163,-0.0399359939053677,0.00253208914623796,-0.0187659613515165,-0.00409177285506843,0.0161712052793699,-0.0454398456609401,0.0663432758941742,-0.0174548035576942,0.0704680368556955,0.0397454222850344,-0.0214047239200808,-0.0394216566865768,-0.0263354126642684,0.0198798600989568,-0.0259554783359093,0.0234774135614898,-0.00846696454408898,-0.0151433755816794,0.0296629545131786,-0.0289780053186015,0.0662811972028108,0.0285850399078741,-0.0325436247869662,0.025785167580909,0.0386952904919971,-0.0118618068020143
"SRR10030469",0.0431653588266172,-0.0336750971135742,-0.0364897911970535,-0.0407081473546702,-0.0500889798582868,-0.0141653007110513,-0.0376391456360597,0.0676950101403501,0.103641648361861,0.0254287292792982,-0.0462667683425821,0.0371552518867599,-0.00774656642927335,-0.0647877503193898,-0.0407859971893822,-0.000314554645708192,-0.0192914677406189,-0.00560325508588328,0.0175463786380578,-0.0452466076695115,0.0667196354105992,-0.0205195283004207,0.0712464276891128,0.0399723778983151,-0.019520623992129,-0.0392916287220002,-0.0255759931783056,0.0195364529540717,-0.025313796052079,0.0217373618372364,-0.0181903533596611,-0.0151630057870264,0.029411809475523,-0.027727986443064,0.0661544289702425,0.0283962051877142,-0.0291425683644889,0.0243817816972194,0.0388867820170025,-0.0127356049551514
"SRR10030470",0.042604125189491,-0.0324918853045784,-0.0360836694087183,-0.0382072795042949,-0.0514998071353537,-0.0152276261901021,-0.0407750277369581,0.0650471126738902,0.102680808655883,0.0249147326062134,-0.0441645019585933,0.0344700814499405,-0.0123745029450652,-0.0647880417723293,-0.0378121925772024,0.000949510573840647,-0.0196181489421945,-0.00542010334198758,0.0155529183448006,-0.0452834206103644,0.0648623080431125,-0.0205195283004207,0.0733094700560497,0.0405696831379359,-0.0191410998114302,-0.0360398631664921,-0.0264767893675478,0.021750901023679,-0.0251393948132137,0.0206665300379304,-0.0135665564321331,-0.0148522422409056,0.0346964301652586,-0.0303095445961035,0.0650284457455727,0.0276692945497656,-0.0318277697240536,0.0268436573471846,0.0388167586228949,-0.0139218221496202
"SRR10030471",0.0429235298288038,-0.0331883335129224,-0.0353382007560815,-0.0407393338292678,-0.0527047454725071,-0.0140171278829936,-0.034783161980119,0.0687311908682607,0.100291305136779,0.0254324248405702,-0.0437655497686243,0.034855464947979,-0.00868311692840329,-0.0618225303983282,-0.0397249638031031,-0.000472950929041713,-0.0197416996302668,-0.00585800268615897,0.0152486782707285,-0.048899939799151,0.0677100591547265,-0.0205195283004207,0.0727828669985871,0.0402567188982354,-0.0199289948676471,-0.0394725335250238,-0.026792212812153,0.019492620919273,-0.0260290829891166,0.0232045797516222,-0.0118837333814559,-0.0124837998969782,0.032848817832595,-0.0292659645272395,0.0657855699033775,0.0276226039176091,-0.0333997098830814,0.026953030498284,0.0389347497968554,-0.0125456733626892
"SRR10030472",0.0418658900816614,-0.0328088580781282,-0.0365176569373136,-0.0404951480653515,-0.0514429591594175,-0.01225436704611,-0.0470495217229981,0.0676226977384822,0.103441933459279,0.0230072005735528,-0.0441655607492367,0.0348481087859317,-0.00895137461182039,-0.0547797801227037,-0.0390083720237379,0.000650177657515981,-0.0192480382949478,-0.00551155887847836,0.0184733843090224,-0.0446463658217355,0.06586021237544,-0.0205195283004207,0.0699120510252472,0.03935828874242,-0.0242019859952011,-0.037466137947916,-0.0263703941500489,0.0212811971560183,-0.0229523845647227,0.021906071085511,-0.0153597143683046,-0.0160362714274124,0.0304305714300711,-0.0300647994705001,0.0652625178400224,0.0282885872156,-0.031644199850856,0.0277479801748553,0.0374352101312933,-0.012133989556572
"SRR10030473",0.0421807673806643,-0.0321945347887606,-0.0370204497819923,-0.0385371714421982,-0.0533395507113923,-0.0154339882129974,-0.0417179765766736,0.0645607762550856,0.10252649557084,0.0240923558052594,-0.0471872072334185,0.0336286480654876,-0.00938606951843018,-0.0698197826909311,-0.0348526044998713,0.000967874409536481,-0.0161411532224482,-0.00705398251443555,0.0156565768349968,-0.0458899213092037,0.0666612824084451,-0.0146808884796358,0.0759049563719335,0.0394363807204931,-0.0199698636390648,-0.0407482194103437,-0.0266760765376045,0.0203071133948718,-0.0231524427482272,0.0219946331768006,-0.0124163114291721,-0.0146641214965799,0.0313345480016451,-0.0300500508509255,0.0640308434434678,0.0280816889180759,-0.0318200944513152,0.0266554340150297,0.0382690636665344,-0.0162263674556843
"SRR10030474",0.0439657913288757,-0.0317269703825796,-0.0368124573257866,-0.0408710316352533,-0.0546914711153164,-0.0153639034261462,-0.0377181939848647,0.0620248577634281,0.103009652227803,0.025466714899155,-0.0484810756596738,0.0342494876232324,-0.0102064808163253,-0.0586997760305884,-0.0398939106862866,0.00286797971631473,-0.0206662610596084,-0.00680922987476011,0.0164211549913954,-0.0453062524129597,0.0671527587360367,-0.0182678444602375,0.0745620694645827,0.0408149685879094,-0.0201740092404186,-0.0371690604056494,-0.024612229043454,0.020420631782892,-0.0269474454867445,0.0228577948413092,-0.0140428173047876,-0.0177627554323616,0.0325962003545412,-0.027287061083171,0.0662788002434543,0.0277434441945966,-0.0332226828665713,0.0276257505756749,0.0382064424173739,-0.0100264469990766
"SRR10030475",0.0435828522142843,-0.0340311385447163,-0.0374852934429271,-0.0374874455666743,-0.0509065742931556,-0.0160036245518326,-0.0423248136042003,0.0630169349693421,0.101526777999804,0.0247810345200366,-0.050114391760977,0.0350920146608981,-0.0103011140056385,-0.0640683604825777,-0.0358489487836488,0.000806106559006971,-0.0200331341108774,-0.00972860636958642,0.0157658400253493,-0.0446122207137624,0.0663166023991377,-0.0205195283004207,0.0721115784302276,0.0403766064747062,-0.0202344773209775,-0.0372524549947828,-0.0256485027715565,0.0229242515171039,-0.0245523012600745,0.0214649417150518,-0.0101913920311662,-0.0161052517435235,0.0345980685735772,-0.0315613338848224,0.0641098001718928,0.0288324756464094,-0.0336892791163324,0.0250366897303733,0.0383611501977,-0.0121950787306533
"SRR10030476",0.0419833264604876,-0.0369183984403686,-0.0433936422344097,-0.0411096444245708,-0.0534015571869613,-0.0177505795897537,-0.0412827136571526,0.0620917128016066,0.10419559657985,0.0208523214306708,-0.0481681281683452,0.0330382074398019,-0.0101955517820373,-0.0776675796937616,-0.0431273018000928,0.00647644323232227,-0.0194980182632595,-0.0112564479280903,0.0156640472095945,-0.0474144868583723,0.0669467278601252,-0.0205195283004207,0.0739678195487828,0.0379531747041261,-0.0225334799147297,-0.0436356491588658,-0.0309728948491893,0.0186847058250641,-0.0291706651295186,0.02128452416759,-0.0195337820357728,-0.0247297125650082,0.032852830428638,-0.0295514341381178,0.0673010593593906,0.0287535150282479,-0.0340425291701475,0.0254199498335208,0.040007600926554,-0.0179211340459123
"SRR10030477",0.0428888488307032,-0.0330218002354133,-0.0365063802106276,-0.04074666122796,-0.0551013225224033,-0.0144695622340855,-0.0464468268223985,0.0728087503848572,0.103890829236757,0.0223873599177429,-0.0456901964318421,0.0334913029790443,-0.00941406867950157,-0.061391293611032,-0.0376209080786048,0.00320063563096594,-0.0172731637673929,-0.00378072938560517,0.0150094952467798,-0.0458481282573967,0.0654265012943949,-0.0205195283004207,0.0695468330653493,0.0417304393641169,-0.0219468963951078,-0.0383173583322973,-0.0264604966966997,0.0206430439065456,-0.0269094394391236,0.0222202168778034,-0.0035482321261342,-0.0150883628368769,0.0315644598616629,-0.024271621748257,0.0654511583435373,0.0276502681432147,-0.0341658465618895,0.0279537410679113,0.0377514444779743,-0.0174335658829442
"SRR10030478",0.0437315267103476,-0.0323807910934268,-0.0372854261064503,-0.0413355869414265,-0.0525665532709468,-0.0134792530224716,-0.0381611326172163,0.0617082485920886,0.101337195634493,0.0248446388827676,-0.0464232419058496,0.0357107902710625,-0.00969222054594441,-0.07610894776838,-0.0390032939231767,0.00252240462935547,-0.0173515699328376,-0.00422922370073228,0.0140660302001749,-0.0452091487189365,0.0681737638390223,-0.0123938251283734,0.0731985512914295,0.0408478737015828,-0.0245313341911691,-0.0390791066131444,-0.0250765930099313,0.0206146871522725,-0.0274400673036901,0.022954808746928,-0.00906733905512922,-0.0205681628761136,0.0328189281359055,-0.0256410540086898,0.0665559001431529,0.0280504471556251,-0.0332841564007579,0.0277288455849176,0.0376193243586013,-0.0121669137625054
"SRR10030479",0.0441434183674286,-0.0332772235022037,-0.036397929771584,-0.0387619302676187,-0.0554320256781282,-0.0139079040005977,-0.0411411540966951,0.0669407794937388,0.101884750109706,0.0221866749296682,-0.0457985583415065,0.0360225576703554,-0.00828929679940836,-0.0609987891933971,-0.0380417489795891,0.000693594038109046,-0.0204640832643142,-0.00667494315869619,0.0173084332374642,-0.0445541142648166,0.0672205512188744,-0.0170854105602179,0.0749259801762106,0.0414389158491209,-0.0195331006308389,-0.0383620630446719,-0.0263326116230296,0.0212055860937418,-0.0224698579324575,0.0226845115351703,-0.015122095806336,-0.0172926893683873,0.0345752387062765,-0.0284896886943837,0.0648791713960541,0.0278710402789621,-0.0322876447243719,0.0303577604354391,0.0410834713341024,-0.0166202422398516
"SRR10030480",0.043106395659181,-0.0324881047573488,-0.0361787624474596,-0.0380290930338855,-0.0556103025982201,-0.0134532950178446,-0.0384974397592603,0.0658919194407055,0.101372316238293,0.0244792946478455,-0.0433755790534525,0.0339491513819761,-0.00963767671572082,-0.0535178343156234,-0.0390873675803543,0.001498656025987,-0.0183865484585303,-0.00476767631541819,0.0160464588552865,-0.0458638993453682,0.0653220532026764,-0.0205195283004207,0.0738858789424701,0.0398944274574619,-0.0204418426641194,-0.0394102806866447,-0.0262876197305768,0.0202902566103364,-0.0283997658830273,0.0211881768987665,-0.0142884354330581,-0.0167454441670888,0.0296807538031425,-0.029817568859823,0.0655185868779388,0.0282919213738699,-0.0319208196277677,0.0281378375100866,0.0392292001038811,-0.0139923901353691
"SRR10030481",0.042649680893748,-0.0322678290279159,-0.0376758373568764,-0.0392565389403726,-0.0536928490263195,-0.0139836721726735,-0.0394101550153211,0.067687515067443,0.104199788306882,0.0238168163550848,-0.0481289493597993,0.0341049022794801,-0.00823537222360486,-0.0619995005579731,-0.0396275211049275,-0.00138450651704423,-0.0229853451324864,-0.00515258715424124,0.0149280352007931,-0.0479950819932497,0.0660335741052687,-0.0205195283004207,0.0780661537890139,0.0411997972736195,-0.0218698759670967,-0.0363820208247266,-0.025887433328069,0.0204418886725706,-0.0278611202952678,0.0225121719351731,-0.00986461754999961,-0.0148749589356195,0.0346186519157719,-0.0333870161873244,0.0649327216441749,0.0279952875685693,-0.0326808906747941,0.0259024027945566,0.0379832996013165,-0.0122020625188289
"SRR10030482",0.0422348763254183,-0.0326336255312004,-0.0359913656349051,-0.0407363256431,-0.0523776509067743,-0.0133728221178749,-0.0357753333140185,0.0715284059421107,0.102817613314025,0.024401684628807,-0.0465887977688934,0.0356693917692496,-0.0115831209126787,-0.0618350791788952,-0.0372846421045796,0.000539922002892918,-0.0199212413432628,-0.00674659567701653,0.0171485695015496,-0.0464058434638858,0.0642329209076692,-0.0183644867463174,0.0719075525925052,0.0402329574963576,-0.0262494128141265,-0.0389658570276613,-0.0248518182129549,0.0222614994708289,-0.0268312198531541,0.0248797224324504,-0.00985974889534955,-0.017159399527383,0.0227065748738824,-0.0280434251604945,0.0659651135408601,0.0275546424631891,-0.0318114819154776,0.0275491392276016,0.0401725014133696,-0.0161286235693399
"SRR10030483",0.0875458061300362,-0.0457060907322292,-0.0445765711441368,-0.0355528713775117,-0.0633744834686351,-0.0135368280595395,-0.0468982663554543,0.032333189473148,0.108577569932176,0.0744341203573277,-0.0453950182685298,0.0469384324034956,0.0578134810216168,-0.0765493610614538,-0.0312690579013587,-0.0127224248428782,-0.048675510217992,0.0217111999843573,0.0391515619055561,-0.070268700760963,0.0534998064339339,-0.0205195283004207,0.0344373180498533,0.00351090239838816,-0.0223276469004073,-0.032950539026277,-0.0269120711517078,0.086880945928298,-0.0343429611031394,0.0874381064837813,-0.0246217586709969,-0.0514334740300545,-0.0236139360673525,-0.030845890983818,0.0883936787165407,0.00887854133770946,-0.0374028390974152,0.0484516593406844,0.058875804744163,-0.013165821935559
"SRR10030484",0.0872426430698622,-0.0459551496210211,-0.0458339851134434,-0.0334623144656924,-0.0646041118519808,-0.0138969600376363,-0.0415434098779042,0.0282035074488131,0.110664350002923,0.0714848620837995,-0.0432768919014436,0.0467531174699553,0.055555963017829,-0.0682017721498153,-0.0302319812537393,-0.0103339920562813,-0.0498749312793869,0.022022804897986,0.0363229310178087,-0.0689710065686934,0.0552943377109451,-0.0171961590231753,0.0381878507916472,0.00287456404688524,-0.0197070600906137,-0.0386735711299696,-0.0300949540724266,0.0888035968778736,-0.0291400746228084,0.086302307282274,-0.0196555636951817,-0.0483542447523459,-0.028979496860971,-0.0252472872583734,0.0903444448688097,0.00877638268333993,-0.0386565103597107,0.0468267855669599,0.0603388663957937,-0.0132289661391232
"SRR10030485",0.0892036246332495,-0.0461757925541409,-0.0462600345188454,-0.0332675003373397,-0.0640404021300417,-0.0168647064792248,-0.0414641771227387,0.0376806967389594,0.109109112647064,0.0747197076924195,-0.0470563240213791,0.0461885711686015,0.0544258198283734,-0.0689114176909758,-0.0321559338401287,-0.0098546159567113,-0.0475029255812275,0.023774003331186,0.036584379952152,-0.0679274065364806,0.0582007089890119,-0.0180263941466147,0.04072230795237,0.00411591082545494,-0.0197548502448665,-0.0362603231382281,-0.0284488390936821,0.0884290174062407,-0.0317142055918696,0.088054714961869,-0.0184172634324769,-0.0496055181381731,-0.0295138308208948,-0.0314949606468838,0.0909241131341889,0.00757495407858924,-0.0384725137136788,0.0455043531417897,0.0586391110363946,-0.0132528563325625
"SRR10030486",0.0862525985401381,-0.0453547778063059,-0.0454080309103184,-0.0356351153562507,-0.0628298063528517,-0.0116596754411425,-0.0397918181258687,0.0376029237224608,0.109940828772714,0.0734860887448227,-0.0430208241432548,0.0475447628931538,0.0585552809071465,-0.0648040759577237,-0.0303516023435492,-0.0120580319586325,-0.0466303736765239,0.0220294158158253,0.0361582857548812,-0.068639825385624,0.0550233389401025,-0.0205195283004207,0.0374429175465506,0.00397361305416631,-0.0141495128497291,-0.0341305525609758,-0.0278030476488723,0.0890595429371069,-0.0322491446384546,0.0877572205969934,-0.017880352838709,-0.0456687534105717,-0.0326722693168228,-0.0260008014627393,0.089444372406792,0.00782221552220502,-0.0387009305503401,0.0490919580072811,0.0611080112843468,-0.0172265770941196
"SRR10030487",0.0864968416451926,-0.0456013093522005,-0.0451500934912795,-0.0388928920587172,-0.0609899645795296,-0.0136151553639597,-0.0415071147453448,0.0306915026497006,0.110485850829519,0.0740499109198127,-0.044719141182378,0.0464635437660359,0.0578551654244368,-0.065395070249088,-0.0317898212004122,-0.014146001338355,-0.0481298869386831,0.0263643357121831,0.0365654753669133,-0.0669714269478009,0.0549316589506636,-0.0205195283004207,0.0441922274245862,0.00370062979545247,-0.0226842945223913,-0.0353903363536762,-0.0298796445757657,0.0885311301171952,-0.0296595383225581,0.0870786924961423,-0.0232211869202657,-0.048461242499574,-0.0191817946048534,-0.0261051977804101,0.0899889733210498,0.00806554677153096,-0.0406900671138587,0.0475542436935393,0.0578508049394536,-0.0144224342608707
"SRR10030488",0.0869410548798997,-0.0447896312393968,-0.0472868397828459,-0.0344120599324298,-0.0634114040254511,-0.0161896353954578,-0.0416050884908632,0.0254895542522942,0.106331867361106,0.0725474032826925,-0.0448417219355607,0.0462891676384007,0.0562274143794641,-0.0666106691860848,-0.0296280815896992,-0.00816499287718487,-0.0496460377086164,0.0196134823610532,0.0356621076962123,-0.0686625097928344,0.0536975307264043,-0.0130159099398201,0.0406947405693685,0.00190320002691845,-0.0235080770986288,-0.0346358610238135,-0.0309904342284,0.0883474860800942,-0.0322618009531903,0.0863001275248033,-0.017293708326644,-0.0493662728272422,-0.0214272466715722,-0.0311021566915386,0.089779681603577,0.0079022991968244,-0.0405120817412838,0.048394831876563,0.0603199775629208,-0.0174129875199566
"SRR10030489",0.0866578014038585,-0.0462536808496402,-0.0460144516063055,-0.0366990386774849,-0.0651707413116213,-0.0134560903141016,-0.0412822683853904,0.0325417182999521,0.111030856487211,0.076132846331567,-0.0433305869213208,0.0452255065117133,0.0553572282555794,-0.0712361378014176,-0.0312890322861183,-0.0129012801490054,-0.0460844071989895,0.0187224673554208,0.0347345175736196,-0.0676227490235206,0.0556055392866658,-0.0205195283004207,0.040419410159457,0.00407974012138202,-0.0204088659271822,-0.0342467434182723,-0.0289163422345739,0.0891783200813928,-0.0331602495324263,0.0883066327435887,-0.0215547629119068,-0.0493229761957496,-0.0260036283525251,-0.0337464190620891,0.0904929383221801,0.00836508324002329,-0.0373830534202693,0.0430415305728116,0.0614443441002201,-0.0160352305757213
"SRR10030490",0.0866914446801907,-0.0461051887792612,-0.0466134705606952,-0.0365050007849612,-0.0646401689553159,-0.0147072284842347,-0.0428943919649504,0.0344071826599207,0.108952361145455,0.0708855334947969,-0.0448093560471805,0.0492311436350351,0.0580154929890881,-0.0743803890306997,-0.0301567316357912,-0.0131741756176019,-0.0507190357219546,0.022427500179794,0.0355246552544774,-0.0677043048221187,0.0533258333310507,-0.0205195283004207,0.0442973837141405,0.00126922108654008,-0.0260498216222317,-0.0357509450140297,-0.0276510061416373,0.0871105025586268,-0.0300761122836802,0.0888087016599915,-0.0245559472188495,-0.0427943880097436,-0.0260782116314868,-0.029548599516779,0.0874687641463367,0.00787353080162169,-0.0381678733154807,0.0434260034915704,0.0597980953404776,-0.0155523104680142
"SRR10030491",0.0865678588550249,-0.0459378824840624,-0.0455161114774191,-0.0363411746054555,-0.0619603943543737,-0.0149196791637112,-0.0428814705062887,0.036646470498871,0.111661870384695,0.0751339630683001,-0.0444089602518566,0.0481868718110014,0.0578083733835619,-0.0619390108955094,-0.0301853343829704,-0.0127542105477858,-0.0473887368474373,0.021155087453107,0.0395876856512881,-0.066164963634556,0.0539174985112343,-0.0169165259841035,0.0455782125948506,0.00130788216341718,-0.0270593134784456,-0.0366209931298483,-0.029116326361305,0.0882250235900463,-0.0308719861806484,0.0872874829410932,-0.0289892277099805,-0.0513112449164378,-0.0311840792235036,-0.0319304854892112,0.0877519935723917,0.00830796684123682,-0.0396059887966181,0.0414350145389242,0.0602435815411536,-0.014666366433129
"SRR10030492",0.086722108909338,-0.0451244005098335,-0.0456363413317557,-0.0364220952078272,-0.0616672479678592,-0.0163112625894829,-0.0391558482774624,0.0288281965110781,0.109240569031464,0.0715009603648155,-0.0437022118234194,0.0473972492093104,0.0565866437494485,-0.0774336505667508,-0.0281600449769591,-0.0114368990626601,-0.0454488642284629,0.0246335366832743,0.0358681317645827,-0.0679610714129133,0.053471491903234,-0.0205195283004207,0.0418964613354166,0.00188760463920304,-0.0241751017456226,-0.0336429679026671,-0.02781586765114,0.0851191528379312,-0.0308340662220349,0.089023009675645,-0.0211836200646769,-0.0512153534593016,-0.0270623014104513,-0.0318396790555291,0.0901194964347696,0.00762428809259446,-0.0376158680066348,0.0480959255879694,0.0577905466056137,-0.0161558044066211
"SRR10030493",0.0878890932027778,-0.0455809777524642,-0.0457023531352216,-0.0355791850750062,-0.0629631784413462,-0.0113826448379879,-0.0359200052192824,0.0277859012097008,0.104191740151073,0.073999770514908,-0.0421062602143358,0.0493102117133143,0.055760795314213,-0.079566821249474,-0.0318548893588789,-0.0140434497974502,-0.0486175004408558,0.0193746283791543,0.0371313428375461,-0.0700153200848938,0.0541987839537384,-0.0205195283004207,0.038027861738203,0.00363031019222969,-0.0230423051774975,-0.0353124816966275,-0.0289002834015459,0.0887645470100044,-0.0292503704158637,0.0877128284048381,-0.0231301658302849,-0.0482569559258714,-0.0227777740447582,-0.0282054031368361,0.0899813481426554,0.00763261439759472,-0.0415526195762259,0.0498338327752714,0.06094978395902,-0.0137897123186817
"SRR10030494",0.0865583829976817,-0.0441198099341112,-0.0454922803592905,-0.0365388479858943,-0.0618414191333374,-0.0146193623638552,-0.0412537693803559,0.0321220121364678,0.112802531285904,0.0733925267384285,-0.0419768085648609,0.0477732688774591,0.0598773791403916,-0.0750849064119667,-0.0303462278709685,-0.00946457888804591,-0.046933348195334,0.0211030802142862,0.0394113468794845,-0.071186762527768,0.0518054419155028,-0.0171842519265688,0.0429535079007739,0.00200419780092307,-0.0205081503111249,-0.0361530805586372,-0.0283213304370948,0.0876251175912205,-0.0335778899312329,0.0883382584782208,-0.0158867988480107,-0.04680413166113,-0.0293992951483847,-0.0293976363327999,0.0894804909174064,0.00866409270239598,-0.0396037051295807,0.0482530702315711,0.0600066876934265,-0.0143651573904865
"SRR10030495",0.0851681807241673,-0.0459318071920768,-0.0459241059092166,-0.0374276677254997,-0.0650917364648495,-0.0114247391550259,-0.0398260680731817,0.0301227168702151,0.107619818846859,0.0728051842452812,-0.0451043931275429,0.0465138487510919,0.0580907583538435,-0.0642208908537459,-0.0304585361562849,-0.0133408888633203,-0.0487153671368641,0.0228440929490381,0.037697392482898,-0.0681557321055655,0.0521375995939779,-0.0205195283004207,0.0373547866535604,0.00153756257806202,-0.021990695684633,-0.0335375680345369,-0.0302678585221916,0.0901930745244768,-0.0306360844294191,0.0889060732683457,-0.0203002948250584,-0.0470903414305468,-0.0287820045274787,-0.033488864337939,0.0912622717922226,0.00774808671853601,-0.0399981330075804,0.0482369023254054,0.0598891445563225,-0.0172952134699088
"SRR10030496",0.0861872651326237,-0.0454491120303554,-0.0450996905674778,-0.0347959675457554,-0.0616033733477378,-0.0147026112346088,-0.0420292840393876,0.0304626628794518,0.109472821217162,0.0728758708504743,-0.0469030304296171,0.0473306993223419,0.0583456048872273,-0.0808143213054906,-0.0293518745008905,-0.0126171228335141,-0.0473930544642324,0.0225991326724182,0.0376889352495304,-0.0675918746535732,0.0544462704682839,-0.0145268005218617,0.0364805403090803,0.00163331298854289,-0.0219631335116505,-0.0348806346319583,-0.026869207314542,0.0861033820678823,-0.0317688042704155,0.089569621593001,-0.0257811061148134,-0.0456018380552202,-0.0286309001843715,-0.0294030124008691,0.0885998238777996,0.00907392036877656,-0.0371179915841511,0.0455158550875773,0.0566857187614581,-0.00805776627083083
"SRR10030497",0.0862700874434804,-0.0453916776735799,-0.0455526931459817,-0.0373563861600834,-0.062082947926487,-0.0139745729870681,-0.0317686555507952,0.0366389816962556,0.110041910947356,0.0752274714667431,-0.047161469091833,0.0474241160970574,0.0568920034856003,-0.0724324349195894,-0.0311636253102007,-0.0108525168888402,-0.0460924165407363,0.0218052102927971,0.0365151184546029,-0.0640679975063137,0.0518223380603106,-0.0205195283004207,0.0436363012992492,0.00197702879079665,-0.0237539749565691,-0.0351752550040117,-0.0280564786158911,0.0882889954649892,-0.0354383195592813,0.0875582246727745,-0.0205239374503857,-0.04806907425534,-0.028311527303406,-0.0292011552093255,0.0899027081321073,0.00726497950148492,-0.0414334733441208,0.0452819685660251,0.0593990106773778,-0.0170898343302592
"SRR10030498",0.0877423862809664,-0.0477397990816352,-0.0487125273779108,-0.0341749767599423,-0.0661096774842529,-0.0153193066362828,-0.0371334459972574,0.0243144931222548,0.107799515023925,0.0719581199566391,-0.0478162265621275,0.0468247739965182,0.0545286697904832,-0.0851566183814742,-0.0359133819299524,-0.0129121252989313,-0.0469654454776659,0.0206158214068765,0.0351009189871526,-0.0694620300748967,0.0550008567412994,-0.0205195283004207,0.0355120227498964,0.00165089805097822,-0.0216068838179134,-0.0367627236677753,-0.0295822379575383,0.0855921222724908,-0.0316316398160438,0.0890381331973388,-0.02360266692655,-0.0530612088079644,-0.0319959056325109,-0.0302586974857317,0.0913875960299182,0.0087703508659334,-0.0394165013568191,0.045700788291655,0.058159473086879,-0.0135646290482893
"SRR10030499",0.0877559761259888,-0.0463515456242532,-0.0449949257742036,-0.0347460033163753,-0.0624360266227956,-0.0157213664355301,-0.0401179820251496,0.0307683668018435,0.11137004658418,0.0755921552814969,-0.0441095987657855,0.0458291529893121,0.0588816248751304,-0.0786559225270315,-0.0320479424614818,-0.0117194371441244,-0.0475431128243884,0.0247334461361086,0.0369594163573054,-0.0689447672832034,0.0544975381045077,-0.0167811552365136,0.0405414978636139,0.00381255235076432,-0.0220558592561403,-0.0327929961092844,-0.0308862861829314,0.089746102242472,-0.0291875805461848,0.0892766187419543,-0.0194873174203714,-0.0482044600828838,-0.0255308022049963,-0.0274070087499837,0.0894904315303097,0.00813615640258889,-0.0423637021569917,0.0463845645524733,0.0589824004784033,-0.0155739028989917
"SRR10030500",0.0872392786505272,-0.0468894986243215,-0.0464362380915963,-0.0363859893352199,-0.063676199953513,-0.0145149990034629,-0.0445181072004718,0.0240709449755855,0.111073464773042,0.0722610606198637,-0.0389620200665852,0.0458737230070661,0.055438797159725,-0.0702618297428872,-0.0285071326418783,-0.0114558382791998,-0.0498106988157294,0.0208841379658417,0.037897696735364,-0.0668316967945242,0.0534182481068348,-0.0146490797741721,0.0369030469069035,0.00289896071233735,-0.0192054943699411,-0.0334589542470167,-0.0285616654828565,0.0889116888708394,-0.0308593260949328,0.0886142607601775,-0.0233582321310021,-0.0484733401581799,-0.0186049911398916,-0.0292247234700152,0.0907651488494046,0.0076534968643997,-0.0381350712142496,0.0516644253944537,0.0581960008682286,-0.0142440486449094
"SRR10030501",0.0841132387490143,-0.0459091010274437,-0.0456745590151169,-0.036296838860815,-0.062335509949651,-0.0128241344255938,-0.0426983468296643,0.0316146239242396,0.108610002709412,0.0728237348104371,-0.0460426724755759,0.0483440474134273,0.0521905630593483,-0.0690435034733571,-0.0283786851467699,-0.012007260998899,-0.0479721307691926,0.0231180194619969,0.0379239102097882,-0.0673048355599422,0.0507298436753215,-0.0205195283004207,0.0407941804266827,0.00315872361343181,-0.022455808740424,-0.0347323417731721,-0.0295923101672488,0.0882866847336702,-0.0295695808673061,0.0889878688129236,-0.0217204348149787,-0.0501786439551247,-0.0257132003477717,-0.0260788687628166,0.0879277448779126,0.00794291598685453,-0.0429885880297781,0.0453384092254556,0.0594441938102294,-0.017959090430096
"SRR10030502",0.0847006879176667,-0.0459315955685071,-0.0450250483367832,-0.0375165325517885,-0.0630951956059896,-0.0161403764864298,-0.0429768486934523,0.0288359157561276,0.109776310657894,0.0730082436871356,-0.0440137431141674,0.0459957170767226,0.0578863254359199,-0.0712140801937189,-0.0295016310551352,-0.0114231117197878,-0.0473331332163868,0.0227385548955623,0.0344415408569315,-0.0691193514895787,0.0560274393886982,-0.0205195283004207,0.0383340065358084,0.0028322007831281,-0.023629386599179,-0.0318499804972513,-0.0304550599023668,0.0879066729153161,-0.0305196709799125,0.0885614979387059,-0.0278656041126879,-0.0533507880020362,-0.0311738057561819,-0.0293187949963278,0.0859352436807786,0.00864981140728549,-0.03917077386495,0.0456312717144927,0.0587558895637919,-0.0162887744393823
"SRR10030503",0.0874138867734329,-0.04605646350791,-0.0468748437582949,-0.0346196158906381,-0.0657423689508411,-0.0146137992381549,-0.0394030004395774,0.0241721099225079,0.110472530990305,0.0737224538357633,-0.0439288593271451,0.0489157611625263,0.0574761821486632,-0.0738923699560573,-0.0270682383199353,-0.00950138758139172,-0.050241211701171,0.0235575467374286,0.0384616156446957,-0.0661840575770647,0.0531278651891781,-0.0205195283004207,0.0380817462312095,0.00354154588445465,-0.025847235755684,-0.0330637116174335,-0.0279842712486559,0.0880606075113104,-0.0309079855909725,0.0898179411417975,-0.0119936296159452,-0.0500780258634007,-0.0298429045693498,-0.0283135879419676,0.0896795403336386,0.00824339942807105,-0.0407238912598581,0.0510102683643944,0.059049841524042,-0.0140441323249246
"SRR10030504",0.0871521437229259,-0.0460982205305135,-0.046260066135419,-0.0352376464682914,-0.0629273372842177,-0.0176872473226378,-0.036303398434721,0.0250835937233089,0.108499631040114,0.0733279877031835,-0.0424779849974781,0.045395461399288,0.0607474578945157,-0.0738836069112991,-0.03150934308851,-0.00982303024751774,-0.052390728616423,0.0205679889423709,0.037366689332687,-0.0706481653468739,0.0544649528442382,-0.0205195283004207,0.0413429502986449,0.00352665349349762,-0.0218005957926961,-0.0335605335287013,-0.02816989048018,0.0903328358531346,-0.0332314649619504,0.0858901516788176,-0.0260675268138545,-0.0491030612247394,-0.0241993742928232,-0.0298747868877123,0.0879349813750764,0.00721993119665972,-0.0372368979316122,0.0481606942038188,0.0588707113536678,-0.0131184292807131
"SRR10030505",0.0869865104946567,-0.045837038290186,-0.0461131244257975,-0.0343693372722088,-0.0649857847630898,-0.0158398617911507,-0.0403254413422291,0.0326273211950269,0.111163581638902,0.0722905312705528,-0.0433063050117758,0.0494344875466076,0.0577569621007336,-0.0691075667077574,-0.032972819100647,-0.0118661070785952,-0.0466951021587535,0.0225465249547215,0.0376430504047469,-0.0683403054536172,0.0546824979268003,-0.0205195283004207,0.0385458452867857,0.00173824237922937,-0.0207102961647457,-0.0329583202562861,-0.0273342145754404,0.0871628271940572,-0.0311815059586409,0.0890112024362301,-0.0219630342316995,-0.0465505711232845,-0.0256796099806639,-0.0287699123960118,0.0895218631328225,0.00836665661080738,-0.0375184918485528,0.0446471342729674,0.059623580365683,-0.00829129238477071
"SRR12330763",-0.069412203872963,0.0615894097180251,0.141763358807948,-0.0176523568171739,0.0064555786836145,-0.0039354655046461,-0.0965122544921472,-0.0697628700805565,-0.0495334269106164,-0.0673588240272122,-0.0205957895908354,0.0449676134343408,0.0591613007504965,0.0393429276897071,-0.035526524053479,0.183479817644227,0.12312690168508,-0.0537920970972668,0.0937078841742339,0.0594887900643941,0.0126659742851672,-0.0175098882837195,-0.0666872925692549,0.0893019033235658,-0.0071873831117779,0.0421121365995867,-0.0177759504490379,0.0150627316058974,-0.0649072990412187,-0.028623441825674,-0.0191573554078672,0.0494289229217969,0.111259348812189,-0.0201162506677186,-0.00886730181518387,-0.08984513954025,-0.00595848135367599,-0.252873761335294,0.0329454386560704,-0.00598450884674909
"SRR12330764",-0.0690181013192527,0.0622725269720191,0.14370494027975,-0.0224283549989187,0.00315690385540392,-0.00749451556809686,-0.109331208994538,-0.07095664570749,-0.0538119204031959,-0.0683911049907723,-0.0220440602208245,0.0494874352279571,0.0608432494826293,0.0158971609694712,-0.035690608232792,0.187144569821808,0.118296634238898,-0.0554543290906747,0.0982920024738715,0.0608937258650467,0.025929902449819,-0.00993686584761649,-0.0732181046121543,0.0906982164406582,-0.0131386096935183,0.0459192979662751,-0.0192397606057417,0.0143961070346986,-0.0667616532513926,-0.0307989391900411,-0.0175763391393227,0.0417706889139768,0.105153243882712,-0.0278786440386467,-0.00932893857519707,-0.0928576155159961,-0.00430607231266038,-0.278921934082146,0.0394704076965479,-0.00785601532615068
"SRR12330765",-0.0729441963045987,0.0658441196069992,0.140038392563886,-0.0212617157460717,0.00677471053891938,-0.00941504763090019,-0.0936614077260001,-0.0640819684836657,-0.0454406707331439,-0.0714594058010366,-0.0299230934336887,0.0485436768054386,0.0537265702609583,0.0228528474419606,-0.0353137813277273,0.174934275896053,0.122161564450707,-0.0596034534395622,0.0964301566499172,0.0598976165550119,0.0220507506253688,-0.0161759236164173,-0.0625947566474612,0.0926652510042336,-0.00970940172723279,0.0420837508528636,-0.0181514162970548,0.0083513287338883,-0.0598312893064018,-0.0344357678997783,-0.0222472299620872,0.0537807871272934,0.114861501075254,-0.0161716814444164,-0.00344457300144878,-0.086179635235854,-0.00735617384269373,-0.236438235727359,0.0323697140894441,-0.00297065882487055
"SRR12330766",-0.0533849425200607,0.0481201758898576,0.122657938755644,-0.0275163581366426,-0.0159746277976652,-0.0102577345875949,-0.0917164058752348,-0.0847043092057355,-0.0055633860575916,-0.0635415489046898,-0.0456287761111997,0.0463829863482285,0.0765137325149057,-0.00416883147102361,-0.0492392403923492,0.125192324611693,0.0571428195624957,-0.0618409598664086,0.107178074039196,0.0218607413997229,0.0208893752716938,-0.0205195283004207,-0.0571537783204797,0.036190941720825,-0.0163624271389113,0.0146799963492344,-0.0227295863010903,0.0357615249958034,-0.0620060748913701,-0.0136923837223489,-0.0300123988768358,0.0604155675285138,0.0116795741104969,-0.0223101035623241,0.0452184796390311,-0.0760632012769396,-0.0191450146975117,-0.202829699435654,0.0481651091277707,-0.0113044305920828
"SRR12330767",-0.0456525501169537,0.0406300064252294,0.126065369081904,-0.0288669593812529,-0.0242214486993058,-0.0125685308018303,-0.100794114589535,-0.0857553590820625,-0.00486541656176616,-0.0612891047547418,-0.0490485330950978,0.052581798901832,0.0858730037442058,-0.00979572077159904,-0.0539083569487495,0.148322074316849,0.0640082892721125,-0.0633496280604517,0.110492784631367,0.0154032361601073,0.0397528036526752,-0.0148033779008326,-0.054572446110803,0.032597061444769,-0.0184083170148576,0.0121518888127873,-0.0235290557113976,0.0398813402885757,-0.0649919972985513,-0.0129461964999609,-0.0269566815918929,0.0452647053019223,0.0196187819405103,-0.0253368382782407,0.051796332382896,-0.0800827533982816,-0.019746140398252,-0.217776139423301,0.0586055406882889,-0.0156987958228936
"SRR12330768",-0.0463230506898398,0.0443964216215382,0.124017418600596,-0.0321200203254388,-0.0252158345013559,-0.00999218752265534,-0.101187132695171,-0.0824473276621976,0.000389498458526972,-0.0594884282854039,-0.0503636643803032,0.0568466600091255,0.0818552813243353,-0.0110611521036615,-0.0549433031257717,0.13108953562246,0.0579140294267564,-0.0618061180436721,0.110867291891888,0.0239143468298052,0.048355328445088,-0.0181905413579794,-0.0483309728402739,0.0423735937926582,-0.0181056381165939,0.0140384928123313,-0.0246411661688752,0.0371262888737876,-0.0689450952915042,-0.013248828836369,-0.0281141731341517,0.0544877783036409,0.0319748524902224,-0.0273543146402433,0.0542309723358446,-0.0813035783523922,-0.0212830955148044,-0.205031906793674,0.0571726825272911,-0.015568893491682
"SRR7811358",-0.0494856330738794,0.0584860361475119,0.109627364257673,0.0125929082972152,-0.0266189766675611,-0.00393049180839762,-0.0401045357965336,-0.0654952118477175,-0.0695144078218624,0.0716756896843254,0.182965144785503,0.0687672021837562,0.0288199847273653,0.0197008506833938,0.145686803110265,0.00898223856859099,0.00259809353158594,0.120801534980399,0.0459556965675352,0.0489753540028598,0.0262288865934347,-0.00335765810267842,-0.0747913186425115,0.0851935826308588,0.00532902957698647,-0.0232500892804423,-0.00757162972596424,-0.015870710476743,-0.0196858819683705,-0.0455131208974993,-0.0104162492288388,0.120913238924317,0.0430542689701235,-0.00614605525710152,-0.0650497920474223,-0.121202621268433,0.196795989728468,0.0211104328465077,0.0177092489745932,-0.00996375342175429
"SRR7811359",-0.047820774704339,0.0682554084261595,0.118990818575308,0.00205478791323349,-0.0288785383584091,-0.00904685696740333,-0.0501635844891816,-0.0742300594960248,-0.0611454227865112,0.0493761363405135,0.148145905052098,0.0694982035089966,0.0381765765764475,0.00086412088481106,0.119791701464496,0.00932142276442798,0.00302008050215431,0.092302741736045,0.058584705793289,0.0435332013314863,0.0283619206531785,-0.0139389555139492,-0.0751131917232264,0.0621330751977228,-0.000744879084627124,-0.01645136068998,-0.0116163328998957,-0.00390121229854115,-0.0303686857663172,-0.0431001719472345,-0.0106711256358273,0.12032670649923,0.0127777437225252,-0.0132724752731407,-0.0449960769183844,-0.124657482943189,0.194146268883912,0.0299295814032632,0.0226451114833593,-0.0112983241185178
"SRR7811360",-0.0375164132984826,0.0758438747807166,0.10075336532687,0.00151722501812096,-0.0186422932906502,-0.00998417604465835,-0.0372247742147973,-0.0751278540880849,-0.0552508257772821,0.0708628117292819,0.138365009282301,0.0839786396461376,0.0524591431701579,-0.0179798569087226,0.103592761269216,0.0470671016070503,0.0548783310914405,0.10032116843843,0.0697567908686546,0.0502383087148441,0.0270490482800568,-0.0109625745140169,-0.0901564578451313,0.0675362303988626,-0.0131166154023492,0.0228232610586701,-0.0170558716543216,0.0196312941546722,-0.0327205339888253,0.00710516722458774,-0.0149923279333936,0.117487208263333,0.0533758591552072,-0.0163527272413449,-0.0512255673751561,-0.129826215987346,0.117679285331735,-0.0152039612938269,0.0320513439361993,-0.00501562475537817
"SRR7811361",-0.0418227900466247,0.0462947180244698,0.106787205094698,0.0189950948911671,-0.0308091633481209,-0.00355451231665134,-0.0306471618825195,-0.0741202835952984,-0.071471161415464,0.0772290131799756,0.199975934229269,0.0690809295998302,0.043666164983192,0.0151588616853688,0.136935492364783,-0.0111311977616711,-0.021043246879716,0.118481026111004,0.0432281770533033,0.041223780092547,0.0256443781208354,-0.010028910876841,-0.0802264514688786,0.0591831921241332,0.00430836365226323,-0.0385787184544685,-0.00886893586010425,-0.00991253844160894,-0.0259686267538829,-0.029343570908033,-0.013235764805708,0.114312517326427,0.0079344661534272,-0.00648857380962114,-0.0616873246281748,-0.129454454288299,0.207172852987636,0.0503759581328443,0.0156189003361773,-0.0107890791760711
"SRR7811362",-0.0393763849245483,0.0616451717536184,0.111521623646167,0.0329644774214469,-0.0295216996758305,0.00245998455574167,-0.0226830294684798,-0.0725062284361103,-0.0671669266164419,0.0848418612588552,0.207950602712822,0.0749625032746407,0.048800156524459,0.0334914830562334,0.153290192051928,0.00877245296685266,0.00279610339429353,0.127878263624043,0.0532730842073145,0.0529722523797204,0.0231271487145676,-0.000510379403475791,-0.0874815742546879,0.0614197598538328,0.0133554960278465,-0.0203828445243729,-0.000246026387093108,0.00398773123230209,-0.0158345723934974,-0.0228471668444318,-0.0178117019170536,0.10464770243988,0.0311845863077259,-0.00183975201788686,-0.0609134476363047,-0.132812660857968,0.210829417838469,0.0297638336483121,0.0198607272445829,-0.000721324536985992
"SRR7811363",-0.0770943521930432,0.102626606059371,0.123443009303883,-0.0160544919457732,-0.0173713384840653,-0.00411422979254154,-0.0456100202499626,-0.0513256191434009,-0.0638383940413649,0.00478493061314915,0.0988301518439662,0.0672509269480444,0.00616995828600486,0.0268017311796159,0.102385953114571,-0.0640362030034153,-0.0118344150767312,0.0671981605496276,0.0552454464040899,0.0477107308619266,0.0340271124273441,-0.00792072682310219,-0.0482439146576937,0.1062723609277,-0.000154778177946726,0.0205553168874814,-0.00930025371580988,-0.0297494256425424,-0.0381105229224011,-0.0762569517315806,-0.00209507153969719,0.144124097134077,0.0614875890586226,-0.00767820923665949,-0.0406270139639995,-0.11443353005772,0.170392056958069,0.000874941221517582,0.0241347746993972,-0.00733806835306153
"SRR7811364",-0.00429813339792001,-0.0356514480564266,-0.0396064104251345,-0.0196450488578713,-0.0120933580018308,-0.0143070509583315,-0.027693009376412,-0.0200365123223711,-0.00457225192230437,-0.0231996076048085,-0.0199370082919043,-0.0291874839994483,-0.0743763239494186,-0.000788229651390201,-0.0300224755552118,9.5403934966457e-05,-0.0073287958056281,-0.0347246999461229,-0.0576614192226268,-0.0438640358809346,0.0458964222414652,-0.0180190226047243,0.0825251032251191,-0.0133271134205346,-0.0218128710613796,-0.0337081694869463,-0.0254214196031292,-0.060475872412784,-0.0145745908881936,-0.047659100738658,-0.0232225380536599,0.00794627790612724,0.0439737714163773,-0.0244042627859496,0.00216000483927811,0.0668043094876803,-0.0267495521916645,-0.023558444506598,-0.0120463730533264,-0.0137493176757608
"SRR7811365",-0.0751745885864098,0.104813684156146,0.121889058058299,-0.0165005459496236,-0.0173753689165789,-0.00873079517530093,-0.0341252220491677,-0.0624417195054504,-0.0616637246803843,0.00919438115610435,0.0921439924764544,0.0727069398506921,0.0120635725983677,-0.0153438576756782,0.0829515749112873,-0.0609316461040251,-0.00544165656719224,0.0614911375981458,0.0631737646736779,0.0573698586841374,0.0360922599141179,-0.0177674245719159,-0.054702996709728,0.093902638176239,-0.0106604409948389,0.0180856418296659,-0.018225481049881,-0.0226327315545326,-0.0339297828559839,-0.066419522355113,-0.00551401411159286,0.136392138327738,0.0613306890993028,-0.0101299165617301,-0.0389935210540876,-0.117879729243398,0.14914481303508,0.00680151508089354,0.0256617927240267,-0.00911841866339354
"SRR7811366",-0.0489728435784205,0.0678414584483379,0.119737358179898,0.00482628341714171,-0.0268223588615032,-0.00359877605184596,-0.0493057108298934,-0.0755438069602021,-0.062295042698107,0.0583766536987277,0.168417060914975,0.0706886396514208,0.0345216458407624,-0.00644226728008374,0.133163047729303,0.015587512548648,0.00734624375583794,0.103306192584887,0.054735579092276,0.0431244798636832,0.0268240804852753,-0.0111784463813603,-0.0776785294312537,0.0742865269671644,0.00290229362625762,-0.0219786101190096,-0.00893596969942865,-0.0110307817765154,-0.0241035241436484,-0.0487653017765973,-0.0176952397635646,0.125460178873482,0.0301898906420606,-0.0103142570175587,-0.0521579671035146,-0.126681841697007,0.209963529406261,0.0248003900759679,0.0201980421737715,-0.00412145839910031
"SRR3124722",-0.025179572312486,-0.0229447695138847,-0.0334543098006513,-0.0272592392291701,-0.0076416234563179,-0.014486855603761,-0.0371466363634337,-0.00308345339086638,-0.0362562150935836,-0.0705868508385258,-0.0346487976302279,-0.0410055787571857,-0.0863073816191048,0.0131256860750981,-0.0459356748191126,-0.121044984563309,-0.0866282455458621,-0.0656793138140203,-0.0739851386477525,-0.0349616810240506,0.047586845669452,-0.0205195283004207,0.092567378910861,-0.0151006499335735,-0.023338052315738,-0.0226388229940919,-0.0252854450043737,-0.0858303010615407,-0.0370759333238833,-0.0648878554071966,-0.00874058987411574,0.0142505709547244,0.0166523741091101,-0.0254000901820042,-0.0129621155951328,0.0601193738349452,-0.0218127093339745,-0.0307966777281176,-0.017952290066595,-0.0156094474264396
"SRR3124724",0.0624745255421657,-0.0522601966048991,-0.0408976873608686,-0.00329176409048458,-0.0337129726401364,-0.014898680884267,-0.0386224393952322,-0.0844746178704381,-0.0451317744420549,0.0388646670600202,-0.00355558184725265,-0.0161861169037823,0.0157686359046571,0.0211161525358619,-0.0121201791785769,-0.0252574783003075,-0.0490198009569905,0.00175377213596926,-0.0601718852664814,-0.00492212668235123,0.0361342023178553,-0.0178379869489303,0.0126814495158205,-0.0970114207045524,-0.0150643858467229,-0.0473631351362932,-0.024447128738552,0.00119165422662499,-0.0290762085897545,0.0380586480246294,-0.0268059762509739,-0.0771619005329789,-0.136812873288576,-0.0221194599096794,-0.0149717617858061,0.0147443008945137,-0.020545476932917,0.0267333640219604,0.00630177593992403,-0.0152256024680845
"SRR3124726",-0.0261797463173746,-0.0262563022788531,-0.0330177305095657,-0.018332171343085,0.00178323620651384,-0.016634508662692,-0.0244348086669301,-0.0113467308801073,-0.0319866936735868,-0.0745697827785934,-0.0294726762219025,-0.0396191793130662,-0.0838193988126611,0.0186787157997589,-0.0402527800578059,-0.0411622172107811,-0.0391690420850327,-0.0681275380684754,-0.0714384292044852,-0.0191451477833573,0.0420985593306996,-0.0134642265130713,0.0772851767370479,-0.00528493969627518,-0.0230751979525234,-0.0318131182017681,-0.0254880917600254,-0.0855469543808687,-0.0122495720970864,-0.0723658567470145,-0.0209009225142026,0.022820626668071,0.0596680268004482,-0.0232805854012942,-0.0259066944809992,0.0613457314607108,-0.0203496006983798,-0.0181333726121453,-0.0247884642548633,-0.013763881690102
"SRR3124729",0.0229893730456496,-0.0414090870331816,-0.0387273515575567,-0.0048186816716132,0.00659051080946634,-0.0156013009612923,-0.0351305334359048,-0.0678679284631344,-0.0587486807814859,-0.0286752008926201,-0.0242160847639154,-0.0390699494467038,-0.0220351567833069,0.0313908078955926,-0.0382517253622491,-0.00773485246247539,-0.00962243827274998,-0.0501300201912191,-0.0722821632563447,0.0448449183096982,0.0180274491278664,-0.0180144024450183,0.0124135508481505,-0.07792501345577,-0.0206643874345401,-0.0381108898021918,-0.0236494574750915,-0.038758148153183,-0.0271897630929763,-0.0138751918837173,-0.0203936647182228,-0.0498000853409858,-0.0873556661412233,-0.0235382838147503,-0.0421549276354101,0.0303787219492316,-0.0257490685786374,0.0129473560736104,-0.0247063948323524,-0.0140201268445807
"SRR3124731",0.0546094706727291,-0.0530085138229834,-0.0393696653852945,0.000782776547240912,-0.0243799601608721,-0.0140596282480776,-0.0389288025619754,-0.0834325476969024,-0.0568598217605252,0.022662012903333,-0.00585643980610805,-0.0278224402057078,0.013800961247007,0.0562089113438886,-0.0122558383437247,-0.0369061244075021,-0.0671450163418197,-0.00465038158760785,-0.0665685391362542,-0.00622933860251693,0.0228850830023037,-0.01779295560057,0.00408275350016878,-0.104991612371475,-0.0153713679451615,-0.0472092567115771,-0.0191529690811033,-0.00575122147334608,-0.0243491995067944,0.0334969981800946,-0.0266862885889713,-0.0856096348232343,-0.172417551205399,-0.0202415048174352,-0.026131957698743,0.0159269427022275,-0.019865010252581,0.0310654331977412,-0.0059626422463009,-0.0125757038525638
"SRR3124735",-0.0770943521930432,0.102626606059371,0.123443009303883,-0.0160544919457732,-0.0173713384840653,-0.00411422979254154,-0.0456100202499626,-0.0513256191434009,-0.0638383940413649,0.00478493061314915,0.0988301518439662,0.0672509269480444,0.00616995828600486,0.0268017311796159,0.102385953114571,-0.0640362030034153,-0.0118344150767312,0.0671981605496276,0.0552454464040899,0.0477107308619266,0.0340271124273441,-0.00792072682310219,-0.0482439146576937,0.1062723609277,-0.000154778177946726,0.0205553168874814,-0.00930025371580988,-0.0297494256425424,-0.0381105229224011,-0.0762569517315806,-0.00209507153969719,0.144124097134077,0.0614875890586226,-0.00767820923665949,-0.0406270139639995,-0.11443353005772,0.170392056958069,0.000874941221517582,0.0241347746993972,-0.00733806835306153
"SRR3124737",-0.0489728435784205,0.0678414584483379,0.119737358179898,0.00482628341714171,-0.0268223588615032,-0.00359877605184596,-0.0493057108298934,-0.0755438069602021,-0.062295042698107,0.0583766536987277,0.168417060914975,0.0706886396514208,0.0345216458407624,-0.00644226728008373,0.133163047729303,0.015587512548648,0.00734624375583794,0.103306192584887,0.054735579092276,0.0431244798636832,0.0268240804852753,-0.0111784463813603,-0.0776785294312537,0.0742865269671644,0.00290229362625762,-0.0219786101190096,-0.00893596969942865,-0.0110307817765154,-0.0241035241436484,-0.0487653017765973,-0.0176952397635646,0.125460178873482,0.0301898906420606,-0.0103142570175587,-0.0521579671035146,-0.126681841697007,0.209963529406261,0.0248003900759679,0.0201980421737715,-0.00412145839910031
"SRR3124740",-0.0418227900466247,0.0462947180244698,0.106787205094698,0.0189950948911671,-0.0308091633481209,-0.00355451231665134,-0.0306471618825195,-0.0741202835952984,-0.071471161415464,0.0772290131799756,0.199975934229269,0.0690809295998302,0.043666164983192,0.0151588616853689,0.136935492364783,-0.0111311977616711,-0.021043246879716,0.118481026111004,0.0432281770533033,0.041223780092547,0.0256443781208354,-0.010028910876841,-0.0802264514688786,0.0591831921241332,0.00430836365226323,-0.0385787184544685,-0.00886893586010425,-0.00991253844160894,-0.0259686267538829,-0.029343570908033,-0.013235764805708,0.114312517326427,0.0079344661534272,-0.00648857380962114,-0.0616873246281748,-0.129454454288299,0.207172852987636,0.0503759581328443,0.0156189003361773,-0.0107890791760711
"SRR3124742",-0.00429813339792001,-0.0356514480564266,-0.0396064104251345,-0.0196450488578713,-0.0120933580018308,-0.0143070509583315,-0.027693009376412,-0.0200365123223711,-0.00457225192230437,-0.0231996076048085,-0.0199370082919043,-0.0291874839994483,-0.0743763239494186,-0.000788229651390206,-0.0300224755552118,9.5403934966457e-05,-0.0073287958056281,-0.0347246999461229,-0.0576614192226268,-0.0438640358809346,0.0458964222414652,-0.0180190226047243,0.0825251032251191,-0.0133271134205346,-0.0218128710613796,-0.0337081694869463,-0.0254214196031292,-0.060475872412784,-0.0145745908881936,-0.047659100738658,-0.0232225380536599,0.00794627790612724,0.0439737714163773,-0.0244042627859496,0.00216000483927811,0.0668043094876803,-0.0267495521916645,-0.023558444506598,-0.0120463730533264,-0.0137493176757608
"SRR3124743",-0.047820774704339,0.0682554084261595,0.118990818575308,0.00205478791323349,-0.0288785383584091,-0.00904685696740333,-0.0501635844891816,-0.0742300594960248,-0.0611454227865112,0.0493761363405135,0.148145905052098,0.0694982035089966,0.0381765765764475,0.00086412088481106,0.119791701464496,0.00932142276442798,0.00302008050215431,0.092302741736045,0.058584705793289,0.0435332013314863,0.0283619206531785,-0.0139389555139492,-0.0751131917232264,0.0621330751977228,-0.000744879084627124,-0.01645136068998,-0.0116163328998957,-0.00390121229854115,-0.0303686857663172,-0.0431001719472345,-0.0106711256358273,0.12032670649923,0.0127777437225252,-0.0132724752731407,-0.0449960769183844,-0.124657482943189,0.194146268883912,0.0299295814032632,0.0226451114833593,-0.0112983241185178
"SRR3124745",-0.0393763849245483,0.0616451717536184,0.111521623646167,0.0329644774214469,-0.0295216996758305,0.00245998455574167,-0.0226830294684798,-0.0725062284361103,-0.0671669266164419,0.0848418612588552,0.207950602712822,0.0749625032746407,0.048800156524459,0.0334914830562334,0.153290192051928,0.00877245296685266,0.00279610339429353,0.127878263624043,0.0532730842073145,0.0529722523797204,0.0231271487145676,-0.000510379403475791,-0.0874815742546879,0.0614197598538328,0.0133554960278465,-0.0203828445243729,-0.000246026387093108,0.00398773123230209,-0.0158345723934974,-0.0228471668444318,-0.0178117019170536,0.10464770243988,0.0311845863077259,-0.00183975201788686,-0.0609134476363047,-0.132812660857968,0.210829417838469,0.0297638336483121,0.0198607272445829,-0.000721324536985992
"SRR3124747",0.0565051909678198,-0.0474155758195168,-0.0441508129074546,0.00306269675859283,-0.00520690648141811,-0.015522565590814,-0.0347330505372345,-0.0775736969545346,-0.0494168780348765,0.00754037236412564,-0.0259894430167909,-0.0269510635142138,0.00996273382009194,0.0266529918633524,-0.0359205159252696,-0.0168071095885802,-0.0255451958751999,-0.0314389378243232,-0.0623081130302822,0.0414875862852161,0.0144928131447848,-0.0205195283004207,0.00259917788361606,-0.0950031101365504,-0.0207084309000755,-0.0402151599223313,-0.0228327079826232,0.0045735024698122,-0.0232308490570399,0.0292707836960058,-0.0275190740005997,-0.0713399353452683,-0.122799163407597,-0.0244055481395103,-0.0257316733565177,0.0187843086958244,-0.0292787048926943,0.0406119692914164,-0.0109796760419557,-0.0165889779869575
"SRR3124748",-0.0751745885864098,0.104813684156146,0.121889058058299,-0.0165005459496236,-0.0173753689165789,-0.00873079517530093,-0.0341252220491677,-0.0624417195054504,-0.0616637246803843,0.00919438115610435,0.0921439924764544,0.0727069398506921,0.0120635725983677,-0.0153438576756782,0.0829515749112873,-0.0609316461040251,-0.00544165656719224,0.0614911375981458,0.0631737646736779,0.0573698586841374,0.0360922599141179,-0.0177674245719159,-0.054702996709728,0.093902638176239,-0.0106604409948389,0.0180856418296659,-0.018225481049881,-0.0226327315545326,-0.0339297828559839,-0.066419522355113,-0.00551401411159286,0.136392138327738,0.0613306890993028,-0.0101299165617301,-0.0389935210540876,-0.117879729243398,0.14914481303508,0.00680151508089354,0.0256617927240267,-0.00911841866339354
"SRR3124750",-0.0375164132984826,0.0758438747807166,0.10075336532687,0.00151722501812096,-0.0186422932906502,-0.00998417604465835,-0.0372247742147973,-0.0751278540880849,-0.0552508257772821,0.0708628117292819,0.138365009282301,0.0839786396461376,0.0524591431701579,-0.0179798569087226,0.103592761269216,0.0470671016070503,0.0548783310914405,0.10032116843843,0.0697567908686546,0.0502383087148441,0.0270490482800568,-0.0109625745140169,-0.0901564578451313,0.0675362303988626,-0.0131166154023492,0.0228232610586701,-0.0170558716543216,0.0196312941546722,-0.0327205339888253,0.00710516722458774,-0.0149923279333936,0.117487208263333,0.0533758591552072,-0.0163527272413449,-0.0512255673751561,-0.129826215987346,0.117679285331735,-0.0152039612938269,0.0320513439361993,-0.00501562475537817
"SRR3124752",-0.0494856330738794,0.0584860361475119,0.109627364257673,0.0125929082972152,-0.0266189766675611,-0.00393049180839762,-0.0401045357965336,-0.0654952118477175,-0.0695144078218624,0.0716756896843254,0.182965144785503,0.0687672021837562,0.0288199847273653,0.0197008506833938,0.145686803110265,0.00898223856859099,0.00259809353158594,0.120801534980399,0.0459556965675352,0.0489753540028598,0.0262288865934347,-0.00335765810267842,-0.0747913186425115,0.0851935826308588,0.00532902957698647,-0.0232500892804423,-0.00757162972596424,-0.015870710476743,-0.0196858819683705,-0.0455131208974993,-0.0104162492288388,0.120913238924317,0.0430542689701235,-0.00614605525710152,-0.0650497920474223,-0.121202621268433,0.196795989728468,0.0211104328465077,0.0177092489745932,-0.00996375342175429
"SRR3124754",-0.0246363810135299,-0.0261454134767048,-0.0345963910890861,-0.0218524645349941,-0.00137234855173339,-0.0139696645441459,-0.024826714554453,-0.00509418594088463,-0.0152444935898402,-0.0707514369670494,-0.0301782603317881,-0.0335755252531306,-0.0850763969182786,-0.000451911188670871,-0.0414263256155427,-0.0180256850537639,-0.0201462373944227,-0.0641236123016242,-0.0624181545458825,-0.0207049985654138,0.0527599453194457,-0.0175224580485482,0.0930665136240509,0.00134326536234228,-0.0185764991576241,-0.0300088183517944,-0.0242945550149177,-0.0808840472051235,-0.0106046426065592,-0.0678344485427723,-0.0211595372876997,0.0225947293057875,0.0473678400224216,-0.0205486535387871,-0.0120572529304763,0.0664111442945494,-0.0238242393190751,-0.00736837434507739,-0.0195995177976921,-0.0159319199660153
"SRR3124756",0.032033872607035,-0.0305143460401767,-0.0368695608958628,-0.025228982191344,-0.0427778323214959,-0.0106120561332813,-0.0372542111892739,-0.0229959887307587,-0.00658263855731151,-0.000665652669538128,-0.0298296609808095,-0.00248796197761727,-0.0233264104804477,-0.00245003182843076,-0.0395432025018466,-0.127686449513424,-0.11361136868042,-0.0298453743810155,-0.0429583931137795,-0.0699900457044907,0.0606441604494862,-0.0112026537760177,0.0751635074751485,-0.0310189150917005,-0.0215394810952277,-0.0215596730547543,-0.0254233417592906,-0.0129991558213483,-0.0259294962463815,0.00338438238099937,-0.0107374547319542,0.00387699410529532,0.0266829231182623,-0.0213327720949819,0.0311285091931981,0.0378855243239978,-0.0180224837352273,-0.0108966619865498,0.0247969209309406,-0.0153430091329803
"SRR3124759",0.00177101285579272,-0.0269382536330167,-0.0395223826543894,-0.0251445982501112,-0.0381674410095505,-0.0117584400815929,-0.0319617207879786,-0.0203581861929155,-0.0139431258793137,-0.0176115382445216,-0.015415367910905,-0.0209171202211498,-0.065446401892104,0.00107057628605475,-0.0141165291321892,-0.118437557345359,-0.091027931727355,-0.0147055460654995,-0.0616051193532003,-0.0527616401002722,0.0647668597803457,-0.0191446211391537,0.112042799938852,-0.0219867696247037,-0.0210283276458614,-0.0228125452813132,-0.0273125730999225,-0.0553329005526581,-0.0277267071565917,-0.0344171346071352,-0.0102518141525113,-0.00974224201454639,-0.00129697618268666,-0.0266362500577612,0.0192505123399084,0.0557671794255634,-0.0217119592957161,-0.0172316603393721,0.00840583000974008,-0.0166021368208363
"SRR3124761",-0.0262829316229104,-0.0259900754363036,-0.0347077174314364,-0.0289320958022939,-0.00796665716286811,-0.0166862164347882,-0.0323587223285201,-0.000796099508423491,-0.010372144483275,-0.0667415201668324,-0.0345736172909648,-0.028798677031981,-0.0875527846351643,-0.00471636356268862,-0.046961014697085,-0.00850833748838027,-0.0112873682079742,-0.068559922445547,-0.059193729908054,-0.0238581371348301,0.0590068363413034,-0.0192177320875951,0.100294965872647,0.00574359714948134,-0.0214734432962688,-0.0305011280200351,-0.0266740629123871,-0.0823627327249125,-0.0139529241577994,-0.0718245504515923,-0.0169805107944406,0.0268891575963224,0.0617755820230258,-0.025621819047307,-0.00707650706840765,0.0672883964502644,-0.0244257238865688,-0.0201568251579128,-0.0152378186226487,-0.01284433919422
"SRR3124764",0.0143870906908534,-0.0366329720543802,-0.0399426703589992,-0.023753598345206,-0.0413703024796281,-0.01640879137852,-0.0372759738495145,-0.035358369322602,-0.00129828597639317,-0.0296640164082289,-0.0305476202446589,-0.0214360772425749,-0.0413531915386207,-0.00188301571630506,-0.039568070864379,-0.148810139302126,-0.141045451829868,-0.0403847083357557,-0.0551837870594243,-0.0968226301152635,0.0563741737254059,-0.0182429886660329,0.0921998027368836,-0.0438770425720448,-0.020796467561285,-0.0255002326935674,-0.0248505527503476,-0.0378611762557868,-0.0363917719906139,-0.0173185834118816,-0.00733484585420903,-0.0190369303904836,-0.0182847382649788,-0.0168687460941596,0.0411586136684259,0.0481915886536625,-0.0228444257447777,-0.0271120020307581,0.0152460056672032,-0.0153923746027747
"SRR3124766",0.00472457316580431,-0.0340010882308293,-0.0401133926923399,-0.0249204565877848,-0.0396556813802645,-0.0118577382916592,-0.0278894720668643,-0.0408668512564621,-0.0185377044212113,-0.0312359234584012,-0.0276676834548979,-0.0321673463615925,-0.0546781689181224,0.0110340952368131,-0.0233197041630412,-0.163377241119733,-0.143835529528134,-0.0242128150804401,-0.0692079565917453,-0.0672794841274504,0.0634397038630565,-0.0191381338247248,0.111325761946173,-0.0559882212996303,-0.0177688226200034,-0.0245410470068281,-0.021904990048214,-0.0521300148692605,-0.0332003072948923,-0.0272132046922308,-0.0135030986988385,-0.0256513739071946,-0.0924815649024498,-0.0210970861649049,0.0282144603531298,0.0540881845252431,-0.0213529209141422,-0.000735623732995789,0.00767132535480832,-0.013600266669735
"SRR3124767",-0.0283176451966358,-0.0278650984273193,-0.0363141602533843,-0.0317778351216315,-0.0108945107584663,-0.0172292227190981,-0.0335316787780211,0.0023545563518839,-0.0110144161956424,-0.0696067729070587,-0.0331281792668468,-0.0292310780992061,-0.0901226588986776,-0.0125343583370462,-0.0460474535315997,-0.0145534038875494,-0.0159773577236816,-0.0639694663111303,-0.0615861026718646,-0.0276039771426267,0.0570197248769822,-0.018633828109949,0.0988483348746603,0.00558393360432226,-0.0231296173525264,-0.0311672322183296,-0.0289774235698278,-0.0827205558604332,-0.0152147721523499,-0.0750185351181609,-0.0146021055261791,0.0262652312692245,0.0564371019536576,-0.0234884192904946,-0.00570619132039233,0.067682089545146,-0.026218053097062,-0.0157297617537599,-0.0141202418404593,-0.0174602637513977
"SRR3124769",0.068709139800261,-0.0394635270753531,-0.0354216857523616,0.000531233841899742,-0.0373410544660448,-0.0138239286065691,-0.0339431202915495,-0.0821396230201464,-0.0647936951915265,0.0870698299946153,0.0404711020238156,-0.00618094590628825,0.0195933746435013,0.0369833377115377,0.0292949024611646,-0.108921471230146,-0.0904635289246559,0.0514519523275649,-0.058776356136494,-0.0119549602175591,0.031872402075486,-0.018688655181708,0.00307276231276623,-0.0947428776566711,-0.0171451064018634,-0.0346094419260117,-0.0227292852729498,0.0132404970518413,-0.0411123276862508,0.0554976654530904,-0.0143169762429727,-0.0627004969164811,-0.119540080561672,-0.0221775883980536,-0.0265803493645214,0.00406199325591305,0.000874799665343667,0.00821936279970152,0.0155219398221777,-0.0128924988214983
"SRR3124770",0.0130672917914819,-0.030814984482423,-0.0360297480513423,-0.0276161926947042,-0.0355956957421908,-0.0154825916566085,-0.037486797557857,-0.0242839711435099,-0.0163465788463631,-0.0235319049347107,-0.0247209259021086,-0.0154039325016849,-0.0419191374115342,-0.0025246817748614,-0.038722238013838,-0.139473461135618,-0.124291131027249,-0.0370246686765,-0.054396427061493,-0.0639994460137228,0.0595143565573069,-0.0178295282781807,0.082410388451928,-0.0297349351180644,-0.0200602611324468,-0.0244824181326091,-0.0259636924453502,-0.0359199242096945,-0.0386151189650716,-0.0192158968568251,-0.0182691757792659,0.0042239645640531,0.0115271049770381,-0.0212571068341723,0.0218532828018247,0.0431836803205584,-0.0163317059914044,-0.0226163776861518,0.012379744053579,-0.0161429913848983
"SRR3124772",-0.00259879257475701,-0.0255379046333098,-0.0387056592353626,-0.0258593021734193,-0.0369636793564744,-0.0153997677992281,-0.0299012661692103,-0.0202510386474529,-0.0130565072974479,-0.0304596328034645,-0.0294437123134649,-0.0210323941820056,-0.0685322659279412,0.00640601604598676,-0.0281298582231953,-0.125068912102739,-0.092563071146287,-0.0288091391154014,-0.0606233649907431,-0.0423183497258051,0.0657421300163583,-0.0159031603565954,0.115073815132335,-0.0212402925775616,-0.0183400329994733,-0.0209380481866674,-0.0271898356460932,-0.0578343737722773,-0.0282889844671032,-0.037229631359147,-0.00478247095109835,-0.00931339239901389,0.0122038814682431,-0.0250119857535907,0.019800164412384,0.0574797056682982,-0.0249682963029688,-0.0110652767775139,0.00899500918244984,-0.014878432272038
"SRR3124775",-0.0629114428483552,0.0851058498729646,0.122209498944561,-0.0193570805245367,-0.027117813841172,-0.00651343779536497,-0.0370861828854677,-0.0627313613963473,-0.0419848893006885,0.0137767022553145,0.0904760622473657,0.0696428101623714,0.0140030884207885,0.00105012712307098,0.0928545349953078,-0.0711842378106126,-0.0293686570935704,0.0657491066401562,0.0669708151629706,0.047495195717352,0.0392401847674057,-0.01733641593744,-0.0484792068235343,0.0832984453812678,-0.00874880629781533,8.04248390713448e-06,-0.0114993258607867,-0.0148675594871217,-0.031740312726436,-0.0608509253811486,0.0084029179771829,0.140201525080808,0.0328212347152733,-0.0163414754612885,-0.021009454798988,-0.112936405581216,0.164277523513883,0.0298167010930672,0.0281918116107578,-0.0100489285523607
"SRR3124986",-0.0382832634731529,0.0589224500400246,0.101557133723459,0.00163712824070571,-0.0344539597269736,-0.0037793652990793,-0.0480421560305007,-0.0797473530513573,-0.04596541495573,0.0889953686568077,0.16257938742504,0.0791435240443761,0.0437946411957766,-0.00238246616489069,0.13600770576881,0.0496029624746784,0.048934509829139,0.124778089601779,0.0633027697485342,0.039181671503628,0.0338422157737866,-0.00907714588667865,-0.0778023049099843,0.0725121248124287,-0.0117639461052633,-0.0126753848700229,-0.0149251077474664,0.00983037875657385,-0.0282238937838015,0.00468640537051626,-0.0192310054466774,0.128567802061506,0.0431285367963036,-0.010563577490427,-0.0446087832083499,-0.124276828909229,0.140504325176982,-0.0298385525094309,0.0313490610964149,-0.0114075359120531
"SRR3124987",-0.0579026192601361,0.0800468830468877,0.119794044376745,-0.0148699495442997,-0.0325600530620593,-0.00454018924003071,-0.0471427117210322,-0.0663343680729795,-0.0233688098523378,0.0097859129895304,0.0776084284241518,0.0756751159392557,0.0242792380698774,0.00315743720392991,0.0797233006747438,0.0218722208945961,0.0236375531528399,0.0521299989838492,0.0763814198744689,0.040349456349268,0.03787807205143,-0.0144544677662412,-0.0576282047851047,0.0883186380405449,-0.00426170443368433,-0.0032592657629733,-0.0123077673816256,-0.00976294627711339,-0.0245560174046063,-0.0558673237555652,-0.00860201223980915,0.129742365595427,0.0518760612998161,-0.019163085017638,-0.0106600636383444,-0.111782415547091,0.163052016492476,-0.00046840482738077,0.0337376957051709,-0.00793714285456694
"SRR3124990",-0.073544366700723,0.0846218053598178,0.122975763078757,0.000740119992787272,-0.0284852421423647,-0.0030268557011454,-0.0571484793069525,-0.0539339244194867,-0.0465676682536285,0.0222186016184367,0.135608239643853,0.0726313059727047,0.00747975454012791,0.0120759004973176,0.117462378513494,-0.0270200665318387,0.016211685620304,0.0842662602480586,0.0627887862059943,0.0599412696019232,0.0409818232297391,-0.00611206496586966,-0.0561110212213739,0.0977449630432185,-0.0051613947203665,-0.00701574839155641,-0.0105505384131325,-0.0289167247901535,-0.0419274931344568,-0.0715478482697675,0.00438991700218083,0.134663854900374,0.054761600091423,-0.00556147841570425,-0.0347812628014689,-0.114526233570719,0.20248419226042,-0.032641618222799,0.0280783697483447,-0.00925676437422157
"SRR3124992",-0.0361837476116853,0.0671003993867155,0.107491827466498,-0.0101569832228394,-0.0372774513653117,-0.00943988094569649,-0.0382471333268675,-0.0826424795522271,-0.04521873611272,0.0962337267007202,0.170437588882713,0.0815285642411374,0.0450988056452956,-0.0249094213503747,0.132150668713586,-0.0552563257790107,-0.0115049336927738,0.125636138238614,0.0705896847767868,0.0320008450160338,0.03351140046909,-0.0140831151784612,-0.0729704105030467,0.0582736516618117,-0.0107528872489468,0.00326225526282134,-0.0134517014255131,0.0206274244273929,-0.0430538300158922,0.0172378704659304,-0.0052474847950756,0.117607896426555,0.0249579429672692,-0.0140955268344582,-0.0328331329294833,-0.128796598735171,0.157667459419569,0.0108131168785835,0.0378129261695026,-0.00542743898123844
"SRR3124994",-0.0505118759832468,0.0586523956259256,0.116415579954033,-0.00361097719486752,-0.0422503014558952,-0.00718603721291954,-0.0501866305693694,-0.0697092169551838,-0.0305772808727553,0.0459002729570715,0.151712894302968,0.0727765379745189,0.0225343245299806,-0.0108881192922894,0.12496845401703,0.030564562959979,0.0198933091952965,0.0954917171130126,0.063588024144085,0.0354461724883912,0.0349407477146793,-0.0100583742241936,-0.061192901107748,0.0863241444387116,-0.00196816100320949,-0.0345368713028406,-0.00966774183661588,-0.0169536446889563,-0.020962805666002,-0.0530651758813419,-0.0148537546010826,0.137455431851076,0.0311236658422289,-0.00965047651935891,-0.0275831434989306,-0.115292688164836,0.204142459353622,0.00736849621263134,0.027448929326458,-0.00722320935006848
"SRR3124997",-0.0679350516855287,0.0749692005738335,0.113880815171234,-0.00144036401592789,-0.0220229430226105,-0.000908817561732033,-0.04332858309825,-0.0630474266696112,-0.0486557951891197,0.0460782590885032,0.171477291426276,0.0777297328800586,0.0176938334476476,-0.0112444677318374,0.125829605499446,0.0532627430155948,0.0677468914830353,0.103347761461575,0.0588533244948868,0.0735522993366825,0.0363496718550463,-0.00698118949333313,-0.0729974095622057,0.0925688448201235,0.000120940863332439,-0.0219335698317766,-0.0104426756277252,-0.0227902572515754,-0.0190178480543024,-0.0616277924467324,-0.00534270969086505,0.138808963858415,0.0791856494826858,-0.00888636075621362,-0.0558028378995203,-0.123921903397992,0.206440118757403,-0.0227996448949291,0.0200172920393141,-0.00968710410873633
"SRR3124998",-0.0405066076298183,0.0607183697837745,0.108063347989508,-0.00156323975032837,-0.0403989708225825,-0.00895152031443415,-0.0379718622724782,-0.0801808935977819,-0.055813941822945,0.101895296557737,0.192026520777147,0.0789144835727663,0.0425526864361009,-0.0250267770713437,0.145716055495352,-0.0495101531423854,-0.00420030237790031,0.138198353593107,0.0636090113056198,0.0306809008545549,0.0319792435304958,-0.0122843558522229,-0.0803792261648353,0.0634791155648021,-0.0056673822694824,-0.00688982909990323,-0.0145494255058963,0.0140542601882174,-0.0333772243548577,0.0110163944674804,-0.00921869893142874,0.132943082529354,0.0256236126184384,-0.00738332156930727,-0.0429350530476618,-0.13175872756267,0.174310873552565,-0.0149490373296962,0.0328498028742958,-0.00573242773554834
"SRR3125002",-0.0175757913146204,-0.0334744201565173,-0.037273627327432,-0.0165276549579169,-0.0014045041763659,-0.014998288600061,-0.0281514279803153,-0.0217120905476595,-0.0333609290187016,-0.0686307477126765,-0.0306045377088085,-0.0413770329605348,-0.0776569302370814,0.0123601933687364,-0.0464166328075968,-0.0198606411913172,-0.0309532762247761,-0.0719650782119571,-0.0750998036655336,-0.0249996157436531,0.0405446509879582,-0.00974408176571375,0.076553145098947,-0.016879790371278,-0.0204806832099575,-0.0362190740395531,-0.0253462516023448,-0.0842531448928074,-0.016674084070757,-0.063929111697437,-0.0246428449679854,0.00558299688062823,0.0464625856432381,-0.0289490900408299,-0.0233916974113673,0.0615903661438709,-0.0265401759249988,-0.00687823876812902,-0.0259559059461946,-0.01598776577405
"SRR3125004",-0.0547823344718387,0.0763889905542292,0.116294217018425,0.00419308480824989,-0.0320743039713196,-0.00626804585779301,-0.0515078250945165,-0.0727722805676731,-0.0327256004646703,0.0376811005022173,0.134393698018426,0.0777671973471764,0.0283134012359796,0.000558086933827554,0.0991405273054015,0.0327319651396456,0.0387973492574302,0.0796873397205666,0.0720344389993222,0.0558072892109633,0.0336798343919857,-0.0122806694794121,-0.0686997741821755,0.0757248705524807,-0.00734324386746435,-0.0149745623371774,-0.013882629112619,-0.00979686817289648,-0.0222615194651197,-0.050255418980055,-0.0181420409864918,0.113142704127591,0.0442406786883479,-0.0126308081236269,-0.0284073423685488,-0.119973092977195,0.197883339612592,-0.0116708031757791,0.0298290434463702,-0.00459054215230795
"SRR3125005",0.0486454765770335,-0.0357541470993495,-0.0417593629409312,-0.00484050735305061,-0.00463960633119513,-0.0124857317106597,-0.028390783275483,-0.0721770335011336,-0.0599934533385374,0.00386732611616106,-0.024482133568207,-0.0310763448008567,-0.000709367492902844,0.0295706911104779,-0.0313525756945697,-0.115024514035106,-0.0774620979909828,-0.028647315569457,-0.0651356256401341,0.0313430286573286,0.0148617608031257,-0.0151367486764481,0.0129348698687477,-0.0963935981591646,-0.0206343431881362,-0.0251445665379241,-0.0231300886985279,-0.000880985307450631,-0.0384811935419338,0.0276739125943676,-0.0151173557860492,-0.065423778785491,-0.1278840901329,-0.0229830240996132,-0.0233657554015982,0.019361951541233,-0.022194196183962,0.0440386536009793,-0.00850361637440169,-0.0166255491738292
"SRR30310344",0.0543252116438837,-0.0306430321137958,-0.0204935336949178,0.00514124377940095,-0.00591798737955652,-0.0070006980362829,-0.0329014073822398,0.0186808402131296,-0.0217207655137203,0.0304331935199536,-0.00322395696452963,-0.0232950195513516,0.0379644545284024,0.0483121901571694,0.0394048807617515,0.0466310675690637,0.0233892404901905,0.0302419512120676,-0.0379497972140248,0.000646162363640792,-0.068336314513856,-0.00633059105887888,-0.0526111969765356,-0.0148380331091902,-0.00561601007297905,-0.0245156707014485,0.0334322615558953,0.0238377958921691,-0.00489628069197751,0.0246549712423279,-0.0204105534011515,-0.00617233143678146,-0.0157668698877195,-0.00689391266888348,-0.0065601483175171,0.00182928618376719,-0.0113279616916963,-0.0249782152329111,0.00516027985571856,-0.0112872188791367
"SRR30310345",0.00412814241984447,-0.0164667252182735,0.00219661525983697,0.0370871749351796,-0.026725971529078,0.0927905244004577,0.0217645301700325,0.0152304302787149,-0.0283286394893087,0.0454815935932626,0.0888199661376039,-0.0254316541761998,-0.00134170399123096,0.0648251418676356,0.12498164364259,0.0231625071544952,-0.0160241615611956,0.107566537199158,-0.0459850193428625,-0.0304753716437957,-0.0478189803034587,0.0050447920621619,-0.0226707976260449,0.00116642185076888,0.19177548452181,-0.0376195053954563,0.149120518202355,-0.0269783116124451,0.100725229574952,-0.0183749357522045,-0.00402059938062761,0.119292010969804,-0.0684517687428531,0.118254223858731,-0.0158949689897357,-0.00200201243211702,0.0276369455428115,-0.0013014363970825,-0.0102360854471003,0.370474457892162
"SRR30310346",-0.00778114681251835,-0.000287746364997189,0.00684126919785816,0.0101294143697027,-0.00499110062472505,0.632328126845873,-0.0320616408878791,0.0895681435702715,-0.0236352599041234,0.010361232417905,0.0713804637523967,-0.034626119037096,-0.00886424680270806,0.101439682135534,0.105280721864515,0.0370206342954262,0.00702225365692333,0.0757281846007693,-0.0463388887701858,-0.0245109174571105,-0.0465445861543801,0.0960563167873587,-0.0171129019385493,0.0288855304884849,0.429902475413421,-0.00935854481145917,0.317837801907525,-0.0264755956667921,-0.00399069575917482,-0.0277704096079544,0.00200362869501593,0.0852981268192928,-0.00301661505501092,0.135827549061438,-0.0111038294185754,0.0113206511180698,0.0154480841983135,-0.0943405529194261,-0.0141756451182248,0.602321188635907
"SRR30310347",-0.00911453718472602,-0.00628696099719004,0.00731146222082784,0.014596511077854,-0.00812656423242893,0.631098278194096,-0.0302632139501169,0.0724400169438622,-0.0155145677575677,0.00975064616020237,0.0711746231132961,-0.0407069062890537,-0.0135542644932514,0.103422705259154,0.114197864594714,0.0511879294971122,0.0112398421202924,0.0827502122353924,-0.0465778316566353,-0.0316037473575703,-0.0513452334153255,0.0865772446135466,-0.0156492833605123,0.0145845027632032,0.468506412953438,-0.0111365891259895,0.264209328182397,-0.0321003626659597,0.00838228769563134,-0.0343366408398329,0.00866301933291138,0.0878467810066043,-0.0314959815497065,0.217950235705673,-0.00432076812728734,0.0167992087009749,0.0146088970767259,-0.125221018290265,-0.0160195843671249,0.533363219394665
"SRR30310348",-0.0133823016194391,-0.0113845580573523,-0.00146586994034144,0.0196442155452105,-0.0128386270751977,0.0848272978171065,0.0233209981057497,0.0559577118589965,-0.0163885758239325,0.0253200661640763,0.0734213300865487,-0.032852020048967,-0.0351210770892424,0.0426037537301993,0.107591080234156,0.0368189207439105,0.00794906627787928,0.0924390811868922,-0.0483960477449321,-0.0415877282785824,-0.0578243310015239,0.0110982204018065,-0.00929167447408294,0.0309023628855072,0.188421340122116,-0.0277300989359957,0.153710651035934,-0.045865604284782,0.106081396834713,-0.0471132516199017,-0.0116403658639569,0.1331828982642,-0.0145002728409819,0.0599305616386393,-0.0159671400509849,0.02095099809498,0.0175751654886107,-0.0361134781258717,-0.0164598418444023,0.0948421103610658
"SRR30310349",-0.00707664987025354,-0.0217617978817581,-0.0153277855954215,-0.00909321762820012,-0.015413696156429,-0.0093541517117517,-0.0321391736128845,0.0608399216031882,0.00279813960943516,-0.000951625488504363,0.0352048550450096,-0.0403650778658393,-0.0352581937602841,0.0368975578586604,0.0778101887869134,0.0447137510760001,0.0117192990642228,0.066162867673416,-0.0474192025414334,-0.0435366623426297,-0.0585039310907782,-0.00850424822730438,0.00238869258514384,0.011497920856541,-0.000242296813524879,-0.0264584229501539,0.059520549131182,-0.0451176195635351,-0.00652137578380561,-0.044252665692538,-0.0158965755852897,0.0928439293962243,-0.0312307164647648,-0.00498992419447985,0.00341452157495211,0.0333217070087321,-0.00376000410130253,-0.0978359631103513,-0.00997907986911029,-0.00704248523776773
"SRR30310350",-0.0178231556825197,-0.00660479776767181,-0.000482404268054348,0.02396805883957,-0.00445207842160665,0.116911390090662,0.024610395087991,0.0836323466959583,-0.00322379509620896,0.00946575195107792,0.0711151661648149,-0.0313998965806001,-0.0430340736014017,0.0494987556035048,0.10593197392689,0.0467750789388736,0.0305059713437568,0.0800168432932623,-0.0456911672129548,-0.0184400554397911,-0.0556817851233846,0.0274073456905076,-0.00676773433886712,0.0457054109841236,0.1583167370616,-0.0255676040370759,0.180696481118178,-0.0504652624204098,0.105026310307984,-0.0523321935108074,0.00350849476855744,0.112679206151328,0.0187430198549912,0.0367820381941978,-0.0191021246403101,0.022190892491999,0.0190960295325949,-0.0327226364425588,-0.0211668327652473,0.240314261001467
"SRR30310351",0.050310323273486,-0.0245954041307037,-0.00134029350374122,0.0335485404526079,-0.00933678227350676,0.0451539516103018,0.0109453872959917,-0.0034475399143577,-0.0263840454129662,0.0477891858288396,0.045070013358323,-0.0163810937603538,0.0717548538545242,0.0871223838552029,0.0947430972021883,0.0455611171281349,-0.00577362727577275,0.0754564697048509,-0.0252909831995561,-0.0227628245279295,-0.0524628719220189,-0.000418041931243456,-0.0625616666242828,-0.0456837945157052,0.171312698592072,-0.0153227959810843,0.141153642818837,0.0417896222943606,0.0501185763630695,0.0474741341651479,-0.00772721362026132,0.0126984794077938,-0.0950643201620312,0.159067781902348,0.00324052452017036,-0.0260800176425342,0.0119606394328743,-0.00588023632248212,0.0116662443342172,0.0183042527219851
"SRR30310352",0.0528073031454169,-0.027153568571178,-0.0133226990094594,0.035958957639723,-0.0238620184168272,0.0434695345924455,0.0223314828334858,0.0286070129477251,-0.0168076801565859,0.072857465403816,0.0554569383734424,-0.0136447465220817,0.0394056201265068,0.0880048859235388,0.106263013060671,0.0561427169466198,0.00897126041897039,0.0988849813506213,-0.0331143746104934,-0.0368738402050834,-0.0505874080347135,0.0352859606265915,-0.0335059659898827,-0.0165447257627801,0.209144741359803,-0.020083976480107,0.203523932196879,0.0267790202218718,0.0932313601600039,0.0275290861753694,-0.00988062750555361,0.0205205543534705,-0.0657081592501159,0.117457414750923,0.00585547056075083,-0.0035240423401169,0.00182378664983021,-0.0226373138394901,0.016895097822011,0.0281265236854063
"SRR30310353",0.0497833963989266,-0.0244747529719895,-0.0108010709997889,0.073349842544527,-0.009738624978287,0.08258143474386,0.0377945277391586,0.0349619597974305,-0.0150779493895537,0.0442690159174264,0.0517382629035539,-0.0253100440590204,0.0561418302419265,0.0942818916098329,0.0956277523447255,0.0325480060437677,-0.0228762257769773,0.0728469699327666,-0.0344491091018698,-0.040104040240993,-0.0550893663849569,0.0191256434492699,-0.0448999656838658,-0.0364876482935094,0.249850370407594,-0.011050576392935,0.290269829926985,0.0330547091777808,0.124917367658053,0.031322093933814,-0.00430199713929469,0.015112237673415,-0.101452018861442,0.180358676470414,0.014695487912699,-0.0101541628605127,0.012866819821068,0.0322280771958026,0.00567386237021064,0.0348335054306164
"SRR30310354",0.0334645805165663,-0.0236525309127068,-0.0087571007263279,-0.000395396762857482,-0.00993335110580409,0.00622452818220214,-0.025551373444295,0.0318766497865189,-0.0179467632077289,0.0233983046789956,0.013938658832146,-0.0151534055275867,0.0207846938234621,0.0718885707857564,0.0528136931414459,0.0519522673386106,0.0259488773987803,0.0433075798061541,-0.0338904995689634,-0.0088352214015997,-0.0517449001396708,0.00521336633692239,-0.037806788923018,0.00935098220863447,0.0617537593174046,-0.0212559884759486,0.122928645015936,0.00211407587408529,0.00407276479331883,0.00108825179152832,-0.0164541625875469,0.0245676917214097,-0.0257276082207091,0.0190316369388462,-0.00470500934688753,-0.00121194293346583,-0.00328983375418595,-0.0416754583489069,0.00856718588388113,0.0121440620795642
"SRR30310355",0.0407445997971719,-0.0264804987752585,-0.00861569929895142,-0.00216140148243717,-0.017222493347537,-0.00800043821754581,-0.0355371904906205,0.0237800456775632,-0.0195695551631719,0.0230092889170635,0.00499866979622424,-0.00953431762406987,0.0343682456376499,0.0731949828234955,0.0387033951754057,0.0433137030904698,0.0104698894094164,0.0322744162870631,-0.0312467258672329,-0.0125086187154875,-0.0493676569511527,-0.00801637293124608,-0.0377740593262041,0.00751996743842991,-0.00570844856115518,-0.0285163302877383,0.0444622065292574,0.00954190580405922,-0.0120989185909661,0.00941043393720287,-0.0183264791281516,0.0202009359583414,-0.0342075861496327,-0.00284529833811961,-0.000526967787862221,-0.00859732949719925,-0.00397256463029698,-0.0208456152286712,0.0143564482216297,-0.0107869401125015
"SRR30310356",0.0500393419590674,-0.025822836103429,-0.011205991728404,0.00820485132934022,-0.0157357296397155,0.0171634123625083,-0.0168412629182117,0.0237582610696471,-0.0189875491266016,0.0552345470930732,0.0358251770364661,-0.011802856343889,0.0395142702370892,0.0716802506124743,0.085945408843438,0.0374767261321089,0.0066312048228014,0.0754225516511327,-0.0312061353737545,-0.015552364170387,-0.0540398103324099,0.00837435266183057,-0.0421180598907327,-0.00554853757383184,0.0464456385984934,-0.0240752687984062,0.155346464839226,0.0233040739898229,0.0123028965752842,0.0212576690100308,-0.0172634673636437,0.0173372463195622,-0.0462093247061188,0.00554195294740798,-0.000182397941399249,-0.0093417185102151,0.00400189170648867,-0.0117133997233097,0.0124730784598097,0.00608918618118287
"SRR30310357",0.0063566513543358,-0.016267289697978,-0.00981975486950403,-0.00564283135705824,-0.00326316150393524,-0.00297963091286728,-0.0363718877576317,0.0707736569608639,-0.00792733430498315,0.000945263682078867,0.0113394481748051,-0.0263246205925341,-0.0195527324985295,0.0623662485731801,0.0515798458810184,0.044534064502449,0.0273431178353871,0.0339485494631305,-0.0445186246015379,-0.0183054437795665,-0.0526028744417239,0.017475209502583,-0.0142319801421356,0.0400162021055996,-0.00414290615333515,-0.0266766665731239,0.0945986924219241,-0.0326611367104399,-0.00860131644770853,-0.0305329004314403,-0.00823380813487775,0.0450357353861516,0.0157671576684365,-0.000236040063462918,-0.0123567147687324,0.0175071881286182,-0.00345105954323692,-0.0535257585529647,-0.00570624620938627,-0.00489719947813824
"SRR30310358",-0.0226732116353947,-0.0124157831637967,-0.0075256385792691,-0.00860480683966408,0.00477032267760702,-0.00289931528239453,-0.0433247082188168,0.0961743944654074,-0.00610168626683161,-0.0226488994195956,0.0336990189788349,-0.040908283239868,-0.0558195946597518,0.0512260979618746,0.0728839144859293,0.0699100215489376,0.0507668905802762,0.0408326942044652,-0.0521832883048167,-0.0157349676695217,-0.0623531115345484,-0.00269126927132225,-0.00616460342801962,0.0564418038140781,-0.000437093969817552,-0.0275042122817539,0.0706519322309864,-0.0643426551992008,-0.00678680017578073,-0.0595230251389838,0.000775501057817837,0.057441446321955,0.0469022989867093,0.00521930707781665,-0.0257884076708068,0.0351590963327919,0.0057268536751112,-0.110982840675166,-0.025316074008105,-0.00500766509256824
"SRR30310359",0.0263904905572836,-0.0256798901162519,-0.0152221624623235,0.00173420624262374,0.00088238102611666,-0.00475849030426113,-0.0320483060528554,0.0367736744014421,-0.0302663081221377,0.0166502962576222,0.0192642426901494,-0.0350410605039134,0.00176761911847663,0.0772868833163132,0.0571269332268203,0.0437761945772884,0.0165720365905087,0.0412465774137691,-0.0532053334100139,-0.0254224236611974,-0.0655080386990018,0.00501310588022251,-0.0336059181680071,0.00276651529370384,-0.00435493315377412,-0.024698765938547,0.101340447646722,-0.0133902886322361,-0.0027515026128869,-0.013539581491943,-0.0120503805301002,0.0197653996268513,-0.0211767696996697,-0.000146116704483329,-0.0181598461266536,0.0157962290274455,-0.00604868643825701,-0.0775665537860167,-0.00809940808809317,0.00104531232117069
"SRR30310360",0.0109048393506793,-0.0203662674046716,-0.0134789481685148,-0.00339970481571906,-0.00188286000576343,-0.00186442971239299,-0.0303672261435056,0.0600158454948991,-0.0191709289547451,0.011474886383687,0.024820727231888,-0.0332801789964012,-0.0182815398644576,0.0648763461751027,0.0720392340245328,0.0485247382933825,0.0267421689259452,0.0516692522683422,-0.0503233746968566,-0.0226983380808553,-0.062561515077382,0.0181070968345827,-0.019815440472461,0.0222411317644376,-0.00178951057491893,-0.0250984850302695,0.105683352102902,-0.030004057506956,-0.00369950535583952,-0.028434926037779,-0.0133419800854205,0.0473233812367348,-0.000746373502984905,-0.000959219169752131,-0.0170229382685497,0.0213092080237835,-0.000283588490712749,-0.0527462689093811,-0.0113912233657965,0.000951837178185067
"SRR30310361",0.0350301641600561,-0.0146055319710926,-0.00500584277436945,0.0648447685077044,-0.00786029759389253,0.200935290317613,0.0380087875740536,0.0651958017023152,-0.0165036520093965,0.0365800241036122,0.042210307856469,-0.0239178901724869,0.0219133992307333,0.0872597361033509,0.0884073207037112,0.0318519922777253,0.00176982560495687,0.064981321367407,-0.0392083266466581,-0.021121857626587,-0.0564008487552065,0.0637373982637045,-0.0314095597265271,0.00185279128392502,0.350248068076727,-0.0122322591040504,0.291694854117777,0.0121628581695828,0.12780196997541,0.00574947368303866,0.0124093253259054,0.0426279770186913,-0.0347879119888647,0.19828601919715,-0.00298980127348963,-0.00115952173175921,0.00754973213013851,0.0311804801924686,-0.000154208923650575,0.248626404184366
"SRR30310362",0.0422492060551061,-0.0180949716387854,-0.00208967859684107,0.0526390578906896,-0.0148291460450215,0.142546785278664,0.0353257750142722,0.0511855569465262,-0.0166369398647297,0.0459367457880688,0.0575242857598069,-0.0217814180439011,0.0379324535203686,0.0930818562773674,0.102704261500962,0.0323976655480813,-0.00454791388163488,0.079517672213572,-0.0354761303953552,-0.0254393357771355,-0.055288813376566,0.033851301587082,-0.0401048974949522,-0.0138681888342923,0.293926956787003,-0.0181661956617588,0.231775729204813,0.0204711641010749,0.114492798813272,0.0204753577589053,0.00742753885727534,0.0357659619977309,-0.061859310527075,0.227405283672199,0.00310840803165904,-0.0106768582859969,0.0128633287961186,0.0165378163609567,0.00355855505072838,0.12063935989226
"SRR30310363",0.0469268284756899,-0.0167183661357477,0.00187845701254336,0.0431533072752951,-0.00697586583474072,0.20873097693185,0.0214686983702154,0.0389660119228882,-0.0281412835477892,0.0532667503028613,0.0658991274345615,-0.0178313902682062,0.0544390598915538,0.0735676962922192,0.111886797797496,0.0381575345878991,-0.00157957105953995,0.0869903431283889,-0.0299432612438429,-0.0150858205606623,-0.0544854946695984,0.0363673985409565,-0.0515820768225913,-0.0176989236254337,0.238740631553962,-0.0110129219782878,0.260773520422012,0.03468509972346,0.081742442072176,0.0316509543283887,-0.00281653602997039,0.0270285977510636,-0.0629431747143828,0.178610311030462,-0.00479054210306715,-0.0221939404734247,0.0177045753171184,0.0145829449230964,0.00555327393482029,0.0931850072268864
"SRR30310364",0.0447264553809989,-0.0280067949241772,-0.0138514366701034,0.00998817905996913,-0.0130809268970989,0.0198549107954861,-0.0269500876455646,0.0373759121303362,-0.0147818889099789,0.0327993490401506,0.0146510120625341,-0.025519840807652,0.0270678864247833,0.0741634406240004,0.0613588209315831,0.060397061878339,0.0274113190522759,0.0505158772989194,-0.0369509352593457,-0.011051363489707,-0.0614618810779503,0.013637989586355,-0.0367355733939538,-0.00896244897020151,0.0339535173576134,-0.0220340472341074,0.179477297025854,0.0157855078741317,0.0155150714496151,0.0166493951450002,-0.0149192115353573,0.0249861546721752,-0.0343028916713451,0.011726918259636,0.000123397319894663,0.00626261962313076,-0.00276402114307038,-0.052246950255498,0.00452346686927232,0.0758096161805379
"SRR30310365",0.0447977094470974,-0.0272145520819305,-0.0189107897697113,0.0075629372117271,-0.0100678035440149,0.0198126911917032,-0.0251221759152178,0.0334441509731123,-0.00927434702283339,0.0277334018600942,0.00400399074398851,-0.0282977296019244,0.0219875831142394,0.0740949284660291,0.0403775533568152,0.0531518102417983,0.0220514088668611,0.0385476342234066,-0.0389171477685016,-0.0127957890805707,-0.0624502828914801,0.0516864991046474,-0.0286580544829244,-0.010040642190625,0.0335737412015396,-0.0211951178806595,0.223783990536365,0.0155664474974737,0.0107633004171613,0.016836593630081,-0.0154165932315558,0.0200003213932706,-0.0217655856102276,0.0138030694766631,0.00705363820076704,0.0130851088103617,-0.0120234198302007,-0.0337240481881889,0.00248825591543901,0.0348192928932697
"SRR30310366",0.0422954336165751,-0.0248289922735938,-0.0140557268634211,0.0101733811521278,-0.0131606615079736,0.0268167667493369,-0.0208511190841856,0.0360801029233976,-0.0123702900918328,0.0442308013455453,0.0351715043312009,-0.0216806072379868,0.0200337009719438,0.0622966546810129,0.081351625025545,0.0545594572572021,0.0279209712693849,0.0702915412724805,-0.0364063634299758,-0.00844253937658712,-0.0590813431306323,0.0208958851421445,-0.0357349153996025,-0.00603997945113305,0.045126762734597,-0.0216044640704729,0.183195764966601,0.0121425418412746,0.0217084231663826,0.0108659853340294,-0.0159454421995051,0.0147854527658235,-0.0198355687562469,0.0152179687510742,-0.0013444145112997,0.00413641911209622,0.00219236784844783,-0.0380842805696853,0.00618906657257882,0.0430408276981606
"SRR30310367",0.0462188889979212,-0.0260782107471639,-0.0129256882027599,0.00117541042684757,-0.0115826622721894,-0.00598312999320244,-0.0321965113529937,0.038290105675723,-0.00844599204837871,0.0260322961578197,0.00125393883316366,-0.0140956884695598,0.0301697390146595,0.0589366922402681,0.0389060896786391,0.044779018563589,0.02277376510142,0.0282425600580741,-0.0332659265988783,-0.00533019905532179,-0.0591079902349789,0.0201005949411366,-0.0389199543556131,0.00620238456927098,0.00620635897499914,-0.0252596276433865,0.0813042051568672,0.0189913319094231,-0.00114581335958573,0.0168125063306588,-0.0173205735280103,0.0137774625589477,-0.0120115134182069,-0.00668246237343118,0.00266984165220707,-0.000947943238081978,-0.00899977598231442,-0.0159624239001479,0.0104573606346213,0.00327511387524802
"SRR30310368",0.0497537734096617,-0.0291786469499274,-0.0185645220107053,0.00244384340548645,-0.00308064873288095,-0.00407932412508906,-0.0252695915363696,0.0210218407300755,-0.0223793886835003,0.0216502906161306,-0.0077694096895842,-0.0226904322129304,0.0365109536640268,0.0607187344876947,0.0219365332834865,0.0359486138443676,0.0151949911299582,0.0162287527493857,-0.0375377001694995,-0.000843231966718033,-0.0670841960757194,-0.0105259274639374,-0.0488765866066495,-0.00871034599519514,-0.00349242419320072,-0.0246536624329648,0.0579685637966634,0.0211600617186367,-0.00494526870840913,0.0218885663208682,-0.021388675748203,-3.78793960992141e-05,-0.0140454840202584,-0.00441388271519111,-0.00616326872525812,0.000522218283859974,-0.0127160781954426,-0.00550015370230088,0.00376811961137501,-0.00455725576111978
"SRR30310369",-0.00416539314161989,-0.032155857348952,-0.029696588012956,-0.00863136634286273,0.00522074550370237,-0.00877266759359636,-0.0272934856829795,0.0398842287508534,-0.00982096079724324,-0.0142286012338132,0.0149043638743734,-0.0647772483219624,-0.0595062215321821,0.0430975312019657,0.0539286842590836,0.036329092950544,0.0105339220082498,0.0364966894288138,-0.0706877813665935,-0.0421908881263239,-0.0807923959915145,-0.0205195283004207,0.000610537486445241,0.00261498916405411,-0.0104096826041397,-0.0359822457533163,0.0254647243898531,-0.0601550235646828,0.00261339760198173,-0.0508584141109602,-0.0155371549553683,0.022348065075299,-0.00868906719545257,-0.0120980271914909,-0.0168522976873322,0.0528545787231398,-0.0108952233413245,-0.0477745826086538,-0.0358686631415184,-0.013297016203009
"SRR30310370",-0.0048682038983926,-0.0243824138473166,-0.0292876575201663,-0.0081022220910739,0.0040568709094031,-0.00702463533253218,-0.0280729073767069,0.0677768677245811,-0.011560870220893,0.0109148465765088,0.04242674312675,-0.05090190817462,-0.056522807607156,0.0449091255909076,0.0794938856532677,0.0335933005061674,0.0169401514768476,0.0648779714304801,-0.0590217046053841,-0.0336984567706878,-0.074656936058903,-0.00628606907812284,-0.00165997250212764,0.0172523815094312,-0.00890199035506452,-0.0291538326007677,0.0231166452917442,-0.054567057625667,0.00159527476759687,-0.0448863627701687,-0.00892190094201177,0.0194069379940277,0.0163055297579835,-0.00824637795710922,-0.023152147246668,0.0465895945754048,0.00168046477622897,-0.037492314703481,-0.0300979777635248,-0.00847095108332646
"SRR24657655",0.0818094164550596,-0.000423852677456533,0.00325693693302003,0.351518534632826,-0.0276577668628668,0.127934030880503,0.111667842584645,0.0426375530147949,0.000527561825084639,0.0986182062084136,0.0977706353399283,0.0158385628820624,0.0723510349334627,0.503676312244078,0.129728198437104,0.00375762243165534,-0.0170203141532332,0.0916647408157361,-0.0177745567867129,-0.0160822357927138,-0.0194086291716134,0.336063209292127,-0.0252030865043913,0.00135689396827932,0.101270275689523,0.0105908331030309,0.14193549194033,0.0584241926946052,0.27817438729041,0.0652053948853257,0.0399779166350561,0.000857008686883882,-0.0181064109794543,0.0668048541170083,0.01842084049036,-0.0329969535301,0.0460752061134094,0.121226223821201,0.0299656491922612,0.112549799639657
"SRR24657656",0.0914180195780574,-0.0223779580260631,-0.0130419939586932,0.320843622859158,-0.0295764404838626,0.0208251423280806,0.128749526116561,0.019384309225773,-0.00275111979243279,0.114886201010446,0.0878687538277124,0.0193769245738745,0.098877208730267,0.118944109449528,0.117086695042215,0.0144588245128336,-0.00989899591989601,0.102360731745347,-0.00887567677050328,-0.0297800832692374,-0.0257743682485077,0.00632684765034015,-0.0433062458494668,-0.0191937471389866,0.00698034293485773,-0.00670756580029677,0.133375373840999,0.0818404002701694,0.272170363547279,0.0856149606436415,-0.0111162023519954,-0.00801498679958425,-0.0377606612431415,0.0232867578477023,0.0252145288035811,-0.0372360561174773,0.015994401704744,0.121560144588225,0.0381537402801125,0.0170450604099759
"SRR24657657",0.0888038876354258,-0.0216647472851006,-0.0087494278522407,0.313661878430216,-0.0275603463212069,0.0296942874537437,0.124916228242296,0.0113343272149165,0.000626940178121463,0.110899413728621,0.0917686126226724,0.0190311923403614,0.107455835864286,0.132316470702287,0.126173238533087,0.0116113884572467,-0.0171785711073534,0.10500444122281,-0.00603696367406541,-0.0325067923340985,-0.0306852340689899,0.00376150616493462,-0.0475121143797596,-0.0291173804329277,0.0146662368401445,-0.00381002804176536,0.123449826624388,0.0814531158089412,0.268689050351668,0.0853998948486619,-0.00869397261650676,-0.0127870759391528,-0.0602302187647694,0.03247560897414,0.0294327200938803,-0.0415961325779079,0.017809482546932,0.127135761573639,0.0384532004121864,0.0193259969910918
"SRR24657658",0.0794917239470818,-0.030993614178905,-0.022926833296934,0.311434792881497,-0.0127921008523347,0.0186931398550585,0.122737097129988,-0.00639685942329298,-0.0246891324370517,0.0895390692661394,0.0879181999807259,-0.00532604367230907,0.0645524889687738,0.143808413181615,0.117940855913789,0.0157059971287168,-0.00321347581499704,0.0844656259158992,-0.0335923941978549,-0.0130903188609277,-0.0637927390126486,0.00729304916546883,-0.0524500431959121,-0.0382513781988239,0.000824062406494482,-0.0188720824416591,0.0254261819029901,0.0436059909344053,0.281079724333618,0.0486472984414216,-0.0236150000673948,-0.030741853415801,-0.0554194623771587,-0.00115216349114895,-0.00251542648242084,-0.0167455275933649,0.0207330498968761,0.108804730015665,0.012884761986044,-0.000800970288909148
"SRR24657659",0.0818531362026228,-0.0197467815989296,-0.00458502589486369,0.292214328718499,-0.0241133389752763,0.0107754146595262,0.124908646450064,0.0221886955098364,-0.0184641829210401,0.114970015474531,0.111755543887318,0.0212234332175069,0.107663596749554,0.133800657764058,0.12780199044775,0.0218009496179839,-0.0167023099066021,0.113573818089694,-0.010118292991738,-0.0292341235289013,-0.0282013301082375,0.0317491286468991,-0.0533828682291003,-0.0274812019825024,0.0297051611658146,-0.00573334605753723,0.144964103702056,0.0779827747551171,0.256412357639702,0.0805780007891208,-0.0142403598359845,0.00206776904421056,-0.0701674603914614,0.040316232520375,0.0134307701669624,-0.0473384151803714,0.0282209077828518,0.124932683516741,0.0364464743464228,0.0142180546518217
"SRR24657669",0.0952301439175342,-0.0256450937917629,-0.01871098386766,0.267449155983692,-0.043218683667815,0.00017173032589777,0.148929283341628,-0.00705997356287337,-0.00579766803893006,0.103837503022197,0.0583274764330338,0.0640755815789802,0.125854864911339,0.0614048635785965,0.0407484801403867,0.0185503107432073,-0.00381942747306959,0.0551334149739495,0.0126881250439627,0.00574283263922137,0.0406056069830691,-0.00841728806805072,-0.022169230062063,-0.0427155148940958,-0.0103807466106888,-0.00146840756800559,0.00395220738762369,0.101036413377114,0.260561888053858,0.108516013884266,-0.0209005991863152,-0.0250160731018375,-0.0472978740169061,-0.0120790664535435,0.0271793882144531,-0.0506131904503107,-6.43896338997978e-05,0.150792882288151,0.0618700799592312,-0.0134611790732307
"SRR24657680",0.0801663731652552,-0.0189920266408333,-0.0130095256336749,0.269254947363624,-0.0434807878645556,0.00437751402118176,0.147057228165532,0.0058531193895686,-0.00555272540954515,0.108152170835575,0.0839771577115068,0.0615983221180699,0.101506873816928,0.0678353320907185,0.0648052027540594,0.0345624327911196,0.0132914798270717,0.0671721708416973,0.00678988316363127,0.00113284823608962,0.0436626190996885,0.00596710357019006,-0.0154900506090934,-0.0150518788506479,-0.00828703911646302,-0.00381854729371762,0.0102302926052418,0.0775111747515316,0.260919399129162,0.084878833899445,-0.0182894599468293,-0.00562720121106227,-0.024767877195649,-0.00417018986590185,0.0204926152918302,-0.0448004751917769,0.0179160492061647,0.126510723612312,0.0563941945654071,-0.00917562939563638
"SRR24657691",0.0968568815102071,-0.0261344531916058,-0.0171506281523413,0.259235196115863,-0.0440100643201603,-0.00518776072865722,0.142868399438409,-0.00970839168712753,-0.00589575140995531,0.101314971511613,0.0597203101430121,0.0623714747090959,0.126835330368033,0.0760073248469205,0.0417349001703776,0.0379691575205669,0.00509066242796456,0.0567211549360127,0.0118173792662999,0.00548065529429923,0.0399193438772493,0.0091585880777386,-0.0242216413909792,-0.0444355147820265,-0.00341910674889255,-0.00325389640992196,0.00551310952891665,0.100320076501352,0.257680727620654,0.108413113276069,-0.0222684570476027,-0.0261322265514127,-0.0541961755991013,-0.00942307969376999,0.029338427278793,-0.0504599555247306,0.00186319829049571,0.137458024742159,0.0634696106435541,-0.00826302640964578
"SRR24657702",0.0865557027230182,-0.0211787610207476,-0.0165700589202131,0.26444246689644,-0.0409332917838276,0.00394554129812635,0.142669484146262,0.00133403517364564,-0.00140417958905635,0.0994968435976106,0.0626117971823506,0.0617204313485069,0.111795766229258,0.0725475507761686,0.0449332162211264,0.0357154170126626,0.011142680359343,0.0549917431644053,0.0117209554641,0.00598941212528968,0.0424257087506776,0.00537270365424972,-0.0217286189074467,-0.0324999059366192,-0.00100148939030597,-0.00320283469378306,0.00494514906478012,0.0877671932664487,0.260995773974643,0.0986828880141164,-0.016874594991631,-0.0233323305919959,-0.0319539479395471,-0.00552580271108724,0.0268017139405424,-0.0473217912357669,0.00693615637844689,0.135052622188708,0.0595318874609283,-0.00309792594327451
"SRR24657703",0.0834855400247582,-0.0221668344776127,-0.0166894230719408,0.258876884889012,-0.0426516188287765,0.00549640530736984,0.141593479855702,0.00944445910172228,-0.00606194463240628,0.10602409744461,0.0734681726428918,0.0541026506115102,0.0958662395516755,0.0775710199743506,0.0543843680463044,0.0371569603754628,0.0108062684321381,0.0658421078401618,0.00238066430123099,0.00313449587586362,0.0442675384992412,0.0377720573772299,-0.00851464269589138,-0.0242634828701794,0.00256407307382998,-0.00637036551731751,0.0315041788822327,0.073611185419697,0.261855787935009,0.084341397832872,-0.014395856467786,-0.0142390902705892,-0.0263740415814296,-0.00301649233271092,0.0215259028424822,-0.0381966813785189,0.00725071004705246,0.122321728033124,0.0514303296564379,0.00159037700812959
"ERR7738942",0.0215245348462228,-0.0250985748171745,-0.0269267688823571,0.00547239513839354,-0.0449505313716407,-0.00817522105015564,-0.0245378638018974,0.0444860309194792,0.0074146795228088,0.0558116617021341,0.0410434617983635,-0.000915309361675339,-0.0271948951634989,0.0297540819132411,0.0716107819308165,0.0328694380465612,0.0190073010656841,0.0907328587978394,-0.033144425323717,-0.0137305750033157,0.0526660186891381,-0.0126008126316358,0.0663288902754911,0.00634460333626967,-0.0110256311276789,-0.0232261349012405,-0.01239255221356,-0.0160508174479689,0.00943100070103612,0.0031165533891779,-0.0139859866642829,-0.0171436721274246,0.00352810678321621,-0.0153667640090779,0.011647395173167,0.0302466112311704,-0.000262502177532253,-0.0954561394241805,0.019138125698923,-0.0118571335014114
"ERR7738943",0.0322281552864675,-0.0253977357869749,-0.028229921850353,0.00973730111024017,-0.0408738866099738,-0.00950755546891541,-0.0151694900350446,0.0318692424825955,0.0043596874197544,0.0752538384754794,0.0475245533719143,0.0107039032873143,-0.0289197889151371,0.0299547879147547,0.0736445491823161,0.0125281529786419,0.00960085356309832,0.0951000109514892,-0.0313248331699095,0.00222560939677195,0.0742723385636097,-0.00823603263186701,0.0666681242773925,0.00779405206420322,-0.0152500573079526,-0.0270619779372564,-0.0129425548066433,-0.00993162857242369,0.0138223182060806,0.0101400349884373,-0.0137792376952251,-0.0145917066695141,0.00952636348183299,-0.0173035206646306,0.000908529269788598,0.0260268310030416,-3.2250084654953e-05,-0.0345875891589062,0.0213366231093907,-0.0115943281717776
"ERR7738944",0.0188812813471039,-0.0222849216715326,-0.0271969201200115,0.00492949535680871,-0.0448653890652493,-0.00804501780067662,-0.0124184716758952,0.0469011003738538,0.00720309275098319,0.0605492259932057,0.0504849951325944,-0.000117954544341696,-0.0326048644965945,0.0263743835101998,0.0768324259804593,-0.0262011319411888,-0.0289544916852749,0.0939161583925051,-0.0351271224438874,-0.0360240430196204,0.0582918344459206,-0.0138509357149216,0.0774190979563922,0.0178235658906075,-0.0165060556215768,-0.0244760551059286,-0.0119659240888343,-0.0162421835881723,0.0106305189619672,-0.00119016034112271,-0.0121126263956338,-0.00231012362235004,0.00129746523876795,-0.0165245124358154,0.015798689345043,0.0304320814829643,0.00335255308128872,-0.037335329396709,0.0199387170465976,-0.00916668880317944
"SRR30606508",0.0554373884971244,-0.0463674309305552,-0.0465877040113566,-0.00294325438282326,-0.0612547013569329,-0.0111282084337335,-0.0480687322633503,-0.0458779347369866,0.0101404975941413,0.0402416237733106,-0.0365606083329153,0.019920518064179,0.0326516181979039,0.0342106711875336,-0.0326732908449033,0.0709935455619678,0.0240198162776284,0.00890778926648716,-0.0193374058652735,0.0016575844665919,0.0501088656121484,-0.0205195283004207,0.0162838444771913,-0.068148350381696,-0.0201731793998743,-0.0337685396335465,-0.0269844387605957,0.0263214446655435,-0.0344608232566142,0.100474761958857,-0.018771256751383,-0.0844933943935035,0.0116556165997616,-0.0280308377482031,0.0214367889946834,0.0154067221577077,-0.0408847244290818,-0.0234438141529026,0.039193434667863,-0.00804698990418692
"SRR30606509",0.0368496929999091,-0.0448479425581081,-0.0488222603098556,-0.0145359861356828,-0.0604290486585643,-0.0119297811700334,-0.0417644904894771,-0.0245189497956676,0.00159628493633177,-0.00113869509535735,-0.0355934267159307,-0.00483489645322539,-0.00492589096913515,0.0543254290026091,-0.0313132781684812,-0.0162677523937937,-0.0672833872088634,-0.0166297209861865,-0.0472191478915037,-0.0368766033071449,0.0671414315723306,-0.011228444036312,0.0858814356438566,-0.0674082397455096,-0.0175460550743365,-0.0357329920802018,-0.0243643950483709,-0.0103075487641623,-0.0284077834630635,0.0258852776713855,-0.0170059025227752,-0.0749749113490021,-0.130121149165966,-0.0274815113076241,0.0297116988640971,0.0305262015476883,-0.0306502148495947,0.0102072948576899,0.0279886625296311,-0.0129030951962217
"SRR30606510",-0.0184928240937481,-0.0249765167583867,-0.0373279005540665,-0.0182822296011957,-0.0461333008362558,-0.0140005625039744,-0.0459446620186013,0.0335227795907413,0.00116580471643956,-0.0514202986390684,-0.0368352233083794,-0.0113353691163625,-0.0622987110842702,0.0566770785587009,-0.0400890222453591,0.0486599460410399,0.0204013286864633,-0.0424696576151461,-0.0493551315435917,-0.00357278681082782,0.0624266656433489,-0.0155637114204611,0.100068609433156,-0.0113985135584905,-0.0182187573162404,-0.028740871679771,-0.0214324702376904,-0.0628012279680266,-0.0233779232523242,-0.0294257312965567,-0.0122773355339265,-0.0343165637143307,-0.00167866109785655,-0.0244871622550073,0.00624474800323375,0.0534444088096428,-0.0270211825358967,-0.0520926191670865,0.0104165309638924,-0.0134969344838222
"SRR30606511",0.00761748039458011,-0.0342405515795284,-0.0418799165753983,-0.0113168749608586,-0.0565428819116265,-0.012413940802746,-0.0581938229116459,0.0169489252667516,-0.00577747417521685,-0.0274277875258682,-0.0338813982093042,-0.00901158013240702,-0.0329840118942327,0.077668905812651,-0.0334273739952844,0.0389465901024101,-0.00749822202584207,-0.0289269644360225,-0.0518882282936642,-0.0139114915781679,0.0587538398909952,-0.014571998717115,0.0859865721843207,-0.035569730318617,-0.0174051752579298,-0.0387627488697717,-0.0215368772555416,-0.0403762787687112,-0.0264598623888318,-0.00222562451515091,-0.0122021971257539,-0.0582586253419938,-0.0427848236574767,-0.025770682119693,0.0141457782948838,0.0396664188104274,-0.0260622784741822,-0.039525195211834,0.0181190092089192,-0.0126279157457185
"SRR30606517",0.0504514329401668,-0.0503903927575729,-0.0501035841878932,0.00671158908898307,0.000687941555955712,-0.0136609778151664,-0.0504279532589353,-0.065747126421334,-0.0392210636603422,-0.00216485361090473,-0.0455952508789149,-0.045337991458679,0.0365855671842633,0.0531208747906666,-0.0405110634234178,0.0676530332162508,0.0107155385276066,-0.0322751786372834,-0.0358837584924786,-0.0136909634104068,-0.0909635186689364,-0.0171373965105734,-0.062109548206991,-0.107346991848063,-0.0193127285787588,-0.0292214360312534,-0.0207170170013088,0.0199605655040785,-0.0277618099375139,0.0662743035163861,-0.0284394355947097,-0.11642300653729,-0.0480962638988615,-0.0283224652170289,-0.0208725592841032,0.0228222960847243,-0.0310234688235092,-0.0205990688226698,-0.0105837401978594,-0.0127983918068633
"SRR30606518",0.0156490513572861,-0.0458944576300747,-0.0529788474913055,-0.00723087869199584,0.017323865668847,-0.0110951830480687,-0.0335590097234043,-0.0501704291804511,-0.0367980444815114,-0.0352453249053037,-0.0529360390486885,-0.0601590467278749,-0.0081850050399775,0.0401086447202887,-0.0498786269024129,0.07169704404835,0.0397143659370478,-0.0542910349760335,-0.0418351710468863,0.0112872820168922,-0.0973178314469835,-0.0182024141415858,-0.0467827064901939,-0.0948695889174229,-0.0241822101489771,-0.0276463225081394,-0.0258378653792149,-0.0189468580185918,-0.0236833447255427,0.029073226094138,-0.0220845655443632,-0.106095062335555,-0.0228878402025151,-0.0264284279317291,-0.0360993815286748,0.0426143650139547,-0.0322051794090162,-0.0234951178152498,-0.0349260543398845,-0.0134883292578329
"SRR30606519",0.0214604518894335,-0.0445912127869642,-0.0490964136860123,-0.00316144017291786,0.0154808453669725,-0.0117606990374275,-0.043254390572123,-0.0482675123542119,-0.0377928878931141,-0.0314206460676949,-0.0486309266284489,-0.0574409540225536,-0.00740554202857481,0.0440512599630551,-0.0469536627899126,0.0789602716545952,0.0401825267542961,-0.0499932378516484,-0.045710121206704,0.00902032202722761,-0.0934500305542036,-0.0188151674603684,-0.0468420732135226,-0.0845603391999197,-0.0200755540358121,-0.0298535402233745,-0.02370640804239,-0.0199161591672572,-0.020729635201892,0.0238470416479925,-0.0214646421227444,-0.0938707328238002,-0.0217065789342319,-0.0286032335274132,-0.0373861035369921,0.0388867882424873,-0.0282362920841448,-0.0301181839767555,-0.0303939072999292,-0.015989089262941
"SRR30606520",0.0442427917358663,-0.0484749542166858,-0.0516760710119455,-0.00484571074855811,0.0110145626929632,-0.0131340333584374,-0.0449357611267338,-0.066652634978704,-0.0403208263253029,-0.00885539466090034,-0.0492135991357289,-0.0492575727515343,0.0237275357361725,0.0447191057069039,-0.0440575310015493,0.070909982763087,0.0321998227348854,-0.0372309884744484,-0.0349349385165456,0.00529206252663158,-0.0965661410790401,-0.0162493087741399,-0.066237044195434,-0.106929588942817,-0.0216107752262713,-0.0280536455268911,-0.0238211197704451,0.0105654532924092,-0.0277597437287363,0.0572675125953292,-0.0232950853760621,-0.114237826888677,-0.0522521799536884,-0.0290683134025775,-0.0315742228612294,0.0265157346820559,-0.029617976497655,-0.022701266704552,-0.0197317715139372,-0.0122709289626905
"SRR30606521",-0.0510550602825977,-0.00298212487462626,-0.00466965711255918,-0.0191527684765764,0.0213549030015747,-0.00665342849574723,-0.0619020131444425,0.135219574493323,-0.0124310295841529,-0.0870830100724717,-0.0204108489098441,-0.0339883120105772,-0.07165775632008,0.0645483536343305,-0.0238416066008739,0.109116388012504,0.079546701005518,-0.0612646871684967,-0.0428218211388222,0.0220642016137008,-0.0590318023347729,-0.0108985206417528,-0.00726831072673772,0.078112089469285,-0.0070534911770324,-0.028381830776166,-0.00530831847623729,-0.0923145928367376,-0.0241736040221874,-0.0774596607709433,0.0042137855745582,0.0181330178488919,0.109266235552583,-0.0151898354714318,-0.0511056541132071,0.0341489674353774,-0.00285386007026186,-0.0608682263250296,-0.0328992891812018,-0.00659380189916849
"SRR30606522",-0.0200483409465332,-0.00886694218902875,-0.0140326016829805,-0.00801730663207797,0.0164871911582399,-0.00816134960757879,-0.0569169320420554,0.101182349037285,-0.0154699080670127,-0.0545887071056119,-0.0342690193384532,-0.0172767117281812,-0.0238287221275174,0.056029210193538,-0.0362177789654953,0.139364372985902,0.113237229947387,-0.0508889668825948,-0.017335432390711,0.0526495950973159,-0.0592532415334514,-0.0158295907844541,-0.0338627681853108,0.032129004406214,-0.013585702500946,-0.0149303489370747,-0.0109033733792159,-0.0376177234159629,-0.0267874787629023,-0.00574526757591002,0.000337410843827678,-0.0297576472984241,0.0916487336301796,-0.019600996491361,-0.0453686800758325,0.0182257876133649,-0.0124338310897523,-0.0801011079746426,-0.0137210775602972,-0.00739130251675482
"SRR30606523",0.0495664286551703,-0.0494734236643392,-0.0497242848713278,0.00266192968353661,0.00410199744059459,-0.00815124894263375,-0.0583864671463914,-0.0584532597815348,-0.0409702941761453,-0.00339430807387761,-0.0455743310249008,-0.046795197521666,0.0385150397540234,0.054473077661494,-0.039041834190737,0.0775558963727022,0.0217980148821067,-0.0306458401005456,-0.0360778771923962,-0.0176624646612139,-0.0961109951689843,-0.0205195283004207,-0.073515740166118,-0.105035716746484,-0.0212450566437234,-0.0283701731854468,-0.019549357197957,0.0219088051188493,-0.033133564141612,0.0710663929191252,-0.0206574621853912,-0.111876499140683,-0.0392164429665948,-0.0268588003606114,-0.0269918203087249,0.0211940216187875,-0.0285384432219474,-0.0289260948938947,-0.0138286483058028,-0.0137517270164149
"SRR30606524",-0.00884947599054815,-0.0134284715091027,-0.0243240991023361,0.000221716459037806,0.0220920856192699,-0.0114992648476319,-0.0512729334733537,0.0567795660797927,-0.0292885214154056,-0.0397680988147673,-0.0355348952281847,-0.0245550752960351,0.00249292128244064,0.063053988454977,-0.032128699970721,0.128084965137793,0.113181184354099,-0.0325162266354196,-0.0241377049146374,0.0590734709764784,-0.0684995122465777,-0.0136659463900132,-0.0488773245703115,-0.00277611038573808,-0.0146437402217923,-0.00566225094226111,-0.0114576246216752,-0.0105474056395984,-0.0246731816888592,0.0293255856656817,-0.00737306450477586,-0.0467750919556442,0.0655742462665158,-0.0203451391242865,-0.0452670832265941,0.0180586671199551,-0.017238184074071,-0.0674430712400023,-0.0161354005788722,-0.00885505970691545
"SRR30606525",0.0587227893840999,-0.0454676826842718,-0.0464359409906377,0.0129844306704769,0.00580398859428211,-0.0128639567409544,-0.0524976679604765,-0.0830335419355038,-0.0483475747410656,0.011167366626728,-0.0439651289452397,-0.0363998786235752,0.0689701218047045,0.0519619609478849,-0.0357718362642722,0.0963650433948231,0.0511747535299505,-0.0175385353949717,-0.0273869048266522,0.0239867620730814,-0.0920604276614709,-0.019878698467763,-0.0993154191479816,-0.122245593735013,-0.0197521187127808,-0.014381509335333,-0.0213518352122505,0.0503147893095457,-0.0308617103675099,0.106997430712108,-0.0278048015558001,-0.124742577699953,-0.0291391833271496,-0.0282326781945962,-0.0317836276851975,0.00501973916969535,-0.0303241445910013,-0.0260051584581543,-0.00409147290528085,-0.0108509587012464
"SRR30606526",0.0334251711966746,-0.0365357932106092,-0.0409129609869517,0.0142991546989049,0.00428631545617874,-0.0103178836905416,-0.0654995389356291,-0.0359928272323571,-0.0417368498968488,-0.00497392753657444,-0.0396833437699615,-0.0353956756626951,0.0441878119575622,0.0671437423393451,-0.0316574897123659,0.128755277798945,0.08217601577391,-0.0175225355658927,-0.0316889716090187,0.0375972261557924,-0.0865718153629575,-0.00884312662274496,-0.0775770892097566,-0.0883979107426222,-0.01579077026648,-0.0174964448897609,-0.0175926739684858,0.0248746948417713,-0.0297837292137502,0.0823462211620633,-0.0168172518813144,-0.0981484862820521,0.00586835337812729,-0.0254274567128062,-0.0384915712543363,0.0138851687356159,-0.0239141119039392,-0.0624435784672769,-0.00858083165748321,-0.0070627199472662
"SRR30606527",0.0635897281559902,-0.037342537833868,-0.0457429315779429,0.00782052203286514,0.0167673709535935,-0.0109008082695456,-0.0251327535173227,-0.0639398112116844,-0.0417043370364244,0.0343267250776249,-0.0417801639134262,-0.0200800096712343,0.098716013585557,0.0281548798056034,-0.0385367802436815,0.0990818427379571,0.0790567217411693,-0.00192737949587117,-0.00781865844089536,0.0587207993565741,-0.0910698779646941,-0.0182851690414713,-0.119007291635817,-0.121304981745995,-0.0192134251295397,0.00436751166274721,-0.0228066179430213,0.0876082194944134,-0.0341554945729468,0.138844095416168,-0.0176711023520925,-0.118806242161346,0.0183337549033231,-0.0260910265855289,-0.0339194168042324,-0.0123253901462862,-0.0381386633568799,-0.00505844302287623,0.00317936713607805,-0.0132488330689202
"SRR30606528",0.0728414827544679,-0.040706488191621,-0.0406677174592119,0.0128115390322669,-0.00776567098472185,-0.00841955906080862,-0.0517592130251176,-0.078801426021618,-0.0408355994702407,0.0441098787687398,-0.0376696590865976,-0.0109358607593381,0.116622202083558,0.0642607917047672,-0.0308458217133934,0.122382762725322,0.0754795159175329,0.00838798044501403,-0.0112151005491882,0.0507608745596001,-0.0820562767291658,-0.0156133196065726,-0.125898892351702,-0.122672457526639,-0.020197962304897,-0.00811723047066873,-0.0204561348907748,0.0897757055806156,-0.0411891446217123,0.152329593643837,-0.0258344237207111,-0.121013729357901,0.00705607634074397,-0.0239484672173987,-0.0241639962880976,-0.0288313046220878,-0.0385478203278247,-0.02018259066724,0.0176739898822927,-0.0133551399483422
"SRR30606529",0.0308653503902613,-0.0225404011139136,-0.028621002293925,0.0010057872411848,0.00989767660536957,-0.00884628900996295,-0.0496818727957388,0.0174106569043281,-0.0357770126823225,0.0113456631067202,-0.0329903264836595,-0.0133964464786902,0.0594391881166733,0.0391125245055399,-0.0314442755239336,0.134370049975285,0.110178733560862,-0.00769433811762479,-0.0112767899189081,0.0729114732259445,-0.0706513398548399,-0.0120663524332789,-0.0841653811901789,-0.0508945402994668,-0.0186705815369975,-0.00619626413595664,-0.0180627796804168,0.0433157458760598,-0.0382748214071184,0.097744634154623,-0.00963436679249202,-0.0747893907255763,0.050243268086773,-0.0248826386185174,-0.042015994326632,-0.00537618013966249,-0.0269726163412381,-0.0284261718517967,0.000390675801983098,-0.00944618820054058
"SRR30606530",0.0229418825318253,-0.0250042919007211,-0.0321236636816337,-0.0168222070919688,-0.0440785909389996,-0.00819318256404742,-0.0502101362430151,0.0220596989947979,0.00554302408188566,0.0180474064439144,-0.0307409051766844,0.0276530720979602,-0.0010634888538709,0.0313102149395521,-0.0333161258963876,0.101279559144986,0.0759274146807602,-0.000328858009090123,-0.0119295135056212,0.0253345903342413,0.0550847059054761,-0.0186079925535245,0.0240199559100231,-0.00873016467368049,-0.0191031568376011,-0.0238018223560092,-0.0246093475974444,0.00327264280328469,-0.0303963493725254,0.0608227690902262,-0.00983734911460904,-0.0382390198682449,0.0630696004838728,-0.0268298509183963,-0.00195462466413488,0.0238459530627529,-0.0298116335781247,-0.0570167130502088,0.031273231339903,-0.0102548406422017
"SRR30606531",0.0721185164409524,-0.0414541389985613,-0.0442523055533163,0.0111667903215522,-0.058460277992826,-0.00995134059357587,-0.0374634451039849,-0.0587500678529379,-0.000166308701367591,0.0653718116533238,-0.0329210642395848,0.0341892686498711,0.0821717406327542,0.0473713186429537,-0.0266782226225925,0.104660139360311,0.0623730513619192,0.0267648511922625,-0.00518465115847909,0.0367883778667347,0.0421539472567914,-0.0159048457226312,-0.0230138960439008,-0.0874029551595331,-0.0168686455753952,-0.0215525721756044,-0.0263657828278415,0.0707504268810162,-0.0403271209949908,0.149320983756091,-0.0223961683680827,-0.102290465637945,0.0210554385197888,-0.0286896379059542,0.0133846151834585,-0.00792695018168289,-0.0443659739851296,-0.0185695673400991,0.0504394847390403,-0.00836467187734838
"SRR30606532",-0.0417102376150441,-0.0358524321482605,-0.0438006908002183,-0.0246699236254347,0.0363175059663742,-0.0131604749984932,-0.0269833228026866,0.0230193042554517,-0.0296395815388854,-0.0862400544152814,-0.0378844576527741,-0.0932283182908178,-0.0922035586796045,0.0369707838405218,-0.0404781898179181,0.0547717073297216,0.00964922406472737,-0.068099324220334,-0.083676615082126,-0.0709551073394163,-0.110660521043352,-0.0104246106306037,0.0028350623621844,-0.0222963953001768,-0.0198376841739775,-0.0346663580114601,-0.0185347446208931,-0.105252599406838,-0.00639271594042738,-0.0830090289202018,-0.0151055741578665,-0.00332576649125926,-0.0099199277129511,-0.0240360590268438,-0.0445277604284363,0.0789117255012072,-0.0211470586357312,-0.0491965611581722,-0.0676806116848399,-0.0144565388378991
"SRR30606533",-0.0420956747710517,-0.0325940027315778,-0.0390174953489872,-0.0203266809619127,0.0399692782719961,-0.0163642029433149,-0.0303431814824494,0.0289364813688653,-0.026151971380401,-0.0852688082450123,-0.0314904890958436,-0.0868906296195234,-0.0835151333472723,0.0359536868821428,-0.0371776644444017,0.0589549970314289,0.0231347652210793,-0.0669317638252137,-0.0787040020159629,-0.0345182618755644,-0.0998847485836875,-0.0164955423766577,-0.00496987325738784,-0.0215623356204341,-0.0194261318491717,-0.0334509443450927,-0.0181220325586423,-0.0999688970464755,-0.00569735298522802,-0.0782191620476595,-0.024098476203417,-0.0028743521428457,0.00290525412588417,-0.0215076510188525,-0.0511841783215488,0.066400184072272,-0.0182262861698098,-0.0493120330430519,-0.0650263723230146,-0.0140618021020343
"SRR18568313",-0.0252856140699671,0.0281582927417786,0.0312427759069521,0.00512075965110254,-0.0129111643397997,0.00077595216925732,0.0623461066706236,0.0459298747785646,0.056262886388004,-0.0310446895766103,-0.0387027511539293,0.0205354184955357,0.00964175641336684,0.00268222289725222,-0.0414699371845802,-0.0653233587132623,-0.0350787344862508,-0.0286071395411226,0.0790080648752169,0.000549284539838981,0.0328780715276282,0.116218717965396,0.0530305199205068,-0.0233136898646513,0.00157667447728523,0.0825835920168937,-0.0121556314482688,0.0458518005585693,0.00197810646884432,0.0215871849857384,0.1074165932175,-0.0562215536189763,-0.116761243879448,0.0652961855312907,0.0572201252930411,0.0102614175270956,-0.000931981250716923,0.0353811576851455,0.028280730038512,7.63661115298647e-05
"SRR18568314",-0.0303285872479536,0.0316593930547996,0.0270087358583507,0.00751750398763536,-0.00485400658116484,-0.00397862363286617,0.0797637438934426,0.0492305850223922,0.0476620731769904,-0.0384056250707165,-0.043643705996785,0.0121058547660868,0.00190674303632566,-0.00147888778743667,-0.0438592935459141,-0.0889528092167155,-0.0378452070909406,-0.0381407213357848,0.0735177802663594,0.00223660349660872,0.0260228311006392,0.0546229583391032,0.0542262015933093,-0.0239803025466266,0.000327884194637694,0.0927454645341788,-0.0156535825669906,0.0357852448739309,0.00745902922926009,0.0153247789045061,0.114742686861323,-0.0579212514489746,-0.111977882141172,0.0514391991462829,0.0535482246949304,0.0179714310195265,9.98157754052386e-05,0.0462912883081105,0.0204457469789794,-0.00551557471760473
"SRR18568315",-0.0447010309208389,0.0426637652366147,0.0310458363769906,-0.00313619525881311,-0.00977057014828735,-0.0067902747484535,0.0664285749315405,0.0589561590933821,0.0594101695399072,-0.0620951522143122,-0.0456350721505744,0.0115119812928807,-0.0171089203089406,-0.00470693390394904,-0.052226404236519,-0.0761277849870161,-0.0354199997221734,-0.0517851133145378,0.0645274204189516,-0.0066930890044991,0.0334977640769198,0.129180861836742,0.0704113562248292,-0.00473357848383255,-0.00569557628919147,0.0918029437229822,-0.0144004970454121,0.00706825760578397,0.00803961112500334,-0.0162590124403009,0.104931702727694,-0.0377103062804126,-0.090478869794394,0.046379968384082,0.0568860139617648,0.0218859893456761,-0.00540756806725515,0.0327138129464922,0.0190785260261858,-0.00905498557247056
"SRR18568316",-0.0760156016294029,0.0785743019039836,0.0474589895493078,-0.00191215770641555,0.00391916395559499,0.00327254231217717,0.0611219670622917,0.123877304638043,0.046471595430856,-0.0862811444315417,-0.0436985903689013,0.0333138277876143,-0.0219419412469565,0.00461849462502277,-0.0548508905398572,-0.0230746764375485,0.0306799799406017,-0.0583551122249577,0.0802554934536515,-0.00309219912162311,0.0586492296826945,0.266456347374435,0.0784763454169659,0.0541672472845884,-0.000619953883576786,0.149302729539733,-0.00430045390693278,0.0061097203851537,0.0108167588456808,-0.032557788000963,0.176820476670629,0.0104803274974619,0.00475741424398292,0.137673354003074,0.0520564655377595,0.0208222069822461,-0.0156611677999319,-0.0754777644427915,0.0323037247823096,-0.00487174271798258
"SRR18568317",-0.0816161569410992,0.0774116063601683,0.0428052814375035,-0.00440051824675783,0.00668673385717973,-0.00295554906470773,0.0681735750914577,0.13481036140251,0.0448851169100276,-0.0925244270756827,-0.0438091821682224,0.0301873172671681,-0.0336408537378258,0.00379607041470256,-0.0522963794050135,-0.00887862121730315,0.0487291044950561,-0.0598882998705539,0.0762483900531947,0.00505527556601629,0.05835955354877,0.188486084876092,0.0762198535556271,0.0549249543982941,0.00495064557467081,0.144211642682147,-0.00829923862206339,-0.00263225997600388,0.00984780587238063,-0.0408780309366848,0.217845707258452,0.0057966634367665,0.00962512380395437,0.242748817975705,0.0478086748044133,0.0236068593932111,-0.0164028997421134,-0.0909599317816314,0.0287783198111483,-0.00730223596731473
"SRR18568318",-0.097693742765208,0.0707494807810591,0.0308924453979302,-0.00990337683216101,0.011972903796225,-0.00747388326199953,0.0736136635903087,0.151934762305907,0.0332716578204423,-0.113032498727667,-0.0401882212482951,0.0249143143420889,-0.0565352562092836,-0.0167285974590608,-0.0479958292015504,0.023831186728927,0.0904072029128725,-0.0667817633330053,0.0633003784472103,0.0219604378130358,0.0601887950731545,-0.00960049539171688,0.0736791733887747,0.0577848138957176,-0.00739863220815267,0.13709564037865,-0.0168509298878731,-0.0302681224038896,0.0109671928241773,-0.0609179984218114,0.28031483521155,-0.00783215890198589,0.021473536131105,0.34343130544757,0.0358662713588076,0.0336933579517179,-0.0129200805940908,-0.127665384369166,0.0244209635316365,-0.0118724357332999
"SRR18568319",-0.113334032475748,0.12296308002312,0.049541429905564,-0.00341950984979139,0.0507871861155876,-0.00231971229945045,0.0831540130185007,0.166525024383603,-0.0125909187525678,-0.111778874809338,-0.0340171134469436,0.0399274028125803,-0.0451482644187019,-0.00700447407959093,-0.0516707039614221,0.0131213337859451,0.107308708871273,-0.0730873954775927,0.0802048056383818,0.0458605461940397,0.0383383736963381,0.037744538577984,0.0544629707662032,0.0910630981553183,0.0114800690951045,0.207246923426789,-0.00899617509207966,-0.0165795455973441,0.0103408016842819,-0.0646241665082972,0.277206098612985,0.0227866591008676,0.0967949520723659,0.175806199189664,0.000732951597431427,0.0184518829627871,-0.0172278240179403,-0.0684272810059179,0.012005266655241,-0.00237843280772698
"SRR18568320",-0.102837706189412,0.11458966011833,0.0530424553130318,-0.00575371848766919,0.0319670315619435,-0.00393208428606387,0.0747855486940814,0.1587193178714,0.00124837999100558,-0.103013138399088,-0.0369801087089572,0.0405311980531934,-0.0319626321106817,0.00138347829150578,-0.0499314455217712,-0.000489343396112681,0.0716264469097827,-0.0680352524713358,0.0854106883784422,0.00639366245970124,0.0422528105060619,0.0312102409360465,0.0621712101514952,0.0832241343904152,0.00768810573797873,0.205914333912745,-0.0095780463355587,-0.00382286458202498,0.00960484991077699,-0.055184407640508,0.231643056682449,0.0267728687041813,0.070365535324779,0.131047116196607,0.0181984490186419,0.0181074577159621,-0.0191241874087037,-0.0906263588717874,0.0253355602349037,-0.00804015378434465
"SRR18568321",-0.119785837496618,0.119614570152835,0.0430892424757983,-0.00177455830261395,0.0499169494458669,0.00230284445592202,0.0916991786504326,0.171333718876529,-0.0145548297752806,-0.125758378532728,-0.0338437677746386,0.0394783429104394,-0.0539395249301154,0.0109658139468413,-0.0488822470983735,-0.0145058724976236,0.0849277731613012,-0.0798692170838258,0.0683082592294087,0.0380255834740826,0.0412662530810516,0.00740702880297558,0.0634976291545467,0.100170332810521,0.0187703881869103,0.186588478121467,-0.00390171563541787,-0.0300838228309244,0.0129362154671479,-0.0739182321303394,0.310183830229801,0.0422424823387469,0.101872597323124,0.317417304729115,-0.000165974813730022,0.0221425973657072,-0.0150270490977496,-0.00988301600107225,0.0104985373148869,-0.00582279033240266
"SRR18568322",0.0134847980575827,0.0319342778917434,0.0278657991991177,0.0248932351141217,-0.0159024438287956,0.0025841730514822,0.0676831610066101,0.0419005498672715,0.0469157519816197,0.0417579462014,-0.00764783525244084,0.0504413832332913,0.0892651510607024,0.00450540016672359,-0.00791347132566513,-0.0861408908630824,-0.0547168551873792,0.026939428003272,0.103432395027462,-0.0475155537288407,0.0181675891208607,0.0684742578905277,0.00507040865599432,-0.0196709295299059,-0.00158992351411107,0.105533256186961,-0.00674958352902371,0.126238060319789,-0.0112815373857447,0.114658734122954,0.113678068350025,-0.0534397785532102,-0.0646959843485416,0.0229988092318167,0.0686797058838434,-0.0284562595493259,-0.013254382947939,0.0666504466944746,0.055742889915238,0.000467442536894126
"SRR18568323",0.000709461219684079,0.0324001140970089,0.0260699837454844,0.0193592253123571,-0.011231520265978,-0.00163003156907161,0.0679983871368913,0.0492256982928971,0.046317603217363,0.0155376156487413,-0.0193117659521837,0.038078016938386,0.0596280933460678,-0.00118480478884205,-0.0198674691073048,-0.0733755061697039,-0.0416193157778481,0.00591482928425383,0.0919887609911698,-0.0376061231969558,0.0138563555815185,0.0438830723889168,0.0176280666581822,-0.00763980251939038,-0.0124363653283096,0.0962925912185496,-0.00903562345975222,0.0990708582155208,-0.00310171540106363,0.0835676643187848,0.0960234642296695,-0.0435951654926645,-0.0529991105642631,0.0171863509662627,0.0594361370354569,-0.0112558339615087,-0.0153225903414668,0.0566692420417132,0.0444846005821162,-0.000667430319584427
"SRR18568324",-0.000816883299711484,0.0453486428368815,0.0367082022422113,0.0201198386095198,-0.00996998818885978,-0.00482480012159943,0.0541591711582783,0.0508480124649444,0.0425243957250629,0.0109249191110294,-0.0288725190177974,0.0417513020810994,0.0574943150996596,0.00570818630106079,-0.0264040301275414,-0.0567195775506018,-0.0123709703202094,-0.000941411823871197,0.0952604955401558,-0.0149093842988077,0.0266708485223198,0.0542305494268176,0.0187962375630184,2.49463548410827e-05,-0.00938730117399673,0.122122780422696,-0.0123546388157322,0.0942138841387018,-0.0120791282408353,0.0874204043891102,0.127520794731404,-0.0548311558354286,-0.0343606760440915,0.018505798514492,0.0587795570594181,-0.0176307752326156,-0.0116300660329149,0.015173574927774,0.043774089897174,-0.00573969669370511
"SRR18568325",-0.0243103511617335,0.0399901836878455,0.0322893446560949,0.00812591374273542,-0.00881486782176442,-0.00703717291526932,0.073351611744556,0.0844415284740033,0.0422825379915632,0.0113448841884496,-0.00490561513761923,0.0467744950765111,0.0468095502832193,0.00571970124383121,-0.0106529727762517,-0.0287903524730232,0.0088500676911649,0.020344367257229,0.0928035736603084,-0.0231582737901426,0.0414156116163054,0.0224023727279619,0.027011444553131,0.012911330131804,-0.00878625140263803,0.102569170558993,-0.015614076887306,0.0862642053268148,0.00332213580436329,0.0913556999620026,0.188582129363934,-0.0264560267169044,-0.00493883596291343,0.108859918171532,0.0514192918874303,-0.0130408471146657,-0.008520411670538,-0.0558774026112104,0.0434945602110096,0.0037821943530916
"SRR18568326",-0.0254184223049527,0.0443996200056798,0.034787389345701,0.00630923371965412,-0.00884806763548721,-0.00831782432473005,0.069320968590274,0.0864139400708067,0.0345906561475878,0.0141613453117855,-0.00563734879420207,0.049389275359931,0.0459757082434745,-0.00335437788193147,-0.0124939674826089,-0.0346352519079522,0.00776880312719374,0.0180028768787593,0.0942563220522145,-0.01755888066607,0.0411729083766153,0.039059187660581,0.0248071841785973,0.0193560554624744,-0.000568306843401514,0.101799311040007,-0.0177159439264274,0.0858543786719874,0.000519190780496008,0.0911663909638691,0.176997837027328,-0.0254456141027058,-0.00191215774478953,0.0316786853382894,0.0455461336596582,-0.0164348602047725,-0.00642214346357111,-0.0382745308106454,0.0436033591866768,0.00138265881518341
"SRR18568327",-0.0304836954086366,0.0376262473664079,0.0240954188056059,0.00737338311186729,-0.00957539949484066,-0.00986214856070816,0.0910425113058216,0.0880011183181686,0.0412854105882614,0.00224733222373771,-0.00622716954821086,0.0416547935742081,0.0416672165752675,-0.00749497494307222,-0.00782990922118398,-0.0610141534026166,-0.00280824522722054,0.0204617043485942,0.0949273360698547,-0.0390458441816315,0.0434557310079242,0.00836722632830455,0.0331132328601686,0.0041458959424718,0.00189813896234588,0.125147890926707,-0.0139115137399409,0.0877738853432988,-0.00121457383724024,0.0933472187117035,0.233623126190672,-0.0263922947119385,-0.0322295500554904,0.190288512157615,0.0642700006621761,-0.00453764576607567,-0.0109771378466922,-0.0885736442645517,0.0463352071846005,-0.00103656363332652
"SRR18568328",-0.106808087124628,0.110919347579207,0.0444528873440306,-0.00482376143951973,0.039310553283776,0.003793801066063,0.0647879579213563,0.169834619806936,-0.0132369491681879,-0.0996065566427981,-0.0309684071854793,0.0449254278085693,-0.0482470001992056,0.0265431854790955,-0.0493756449422829,0.030091575662125,0.124541795327196,-0.0628884963095761,0.0770755795585794,0.0589346306002711,0.0448794127583102,0.240819200036524,0.0553717704316813,0.0900893761917255,0.0182763561900697,0.180911101231038,-0.000618341502177362,-0.0158261779525934,-0.00535244004167028,-0.0298571934496652,0.328643793938484,0.00912791802596338,0.110569602490476,0.232823499307784,0.0019262829698818,0.0180515327667829,-0.0126893986168473,-0.0896078698061086,0.0140973767612756,0.00251305667785769
"SRR18568329",-0.0856931372485202,0.096157795034456,0.047098863314923,0.0185608758508979,0.0111750189392005,0.0257071615670037,0.0529297797818737,0.17711025839071,0.00743152023466734,-0.0780563660385397,-0.0233693381100538,0.0452017020871838,-0.0288778293398753,0.0752689142525216,-0.0361752024225118,0.0312829045855918,0.0923308379168157,-0.0410186881690877,0.0816723512438168,0.00664610093125375,0.0424230570598164,0.571922540511991,0.0571818746217998,0.0783761863471649,0.0389576217531683,0.162403438874164,0.0194245831150652,0.00455214531824755,0.0277828914391144,-0.00729827179362735,0.343530566780075,0.0116773310629647,0.0752385818364288,0.256050000878313,0.0261174923510647,0.0137810176249822,0.00176621681400542,-0.125882016153407,0.0320110597231324,0.018908817421985
"SRR18568330",-0.0982028711369604,0.10553748519211,0.0457438958308075,0.0091733654511761,0.0293814915228294,0.0164654217360694,0.0623788794416699,0.169587775864757,-0.00336947059626879,-0.0916228515188515,-0.0257358805310604,0.0459736197607435,-0.039521341560063,0.0564002762847515,-0.0447882599897985,0.0339335502078256,0.118343268332811,-0.053976433890304,0.0806454969558658,0.0373080998002549,0.0431505531827006,0.506600873594199,0.056387220181067,0.0851573316385307,0.0264483989482634,0.174800606251548,0.015880846133533,-0.00766633437687543,0.00954519517193844,-0.0209229478461815,0.333444626017393,0.0110011600527181,0.0967953641732748,0.247023081984836,0.0118323998647264,0.0164180265251897,-0.00277137655113009,-0.0957450795930255,0.0209768861968211,0.0168710463078617
"SRR24107301",-0.0766335943460598,0.0975277972106975,0.0883707983912542,0.0124475713398462,0.045663083271629,-0.00948715172078551,0.0175682510791523,-0.0550971927242549,-0.034149645511882,-0.0281692817096495,0.0415430688220756,0.0524416412180381,0.0459818826144702,-0.0319092837722612,0.0400873590628122,0.0507863803651874,0.0653213235790215,0.0277510000597833,0.0808970991662032,0.077810486263829,0.0192312575856075,-0.0109904067615162,-0.0629987146161293,0.0315547843353069,-0.00236741502661214,0.0680532573070661,-0.011980301275071,0.020813436406015,-0.00244524780686517,-0.0268510469444843,-0.000360049666239835,0.0476708435662504,0.0262455015181367,0.049904179220986,-0.0155908530815903,-0.0964869493264834,0.022530332488698,0.0509669875568456,0.00827370285542608,-0.00433556083254812
"SRR24107302",-0.076022718805629,0.0992252067033019,0.0879548913251612,0.015234206860547,0.044660519301453,-0.00676786502859638,0.022440082278628,-0.0548661925142369,-0.0339127207476604,-0.0271959537206023,0.0454195744557759,0.0547350774363315,0.0459649921338515,-0.0252444383880479,0.0416976730983038,0.0382961945539395,0.0591645907522807,0.0268243859104451,0.0813435846405837,0.0771665074886716,0.0202497056319196,-0.0122628058497328,-0.0639030136146488,0.0327421468168699,-0.00372480567820948,0.071463670710256,-0.0110426411528631,0.0217569986766556,0.00690297591886213,-0.0258182502349524,-0.00145805060951166,0.0498303292050569,0.0229794065412387,0.0472367472647425,-0.0141898874812971,-0.096952074500401,0.0227184147411835,0.0566580766864218,0.00955451097548606,-0.00179202855025313
"SRR24107303",-0.0807324371217172,0.103550101480506,0.0906990986895616,0.00492634803218873,0.0504046507815908,-0.00887086183980381,0.0100225112893976,-0.0477605540355509,-0.0373472172417013,-0.00927106179556614,0.0618885867667396,0.0632133731715806,0.0418284030018867,-0.0519543721820284,0.0560422107880696,0.0673142560455608,0.0902905599229924,0.0456792416270541,0.085864054857096,0.101826752150002,0.0250574865284421,-0.0187465161027847,-0.0657745220456769,0.0369466222718065,-0.00414193777559318,0.0750743374515543,-0.0132886491344009,0.0223514561489187,-0.00554730302086717,-0.0252959248941759,0.00189257055897954,0.037416588120407,0.0377453326515758,0.0411267174403783,-0.0283019850909348,-0.102046383133613,0.0239880245612785,0.00436735563150489,0.011348983421405,-0.00988184759926265
"SRR24107304",-0.0753166369506147,0.104783626476902,0.0917471870773468,0.0184442940791166,0.0474631046237724,-0.00291859229577659,0.0177442740822578,-0.0456379115412151,-0.0402119137776995,-0.00425979708200768,0.0714201460517083,0.0616567713422687,0.0479995191941166,-0.0337809805779639,0.0604823356142679,0.0668274087762225,0.0842906741213705,0.0488220406090133,0.0839200591745651,0.0931457045976356,0.0224578664209913,-0.0159819095388332,-0.0698652088278199,0.0350002889273876,-0.00582533478670385,0.0789290404027275,-0.0115514547792986,0.02615312081634,0.00798892345482968,-0.0198177898973142,-0.00589032068008336,0.0405485735757855,0.035236811640194,0.0464326364207843,-0.0278882574014987,-0.102768151363847,0.0290076280691382,0.0360042970265721,0.0107593085547481,0.00408166218822996
"SRR24107305",-0.0791344837975757,0.117161399825223,0.100628500234527,0.02538047181742,0.0318330451712051,-0.00454212421165891,0.00718031998588369,-0.0420358825861961,-0.0333801258075738,-0.0139444791648666,0.0477820166050658,0.0628349606629483,0.0281749221657446,0.00149885393236516,0.0532832016353363,0.0621015742829708,0.0797590728278446,0.0322379002986129,0.0900466659507242,0.0827360832971448,0.0243924943436951,-0.0107434715840548,-0.0478571482228182,0.0701497640651809,0.00107083146586227,0.09643111865193,-0.0111286376963835,0.0174314123998351,0.0100480394307829,-0.046721473104833,-0.0104613637131982,0.0681063802659942,0.0685413934212117,-0.00231145230967468,-0.0155773470883802,-0.0917187044020378,0.0305037684098685,0.0313083515661922,0.0204450193177197,-0.00896089522054328
"SRR24107306",-0.0775423941482389,0.115613252728586,0.100862376519072,0.026707180291093,0.0322257326278017,-0.00591767834408447,-1.63712875413825e-05,-0.0439929308811793,-0.0322452717983293,-0.0139680745134402,0.051374506494529,0.0630737444680365,0.0281800233402448,-0.0138248443068239,0.053966393368241,0.0660530977811978,0.0794497319675187,0.0330416720985457,0.0888172819735572,0.0825111548264565,0.0265629106856387,-0.0118249983785198,-0.04832824432859,0.0700030035828074,-0.000648982009944731,0.0928475473492049,-0.010163061955494,0.0164356747615689,0.00700310661948298,-0.0459770117213412,-0.00752822553375986,0.065643170688531,0.0689747540711486,-0.00279106535993103,-0.0159748921427973,-0.0914347553938456,0.0305927288557642,0.0229076759278134,0.0205876258943631,-0.0100876579907034
