"","MEblack","MEblue","MEbrown","MEcyan","MEdarkgreen","MEdarkgrey","MEdarkmagenta","MEdarkolivegreen","MEdarkorange","MEdarkred","MEdarkturquoise","MEfloralwhite","MEgreen","MEgreenyellow","MEgrey","MEgrey60","MEivory","MElightcyan","MElightcyan1","MElightgreen","MElightsteelblue1","MElightyellow","MEmagenta","MEmediumpurple3","MEmidnightblue","MEorange","MEorangered4","MEpaleturquoise","MEpink","MEplum1","MEpurple","MEred","MEroyalblue","MEsaddlebrown","MEsalmon","MEsienna3","MEskyblue","MEskyblue3","MEsteelblue","MEtan","MEturquoise","MEviolet","MEwhite","MEyellow","MEyellowgreen"
"ERR7738945",-0.00430697993345455,-0.0379137149850149,-0.0282304817833952,0.0220676285362661,0.00405962587709308,-0.00934982674758182,-0.0288469382912394,0.0144547311434625,0.0890330970884252,0.0860110823877803,0.0390822076189409,-0.0455012994110607,-0.0361086703600555,0.0432935482019995,0.0813801272969278,-0.00574425812937788,-0.00827669890787736,0.0527601053875085,0.0248692231864826,-0.0155789398724474,-0.0130930324193142,-0.0204428431223284,0.0687476566975055,-0.0260535591218803,0.10526822895508,-0.026447727404133,-0.00997411072329358,0.028889070671848,-0.0586580860454245,-0.0229541996852706,-0.0187238144343582,-0.00436186969181632,-0.00681094898773047,0.00479653955465431,0.0128790835056061,0.00129162021167224,-0.0790819778901194,-0.0175792439152685,0.0955453939283725,0.0644441705260481,-0.014884947974312,-0.00418904450808666,-0.00737794911222056,0.0244967016845959,0.0182360268543604
"ERR7738946",-0.00366724918936989,-0.0377287363844838,-0.0289520065553319,0.0204044655112913,-0.00222611113933829,-0.0118508778611988,-0.0283650078664432,0.0135077885782887,0.0889339245386428,0.0845549713584486,0.03814965784908,-0.0471664577110307,-0.0361444925858204,0.0410081069972393,0.071958905475125,-0.00693223372712304,-0.00916950551088808,0.0539301155535209,0.0248281783807615,-0.0141446055552423,-0.0113924470523323,-0.0203002002973057,0.0688066643705166,-0.0269121118061106,0.105538942756014,-0.0273085460756397,-0.0104812495832754,0.0278962328233052,-0.0585728307022119,-0.0260848444940398,-0.0194617702030551,-0.00454737539042888,-0.00976822223580803,0.00465592309312357,0.0127768810350547,0.000917809824753826,-0.0793932201888756,-0.0163623843843127,0.0939511666702121,0.0648407482313943,-0.0143369520952357,-0.00666255647107161,-0.00616129061288007,0.0248989112528589,0.0193394818352612
"ERR7738947",0.0136846570140297,-0.044900319704018,-0.0302516943092084,0.0229607916037274,0.0140689823923935,-0.00535875478563091,0.00710673774618515,0.0126516385050504,0.0747658333033709,0.0667715936328622,0.0247114959468884,-0.0278135220438131,-0.0291947662897993,-0.011758991338425,0.110142589278737,0.0548779384187027,-0.00703845461789653,0.037866686263919,-0.0125595409064283,-0.0274515520716818,-0.0186347209020811,-0.00185844630562815,0.0563140427691366,-0.0196728690867272,0.09822344504608,-0.0340223733561199,-0.00849297606859757,0.0411865959466913,-0.0447691844407278,-0.0300306709204559,-0.0234076913191446,-0.00322709968727231,-0.196320488246582,-0.0040350704980847,0.0394438239413863,-0.0325387559468808,-0.0594851670049587,-0.0074989405706544,0.0668560050092497,0.0541137892764196,0.00305596136825814,-0.00779803535390685,0.00941091887012698,0.0295643896301171,0.0251184693387444
"ERR7738939",0.00787507723799951,-0.0228703855631588,-0.0259885596018337,-0.00289311437220234,0.00319568340793003,-0.00791360663749576,0.0578464110649044,-0.0467316868082452,0.0289645099780049,0.0184143621279431,0.040696313459798,0.0145626926022623,-0.034251150125079,-0.0401399602437467,0.027577315628381,-0.0150731101581189,-0.0118384579354476,0.0450755412557542,-0.032729266101183,-0.0333985263389465,-0.0165311479773518,-0.0161078364855628,0.00431537043494892,-0.00753119104361913,0.0874273719029016,-0.0373181904646801,-0.0107226790322141,0.0795864399541286,0.017607429763868,-0.0177760721166863,-0.0263772663587566,-0.01443466213247,-0.052843070944913,0.00134879848128625,0.0287128075610079,-0.0152443910182955,-0.0237344939408292,-0.0119927900374524,0.0483350399847182,-0.0067934035092478,0.0389504213591614,-0.0158269508422421,0.0127310994269372,0.00842781452759522,0.0143398150194519
"ERR7738940",0.00678306190958578,-0.025217243632811,-0.0281568934249789,0.0020085488515463,0.00223427226462671,-0.0101374197341606,0.0573040690512507,-0.0452217437750203,0.0308868220290118,0.0190089574132669,0.0394131350336264,0.0101386155872836,-0.035029880290891,-0.0436938670002031,0.0290606695016115,0.0138419225667197,-0.0100311705569685,0.0448332389052411,-0.0343440179888411,-0.0328146678120724,-0.0136761777538507,-0.00231712102037567,0.00602314179227263,-0.00604636355172808,0.0890026035335614,-0.0352027812056186,-0.0122264254880903,0.0766676501795068,0.0178245951302103,-0.0172242607400074,-0.0262155650443329,-0.0140700050265925,-0.0567278467442826,0.0104558464544377,0.0315003137484843,-0.0141210439489558,-0.0252826449719106,-0.00873727967616877,0.048345773420131,-0.00509335444334617,0.0390941522318034,-0.014313769699826,0.0143489963257726,0.00852567714941807,0.0138183103592408
"ERR7738941",-0.00358743151635871,-0.0265106658162184,-0.0323090591074894,0.000727930398693719,-0.00666301413669533,-0.0112576050148788,0.0475944507057324,-0.0520634528551862,0.0269333443032078,0.014959207839637,0.0736318059607907,0.00933448076510818,-0.0374319713027404,-0.0414150647794577,0.0201646855486669,0.00809847888628192,-0.0155789825270729,0.0385993038161794,-0.0350471887638657,-0.0259635106358224,-0.0186670902815441,-0.00527751329242773,0.00451839557576914,-0.00785030081725969,0.0839821895936745,-0.0445700005425953,-0.0128511400041365,0.095414263231074,0.0161735312934346,-0.0190511970693516,-0.0257216397778234,-0.0179088329411416,-0.0515691989887381,0.00922201927076355,0.0332883226588913,-0.0106335345689032,-0.0283851336719357,-0.0128598473813558,0.046843828808596,-0.0123680941129761,0.0451847580522469,-0.0190925585581537,0.0131609057008174,0.0137228111188773,0.00925446187390856
"SRR8689382",0.0491534345163511,-0.0510392605707283,-0.0536760274746401,-0.0187848464859916,-0.0153786563434973,-0.0159147254531184,-0.0437592152466879,-0.00981249437820141,0.0364332414189957,0.0276625787603956,-0.00999695138042182,0.07768417293356,-0.0467199017189874,-0.0980585363745826,0.0350869495397074,-0.132043188738304,-0.0151443301042713,-0.0252119623567215,0.0548389974084804,-0.0672016035890221,-0.0188821221183587,-0.140703039628851,0.0585435125031928,-0.0755031963560635,-0.0100364908827803,-0.0242286908030754,-0.00675620012603624,0.0565955096598299,-0.0928643383294763,-0.0208271846282887,-0.0209633155524626,-0.0210541122779361,-0.0218462451070152,-0.0233725245450846,0.0519013395264768,-0.0436856770277462,-0.0432665308218492,-0.0166625933059428,0.0174911938827164,0.0246932849440005,0.0345146719763623,-0.0198760569665926,-0.0289904114732293,0.0165900825589361,-0.122434272867657
"SRR8689383",0.0504589970895402,-0.0502950169494663,-0.0541697968112452,-0.0153091576641065,-0.0150479333728197,-0.0165183644945651,-0.0454836684387857,-0.0126266651840067,0.0370595371407632,0.0258673359777988,-0.0103854212597391,0.0727872950335525,-0.0478554106020295,-0.0947973536474084,0.024837028935488,-0.140430969835849,-0.0186910104330373,-0.0257876457728235,0.0558697748484813,-0.0650706678839978,-0.017407170836396,-0.141461982449799,0.0579232117131013,-0.0813571486123096,-0.0106156869603256,-0.0225923650034381,-0.0102795020801489,0.0548819007917645,-0.0905068816432761,-0.022656767203558,-0.0233905468149554,-0.0225495231860684,-0.000317341594045584,-0.0189960855293324,0.0504608226620491,-0.0464796451077097,-0.046086766997395,-0.0139399885353972,0.015641395488412,0.0238414725359927,0.0346063683713866,-0.0193089801017972,-0.0315812591178049,0.0137937126032329,-0.116680322953027
"SRR8689384",0.0484018724341518,-0.0504382302797539,-0.0541216638466449,-0.0179394696727068,-0.017580668986086,-0.0133807601065738,-0.0447382493991923,-0.0159580248339168,0.0384127314762231,0.0257709697576216,-0.00932849644760442,0.0713118979639652,-0.0488030266845772,-0.0925548552793896,0.0243455027140537,-0.153286555112605,-0.0160805091978193,-0.0256688411154167,0.0573721209391461,-0.0667548096676221,-0.0155659243787166,-0.152985754625192,0.0609185272915715,-0.0775376984298899,-0.0129207779264417,-0.024110829675081,-0.0106528998078911,0.0549662568434169,-0.0907420956563477,-0.0201786097138099,-0.0243091622877686,-0.0206120053192562,0.0247314702614198,-0.0287527705005149,0.0470183222754327,-0.0407678068799645,-0.0444036576597828,-0.0171418432855475,0.0215790352024318,0.0225598168497437,0.0334063506193049,-0.0201071808472761,-0.0295465406949926,0.0136422674631176,-0.121804850182435
"SRR8689389",0.0358885942513984,-0.0619428969977637,-0.065517623185371,-0.00864794616542375,-0.0168258578954404,-0.015805303269091,-0.092855433107933,0.0660751507372886,0.0709935577940373,0.0943242756852619,-0.00277089283694693,0.0529228792891896,-0.0494507149798993,-0.082976511609884,0.0719582122017284,-0.0886786284781533,-0.0148148485605909,-0.0349810585953311,0.0633244182209191,-0.050290833835563,-0.0178829002560161,-0.115903068690482,0.101124477671263,-0.084748357274886,0.00415936048554665,-0.0318341647995939,-0.00776861309425409,0.0322142911899771,-0.145312039722726,-0.0307590080256255,-0.0144827175688732,-0.0102424892184139,-0.0825690375018492,-0.0342272425292431,0.0603899274024457,-0.0536391183706645,-0.11008663184022,-0.0171709609426286,0.0465163387676485,0.0987064477805988,0.00717399285345638,-0.0174763152169693,-0.0369705810002585,0.047247128096498,-0.1409048256961
"SRR8689390",0.035546090956203,-0.0613766346518492,-0.0631660426265887,-0.00419970885459454,-0.0214149310970797,-0.0129934072591043,-0.0908339667231525,0.050236583279129,0.0725801504436334,0.0911934681127745,-0.00218655508252684,0.0499655282327677,-0.0505480072789526,-0.0758430189837062,0.0495722880265129,-0.117452594635917,-0.0197967090465877,-0.032824928727739,0.0608471458311869,-0.0484426729564088,-0.0189291078632795,-0.132465323359732,0.10340251742958,-0.0858062915328932,-0.000500347971248071,-0.0314358662784244,-0.00705694094617631,0.0338793851775884,-0.141693380587421,-0.0313509193077967,-0.0200699134098643,-0.0106234770746361,-0.0357778937385725,-0.0234084051708392,0.0535452889914349,-0.0436656766984335,-0.107851349014678,-0.019956219813151,0.0503168524730878,0.0927600535277672,0.00628016333949795,-0.0218135310827453,-0.037008844089106,0.0408511395735481,-0.143733319122629
"SRR8689394",0.0476988306810962,-0.0651751724390255,-0.0690587324375023,-0.00862658493886292,-0.0177615026748052,-0.0140492951564954,-0.0896954348391989,0.0627194167460094,0.0622077132831911,0.076860596266456,-0.0203472737330924,0.0600030527684971,-0.0478897741495389,-0.112255711009894,0.0606447560327912,-0.0964495599030089,-0.0129170971318247,-0.037316465213446,0.0582604195596787,-0.0489155297726586,-0.0203212456622644,-0.133444302047672,0.0968785795009477,-0.0786190240753332,-0.000726261993222661,-0.0279913950534252,-0.00575220317059879,0.0364186020141257,-0.141892958870872,-0.0343396132504085,-0.0149579912399895,-0.0120186109858867,-0.0932009091973049,-0.0378943765745445,0.0677508973987134,-0.0489530114189073,-0.105473160205417,-0.0164500128809616,0.0372920981345429,0.0889605147505211,0.0200857650532871,-0.0168488700458458,-0.0259218649511756,0.0408940351653784,-0.170805591506343
"SRR8689395",0.0450734017470048,-0.0627739976626367,-0.0681675734684165,-0.0119203674685342,-0.0231427158300972,-0.0140469114417302,-0.0891719470331496,0.0466548541389009,0.0630795080930769,0.0723676114560812,-0.0187443425309674,0.0491337805802995,-0.0525580250697184,-0.0997995977411148,0.0342611458544415,-0.149308259819687,-0.0154489015798244,-0.0376886350417493,0.0605877541546356,-0.05084813650858,-0.0203212456622644,-0.163042923938535,0.0969170140215428,-0.0810458087996487,-0.0103255014146499,-0.0256044526760904,-0.00960505601261245,0.0363217427634795,-0.138568350051458,-0.0335160787072948,-0.0241474965348457,-0.0144762359121242,0.0177980260645349,-0.0258206125941372,0.0564218657953542,-0.0348051489574482,-0.109770293080036,-0.0275390650150807,0.0411436252027272,0.0809572132329529,0.0187710286505131,-0.0195005022499606,-0.027731744021648,0.0296768559166118,-0.170846075252844
"SRR8689396",0.0440416126512506,-0.0619210392894422,-0.0679313991810643,-0.0105785966280762,-0.0242247753972453,-0.0149885515472132,-0.0870986999212616,0.0470766614151672,0.0660986774995804,0.0715886285182622,-0.01830363255535,0.0467102963991885,-0.0526748837264132,-0.102052372172703,0.0353949336619729,-0.160623172149899,-0.0193042715244426,-0.0400282490056734,0.0614884841222061,-0.0512924997552323,-0.018275862359181,-0.172940978309498,0.0969160935341247,-0.0827835702082539,-0.01050190689443,-0.026732801982511,-0.00605065138702714,0.0331384688560145,-0.1380368880633,-0.030887571074637,-0.0242419260162551,-0.0115890819646027,0.0294194098998076,-0.0189039479393238,0.0570457632209957,-0.0352567834979223,-0.107049279573687,-0.0245749822888876,0.0416525096003854,0.0799250454500552,0.0180976227580259,-0.0202075190475434,-0.0267675919970757,0.0289857130048712,-0.16672413097287
"SRR8689400",0.0645680596487541,-0.0293831639238903,-0.0377408781545341,-0.0170021028031485,-0.00601139395867659,-0.0115500456903669,0.0222199314359182,-0.0612073039507225,-0.0273056878356063,-0.0507648113866319,-0.00923571280273605,0.101945676094245,-0.0372026545482555,-0.100497191772508,0.0364681428449241,-0.129570846903931,-0.0180482386121303,-0.0230652045221934,-0.0612596085431834,-0.0801754533885901,-0.0203212456622644,-0.120874956784026,-0.0187510710453736,-0.0555737751024395,-0.0435969376407788,-0.00756337734758817,-0.0164002749283782,0.0756647570088088,-0.0244996435634263,-0.0177336019642414,-0.0202023777605066,-0.0182213936116424,-0.0441275580655194,-0.0047315495575393,0.029022334306666,-0.0303102274211887,0.0258805306921297,-0.00329278142976585,-0.0576110343572232,-0.0581853691414182,0.0671166558753504,-0.0198843384796185,-0.0237001391549141,-0.0223645075609147,-0.0660494885141616
"SRR8689402",0.065598470050698,-0.0296961369488861,-0.0378733553741539,-0.0199598499325614,-0.00887306144574396,-0.0146274545538926,0.0273067820511454,-0.0598588542314347,-0.0279317712863697,-0.051618429653632,-0.0083831379052737,0.102589734136289,-0.039082115956893,-0.100372907164053,0.029641986481022,-0.136858339727962,-0.014968833669441,-0.0254036795394672,-0.0634168799523553,-0.079656081916416,-0.0125315812133204,-0.125535053447747,-0.0213642495200792,-0.0581312515604035,-0.0434024673781796,-0.00843018949085607,-0.0120557401719593,0.0750619583340692,-0.0244109682409862,-0.0200836986651674,-0.0183109201279477,-0.0192134324997518,-0.0397048312679436,-0.0084169551316062,0.028319986576829,-0.027887640659688,0.0239032191045685,-0.00506141473569457,-0.0541025201776134,-0.0586636564371076,0.0677920168932472,-0.01699576764944,-0.0245103822802782,-0.0237204914201499,-0.0641398361597258
"SRR8689407",0.0634615485135421,-0.0448386624676242,-0.0484637690230311,-0.00999359559210724,-0.0121195797985545,-0.0111562282821974,-0.0125257363125854,-0.0536991114955893,0.0060444992701042,-0.00619933708446043,0.0159691446929436,0.100574435242213,-0.0411090350254742,-0.133441779376766,0.0115966991469775,-0.162237347003838,-0.0198758705440592,0.000587833155192289,-0.0890384958213365,-0.0855920649286949,-0.0203212456622644,-0.172966034514044,-0.00712523151625435,-0.0603738780758231,0.0169728269108744,-0.0262385284598411,-0.0126946233139618,0.0945324383564919,-0.0562576521946919,-0.0147007872700771,-0.028325013255258,-0.0201616411683544,-0.0321973525376113,0.00557773975958006,0.0594553559532647,-0.0337588035952699,-0.00704215766894681,-0.00237103452816038,-0.0195777470831944,-0.0392378869196813,0.0583404948728936,-0.0192538278962971,-0.0151988692522087,-0.0114402980335344,-0.120466006557633
"SRR8689408",0.0622349127891982,-0.0456479231761492,-0.0460264547982465,-0.0186134658193098,-0.0105109680682088,-0.014024730651642,-0.00857885126308576,-0.051809628155833,0.00223190118436341,-0.00345585940405251,0.0166696452676288,0.101247234543381,-0.0407171702053123,-0.132980881879166,0.0246829085495241,-0.159235709763007,-0.0152334948250928,-0.00120084440120639,-0.08442439751622,-0.0835735980882646,-0.0147186009332294,-0.169642468446084,-0.0078743799191887,-0.0598919688340334,0.0176498589847143,-0.0299602925285285,-0.0142117117117653,0.0951331611148029,-0.0551562454677767,-0.0163578650885394,-0.0310229199934589,-0.0194219547528229,-0.0514072604775621,-0.00436862576763315,0.0598080230632037,-0.0331382892452685,-0.00290909309865838,-0.0108815785750725,-0.0176511698107193,-0.0395494154460482,0.0586822138652203,-0.016281809645224,-0.0156781382347662,-0.00996092880020952,-0.118827120115322
"SRR8689412",0.0752639167928432,-0.0365237558767149,-0.0482370186554214,-0.0193939430450834,-0.0178527003097795,-0.0173398981249041,-0.00330742192955939,-0.0631473040587167,-0.032477713666512,-0.0515467227566914,-0.0149661444460943,0.0978515935590343,-0.0405742638285652,-0.0854921640932807,0.0220579723679276,-0.109323512421296,-0.0204539138876104,-0.0258800819097,-0.0734351692097649,-0.0956846079391535,-0.0169442102045846,-0.0982054390790453,-0.0262572265749182,-0.0667183256084371,-0.0331926671128664,0.000172041122404505,-0.0124207487378626,0.079723814902715,-0.0505772272399199,-0.0201437143908659,-0.0234752970118938,-0.0230766643446954,-0.0411514894060843,-0.00206545901463152,0.0258649985559764,-0.0211576860683398,-0.0249480205213636,-0.00380766345583691,-0.0574449841446166,-0.0603396381479704,0.0767631299033048,-0.0235853719255288,-0.0297993176211775,-0.0340280368499437,-0.076586814344813
"SRR8689414",0.0764931710880057,-0.0354436455644509,-0.0483333297108158,-0.0175297684165502,-0.0126626615745625,-0.013768909463371,-0.00395903328897419,-0.0612624653908441,-0.0331984704541175,-0.0522051099886734,-0.014053632155016,0.0971921118626558,-0.0392842662203233,-0.0883091498706291,0.0350249573315811,-0.103501206724923,-0.015834139549911,-0.0241331395216503,-0.076886108130925,-0.0923684537607989,-0.0145125233987794,-0.0932220064792244,-0.026043646056005,-0.0641892388632849,-0.0337788325280115,-0.000995741216456439,-0.0137431317351632,0.0791526653470205,-0.0503004952395039,-0.0164503873912996,-0.02130074267489,-0.0209625037037339,-0.0571884953351572,-0.00728637221614591,0.0293682364687305,-0.0280912710179971,-0.0235404798249473,-0.0100184863154008,-0.060332191271341,-0.0594635708756479,0.0767239548090517,-0.0238607472185674,-0.0285676974777914,-0.0326461943015988,-0.0782593500335622
"SRR8689388",0.0374712953657496,-0.0610982727391792,-0.0627630211444996,-0.0114893657035802,-0.0171233451106548,-0.0162793196732138,-0.0922143095507239,0.049296239911632,0.0695173902274341,0.0895782417904173,-0.00352337105607929,0.0540927419914087,-0.0499676671153842,-0.0736608913453481,0.0485001466661803,-0.126453432190612,-0.0169806544843738,-0.0323694091559972,0.0616786347544088,-0.0509726632482257,-0.0190770270870197,-0.1447951717772,0.103342261542837,-0.0900805735928402,-0.0010132775948769,-0.0306933415504799,-0.0131765409618456,0.0323223920908215,-0.140539227737143,-0.02915698182507,-0.0218307859517479,-0.0107150305529408,-0.0253437221750899,-0.0292316190019682,0.0510717589428196,-0.0469990625889357,-0.106984257920848,-0.0253903632087522,0.0480295005320312,0.0921582050692423,0.00495937722876385,-0.0219398749408461,-0.0402653121424246,0.0376079021035981,-0.142834526027856
"SRR8689401",0.0666471991142701,-0.0301965171872854,-0.039258939750016,-0.0123422399194216,-0.00565786411913673,-0.0135961268127794,0.0280559571166857,-0.0529261709959197,-0.0257951246663362,-0.0474246611552615,-0.00917151291529859,0.102577796427066,-0.0373577182776488,-0.105410301293179,0.0381808636873151,-0.117151683881845,-0.0154971516357576,-0.0246299584695636,-0.0605626672534988,-0.0792657557278677,-0.0166270128895906,-0.114850538172784,-0.0198983317626447,-0.0568252579084865,-0.0393675855925636,-0.00745466862622429,-0.00853823926326023,0.0759724128517395,-0.0263375250803994,-0.0185206663776477,-0.0164296076356009,-0.0181260021606053,-0.0785199743876645,-0.00439834004034474,0.0317630511027831,-0.0335611300599792,0.0222709293630533,0.000344666732484432,-0.0573734854860966,-0.0577459463727196,0.0685809251763589,-0.0189926775529623,-0.0234153960058584,-0.0177264180551375,-0.074564976836183
"SRR8689406",0.0621777432633985,-0.045070231434081,-0.0468845404134459,-0.0170765890506103,-0.00637704278657489,-0.0134539008560659,-0.0100296549743897,-0.0516326138993581,0.00615835429343933,-0.00508623876686566,0.0173036959791522,0.101145192729691,-0.0391796323611432,-0.133756876069748,0.027265117023499,-0.151464578140507,-0.0128935932847898,-0.000646981175835038,-0.0823938670029085,-0.0851320699515783,-0.0143809457824253,-0.164751028641113,-0.0083899773578907,-0.0603694277449026,0.0190179719732818,-0.0253775057834271,-0.0104976076211547,0.0943174076879985,-0.0548250500577727,-0.0164785989342075,-0.0298503950524439,-0.0189996895033878,-0.0725902179679874,-0.00579358647690653,0.0602223341415837,-0.0297429210000302,0.000835204012034601,-0.00939505083751297,-0.0186811900822181,-0.0396380456177354,0.058745395831355,-0.0165449254697423,-0.0137217391296395,-0.00971836611817276,-0.117814556191467
"SRR8689413",0.0761795698066625,-0.0363730575486328,-0.0478824481747952,-0.0164061418136842,-0.00825784076373046,-0.0131858350252374,-0.00146393500960362,-0.0602897708382328,-0.034071945004487,-0.0534916737451657,-0.0155354645593176,0.0986198481821205,-0.0399438564335131,-0.0904419319427101,0.0395635650484587,-0.0986951639695804,-0.021362518823827,-0.0231477870025318,-0.0742604812385611,-0.0927928944992823,-0.0187164015831755,-0.0918243850005859,-0.0236373544484296,-0.0656156579367214,-0.0329157391079071,-0.00275562213408922,-0.014185884222071,0.0787418315792626,-0.0497176571689952,-0.0188699411631495,-0.0213810151277031,-0.0204756696977702,-0.0672481836383376,-0.00740499825060887,0.0280397154377545,-0.0235641932456799,-0.0222468193188312,-0.00652087292500201,-0.0594483208733002,-0.0584889498692942,0.0763683698185563,-0.0224158819133717,-0.0290278487509457,-0.0300017191934711,-0.0771273005283565
"SRR8800677",0.14445128564423,-0.0390070882448396,-0.0505876023006994,-0.0236391608305769,-0.0400303039179414,-0.0187842678445438,-0.063110142768169,-0.0859437633275908,-0.0873071659039784,-0.129989845841927,-0.117697145590811,0.0649797722570768,-0.0499875998202591,0.065566735152482,-0.0787510961597422,-0.00449017658059832,-0.0256146782533642,-0.0263096140546725,-0.138722832125581,-0.098749733304482,-0.0203212456622644,0.0394744080092544,-0.0830076351014301,-0.0955587780105381,-0.0904247605334532,0.147119651265752,-0.0169325720025783,-0.0546741846070032,-0.0761979783756904,-0.0342654647689857,-0.0262320715295492,-0.0324908797543635,0.0290991085870613,0.0293986265504852,-0.148546129232894,0.12558358617178,-0.030565248755464,-0.0327029211335622,-0.0986977923921348,-0.106649787684551,0.0969845504419454,-0.0318707455753568,-0.0692579146609864,-0.178753406351399,-0.00037190440272898
"SRR8800678",0.142717395655857,-0.0406576120270898,-0.0489437658243675,-0.0208908692810396,-0.0448107614765715,-0.0188110775507803,-0.0650553072588097,-0.0842844142212786,-0.0928647245475724,-0.13229087931324,-0.117305769810424,0.0664201157012157,-0.0500936802107457,0.066136353223562,-0.102639766298813,-0.000427572595327918,-0.0230146536993091,-0.0251651183346699,-0.137341939396256,-0.109550665959988,-0.0203212456622644,0.0440283304218065,-0.0818360312084946,-0.0888457197564015,-0.0934715368880072,0.154111941897211,-0.0144243149838219,-0.062479662318307,-0.0817901399989754,-0.034308924131927,-0.0318171557063404,-0.0350217463451696,0.0280852990806539,0.0396241292155988,-0.146885099878663,0.130642178257101,-0.0291702207724292,-0.0241578061011303,-0.105066136808483,-0.107549747757061,0.0994709680465131,-0.0306653107037191,-0.0704815968416724,-0.179727215041393,-0.00930683134403808
"SRR8800679",0.141192549902653,-0.0338813048473911,-0.0407022976006309,-0.0164976219537462,-0.0398484455725264,-0.0151335304118736,-0.046887822213803,-0.079154478141002,-0.0838485582268892,-0.124307652235603,-0.11364003454611,0.0639879839855022,-0.0460046380595481,0.0677622056282058,-0.0649701581205126,-0.00103168130379985,-0.0200142267431545,-0.0218578344961211,-0.136845581305724,-0.0970869944749502,-0.0189873481412905,0.0422663643775526,-0.079218911041998,-0.081516994335287,-0.0864171758840849,0.147783666194281,-0.0153048855410773,-0.0540573398504037,-0.0675405748616509,-0.0305332019156199,-0.0277827527492689,-0.0300715418910559,0.03640491949109,0.0354414733582504,-0.142629902906155,0.123797929297755,-0.0188236651206813,-0.0207129039653242,-0.0985555743352678,-0.101869160785034,0.0949428803574579,-0.0259168749809769,-0.0683393707879317,-0.170882832436509,0.000252083218691983
"SRR8800680",0.138305811237896,-0.0341764644931246,-0.0419469377984723,-0.0149351493994477,-0.0365625492155252,-0.0168573948849674,-0.0526517288500778,-0.0821712543111188,-0.0858152699289311,-0.125758720370151,-0.115924485286015,0.0633465240133296,-0.0463145805594777,0.0665652099983447,-0.0692307109386774,-0.000275612645184825,-0.0229154894862765,-0.0247656057842587,-0.142095713768358,-0.100145486987044,-0.0147126097456125,0.0433028233950525,-0.0791473748598488,-0.0836187018510835,-0.085515427798619,0.147290716390394,-0.0149265540733495,-0.0583769651721805,-0.0689134533413702,-0.0217199155098253,-0.0274164269546618,-0.0297644096859118,0.0326608478738398,0.0379426182473184,-0.144245300035089,0.125561140126724,-0.0185896472675414,-0.0284290573075081,-0.0960087911971426,-0.103600207930268,0.094865650671883,-0.024763206746177,-0.0684006048535947,-0.171534190576029,-0.00228548585587784
"SRR8800681",0.138442048390632,-0.0347961018547178,-0.043019552434146,-0.015988532608128,-0.0378073376730995,-0.0131725978729045,-0.0474079209873698,-0.0850256233942922,-0.086514350913243,-0.123950987061785,-0.117890166833715,0.0680591860534093,-0.0467585598655821,0.0663900969032337,-0.0656263815456771,-0.00121768808678615,-0.022589108986907,-0.024503575141888,-0.140597678501131,-0.0986036182173809,-0.0203212456622644,0.0382315380942429,-0.0768812650354948,-0.0826089865092193,-0.0864644344168155,0.146574101197706,-0.0169325720025783,-0.055244083245402,-0.0690995397051805,-0.0255911304611827,-0.0285638762406489,-0.0292904542262541,0.0357813504011524,0.0383002288641716,-0.14023131732418,0.124195460552155,-0.0232592296864602,-0.0318994495179487,-0.100960652908695,-0.103745441336955,0.0944258182903491,-0.0261377129226384,-0.0672526662113465,-0.172179326082886,-0.00182127128360472
"SRR8800682",0.132844783317728,-0.0389571922012547,-0.0462706378766692,-0.0246051093795061,-0.042928273132153,-0.0178089592501329,-0.0528135473067747,-0.0780156776689253,-0.0789650487810252,-0.111061418513469,-0.10850268548317,0.068909570569335,-0.0501689495516165,0.0684290590739434,-0.0802116237966477,-0.00684223256616646,-0.02174447593028,-0.0315600194307514,-0.134887638320127,-0.0928036324745054,-0.0203212456622644,0.0349792025364035,-0.0712314198945458,-0.085704024969406,-0.075873188031816,0.133427970482655,-0.0169325720025783,-0.0497520238949154,-0.0800676710822686,-0.0232736924115002,-0.0345646142861794,-0.0326886929347688,0.0324766841577991,0.0284455846739893,-0.131926788139508,0.116005979905301,-0.0421186326750084,-0.0319359537347357,-0.0850678328979207,-0.0946827667400943,0.0899222023162598,-0.032330721845878,-0.0557280188447284,-0.162614429419453,-0.0189888395421849
"SRR8800683",0.133889072988772,-0.0388278233248431,-0.0496549683286134,-0.0202282246136473,-0.0387542072766966,-0.0180871146021358,-0.0650887650310352,-0.073606509315155,-0.0766609686213894,-0.114929858062151,-0.111463524054797,0.0745669479383193,-0.0510232914012883,0.0694803582548483,-0.085111955559625,-0.0068345093516826,-0.0235014061674771,-0.0281089549566543,-0.129494258864354,-0.0922318185203263,-0.0203212456622644,0.0318779627649813,-0.0727962256144739,-0.0792992565026052,-0.0820813057797102,0.131828247919418,-0.0169325720025783,-0.0542850507032712,-0.0807384395653,-0.0310033930380848,-0.0331843472990476,-0.0355802625897246,0.0280695380782848,0.0228884415700806,-0.130508120453627,0.113732624065233,-0.0428382330405811,-0.0379064460944488,-0.0832002178926908,-0.0967528832760284,0.0902444695052895,-0.0369579511316058,-0.06102602415969,-0.165580743125582,-0.0173081202585717
"SRR8800684",0.13111864129265,-0.0354681711786573,-0.0424420181882093,-0.0128115651739321,-0.033371974728714,-0.0168052781309866,-0.0516442682542231,-0.0773064858684918,-0.0761555588338374,-0.10983254087431,-0.106660919056471,0.0686673770085583,-0.0460298994505069,0.068714895167095,-0.0620517490010338,-0.00630730393504916,-0.0229463450356098,-0.0225287335196266,-0.125699269733979,-0.091049393050505,-0.0181837952113817,0.0343967471748198,-0.0670342826610515,-0.0784627333129104,-0.0701019552584645,0.130005166424339,-0.0162227192732837,-0.0461892155347181,-0.0744152105339376,-0.0276492111659993,-0.0285939173547834,-0.0290153656321207,0.0342558907005164,0.0295066017100186,-0.125790422597395,0.112075145972469,-0.0315880644223192,-0.0325985795102299,-0.0786822541466041,-0.0921198352629592,0.0870085597401176,-0.0292691655272892,-0.0626220138868429,-0.156276463954516,-0.0201793579840007
"SRR8800685",0.131987302647947,-0.0374452127152097,-0.0425137104894837,-0.0133142977314829,-0.0403001946871023,-0.0179547939665754,-0.0533511465063763,-0.0783605597172943,-0.0772061763111917,-0.108556673953929,-0.107244620761901,0.0679680819178819,-0.0485799242279268,0.0699747152004862,-0.0659372186255637,-0.00705306155707026,-0.0229891897944315,-0.0245301643688809,-0.125422410590869,-0.0922845667748811,-0.0203212456622644,0.0298192322013966,-0.0680546485779339,-0.0784279784405324,-0.0709478879470576,0.132147072228383,-0.0169325720025783,-0.0473523507174665,-0.0732061081437547,-0.0276195768461994,-0.0329313970660376,-0.0290650686833429,0.0354623455386963,0.0311149095395204,-0.12692888966262,0.108737252395541,-0.0308799232177591,-0.027988862340715,-0.0784362448091739,-0.0926579803402989,0.0876730795539843,-0.02656940228609,-0.060210832123555,-0.157332425087639,-0.0162462472259421
"SRR8800686",0.130739547479232,-0.0370263519598765,-0.0409919404818585,-0.0138219126963343,-0.0346260393674264,-0.0162395785853634,-0.05820686382365,-0.0726392517676539,-0.0744088449254284,-0.111036854834152,-0.108011617692667,0.0715189383755926,-0.0477353546362565,0.0693881135594724,-0.0538725741290494,-0.00627880158364628,-0.0129568365469681,-0.0245182048590924,-0.12180552771086,-0.0924355021478764,-0.0203212456622644,0.0347517246848295,-0.067695072149757,-0.0762706494205022,-0.0713713210176267,0.13516189423029,-0.0169325720025783,-0.0458317928237472,-0.0745733884739886,-0.0267099448561926,-0.0307569859006386,-0.0300704798350759,0.0345350142674657,0.0333393302151712,-0.12626874022742,0.115403515464203,-0.0303009631537242,-0.0330465049366299,-0.0765620596569642,-0.0922770512076459,0.0877741008566539,-0.0286151313134789,-0.0611738402130856,-0.156992343424081,-0.00999384033906626
"SRR8800687",0.134203049051158,-0.0447335339530156,-0.050681382227954,-0.0181352200461063,-0.0419308935802065,-0.0194613085395436,-0.0683953353732691,-0.0736599241276027,-0.0653121768590665,-0.0907367210466642,-0.104385037030067,0.0770723671920152,-0.0506656188119034,0.0639574666895724,-0.0823525229438164,-0.0234529687059817,-0.0227973940472505,-0.0212140097636099,-0.1098380765445,-0.0936514458204435,-0.0203212456622644,0.00219911920774583,-0.0566419664323377,-0.071377020394245,-0.0679030350239215,0.135332034678643,-0.0150382480699174,-0.0474626434643017,-0.0956777659629779,-0.0271586014923513,-0.0354692493325817,-0.0338709805374134,0.0363330563596348,0.0349671120032922,-0.126365328011215,0.121871405791715,-0.0497884011058165,-0.0331700563119526,-0.0706306353861883,-0.0775517238074592,0.0853126838825598,-0.0325402943010311,-0.0607165463594787,-0.154537039414375,-0.0485967998145027
"SRR8800688",0.133881316936126,-0.0464274847216763,-0.054427343890059,-0.0166058352280342,-0.0420964037578554,-0.0188766164427241,-0.0732685411921927,-0.0699662079260616,-0.0661535682374772,-0.0929329192589252,-0.112543200553658,0.0793121454486724,-0.0513103425209338,0.0658173774706037,-0.0878005008925945,-0.029256500982768,-0.0256146782533642,-0.0222317411341727,-0.120516762863447,-0.0951191817941543,-0.0203212456622644,0.00436792827818949,-0.0586181159807621,-0.0892437879289372,-0.0694023919048097,0.124871362241935,-0.015336935693506,-0.0516830576173316,-0.0995454011166092,-0.0286141555093837,-0.0325908003669481,-0.0345059260427094,0.0428682141645669,0.0306045532132574,-0.122276159501818,0.128170924391073,-0.0623215150735567,-0.0347966415714382,-0.0729758779704577,-0.0793832437750117,0.0860225052423338,-0.0364365917329005,-0.0606046852650993,-0.157053827201074,-0.0652053696060371
"SRR8800689",0.131027580002251,-0.041182733283682,-0.0446067011483148,-0.00900780646462099,-0.0327945767263128,-0.0177276601964155,-0.0601897558239445,-0.067362715749355,-0.0631825660605886,-0.0889639541444457,-0.103480972180683,0.0743628623882933,-0.0472841356765471,0.0648759107864082,-0.0628226542756551,-0.0220511949983568,-0.020868936910338,-0.0192825302062867,-0.108484594324277,-0.0927200852677527,-0.0203212456622644,0.00972024566542759,-0.055563810973596,-0.077164382564404,-0.0616190467745989,0.126897658984049,-0.0169325720025783,-0.0423939783260195,-0.0854477911360491,-0.0239550755364362,-0.034155533854147,-0.0294312717589033,0.0394603106064181,0.0308007890001268,-0.118661765214552,0.115233905195448,-0.0408977485320862,-0.0294646945270231,-0.070338728523844,-0.0720930072148205,0.0827027484335087,-0.0264391949457306,-0.0557156945623941,-0.149350505742521,-0.0453868430296368
"SRR8800690",0.131408461255474,-0.040384683284028,-0.0433382471021924,-0.0114181513375466,-0.0317004415780747,-0.0151112766063318,-0.0588332152954521,-0.0670521150758402,-0.060882268939144,-0.0903547922325628,-0.104300713184233,0.0725231049787236,-0.0471098367284249,0.0646698262921902,-0.0482028052240287,-0.0245267602686852,-0.0204704934598191,-0.0179540725323414,-0.108300675616441,-0.0942686787672815,-0.0168970366575068,0.00769066376631855,-0.051563517976087,-0.0817623580863078,-0.0614921872704436,0.12504242703634,-0.0159849452294636,-0.0435077558073888,-0.0857229026765698,-0.0270310768264918,-0.0333819432258882,-0.0293060111361107,0.0379798533468912,0.0287948043226403,-0.11635205807484,0.1124838628905,-0.0422299081821277,-0.0307115727778932,-0.0671288694557077,-0.072777858033502,0.0819757359268528,-0.0269503375039633,-0.058003785100706,-0.150922493303977,-0.0434613272090765
"SRR8800691",0.132044760413326,-0.0418013541238382,-0.045152539765487,-0.00919231315089585,-0.0347541105626863,-0.015210456269879,-0.0614583047857112,-0.0706749947126941,-0.0639192894550526,-0.0913622350204254,-0.103443217787047,0.0712230573201968,-0.048308905712515,0.0651336468139211,-0.0591290610958306,-0.023093429182993,-0.0222599926872376,-0.0191052760704641,-0.112654685831756,-0.0963059323168939,-0.0180341988542569,0.00777764746690148,-0.0538572107949351,-0.0815510491818223,-0.0625720506105214,0.126078305009227,-0.00952476348858646,-0.0426666349090339,-0.0865106673805269,-0.0244348459969128,-0.0335774662794854,-0.0291553456587974,0.0365543208143149,0.0298895797338751,-0.116697492456154,0.121516752582197,-0.0422536212446561,-0.0351795183992893,-0.0684925240143282,-0.0740864240044412,0.0822307634054254,-0.0300075834407636,-0.053413724606006,-0.149748450245145,-0.0405066286988437
"SRR8800692",0.121779787803367,-0.0359066769304828,-0.036430370684918,-0.0041045076429234,-0.0290962723485561,-0.0152016265409476,-0.0401345447142965,-0.0699257731193193,-0.0515701087436241,-0.088020129683048,-0.0988718169083118,0.0443962856526218,-0.0461774932623724,0.0698185234656091,-0.0307923222217078,0.0072030044390812,-0.0164928722336341,-0.0121141878865166,-0.108812782126509,-0.0876227837822249,-0.0157768947562543,0.0369737128272474,-0.0463010816385323,-0.0760262409256688,-0.0595250745658471,0.11876333058852,-0.0142624287274167,-0.0475165012031018,-0.0700080959754984,-0.0215274462279749,-0.0314767292869234,-0.0242272832673974,0.0144102450215308,0.038854911165371,-0.120509385862938,0.104424960406701,-0.0312192784806305,-0.0235014154655674,-0.0509193366905783,-0.0772248554492938,0.0802859808779951,-0.0231079199327465,-0.0612765405335441,-0.144265163883159,-0.0176797348523296
"SRR8800693",0.107366894828687,-0.0381304949474766,-0.0393972516074793,-0.00289363295175033,-0.0300712286851244,-0.0166080858674015,-0.0513195589031821,-0.0498481280031512,-0.0284303300456714,-0.0552013245053998,-0.0958245249683046,0.0405471665336313,-0.0477055946271629,0.0693818209170102,-0.0261608348008361,0.021877901741568,-0.018656139188311,-0.00939283250705384,-0.047466378559069,-0.0764292004011622,-0.0194392445560709,0.0461091957528303,-0.0212506925607374,-0.0745375327433309,-0.036463135072355,0.111818571514576,-0.0122077514844225,-0.0514624438270249,-0.0780847076439469,-0.0287963063738182,-0.0281067475867996,-0.0230494243093493,0.012940598645988,0.0381925503349508,-0.106425947480228,0.100641221605309,-0.0455270342719159,-0.0273836370658796,-0.0165827929717429,-0.0427120946427293,0.0676293926076665,-0.024385957266685,-0.0539544601792687,-0.12516658544183,-0.0184706019265588
"SRR8800694",0.108556950847956,-0.0378506513069936,-0.0401056137621303,-0.00372376725905147,-0.0270525418196097,-0.016872367760284,-0.0499857313370683,-0.0483773499419115,-0.0271945598130889,-0.0541883953201771,-0.094253192052903,0.03439271943921,-0.0478908609668383,0.0695635571489267,-0.0297102648112224,0.023981562295064,-0.0190404932715251,-0.0129992918507139,-0.0442645214125717,-0.0767148037267986,-0.014069732507989,0.0469430167794239,-0.0220491164219663,-0.0718590234317594,-0.0368394628641466,0.110374442565237,-0.0150611365617123,-0.0507040940090129,-0.0801347848276065,-0.0281273225708714,-0.0302016502097993,-0.0252545897443984,0.0145083581456447,0.036908660808399,-0.106907168599639,0.098436247104372,-0.0459024233819601,-0.0299796303633837,-0.0191226284960997,-0.0421108372836505,0.0681056418415079,-0.0245660858992153,-0.0529867905968991,-0.126448786708287,-0.0232193712547513
"SRR8800695",0.132607955969822,-0.0372202630578263,-0.0398400698318991,-0.00581020487116515,-0.0312737028633016,-0.0162843601662516,-0.052936004312291,-0.071586892166626,-0.066916926813635,-0.101652572135851,-0.108373214516407,0.06515975714826,-0.0468743770892973,0.0746244818932756,-0.0361145555767357,-0.000767497525829527,-0.0164094186468541,-0.0194239444522188,-0.135486311085357,-0.0947491701691482,-0.0203212456622644,0.030992312648456,-0.061852595985611,-0.0776811575145388,-0.0732616196931545,0.12815857973599,-0.0145043361245852,-0.0520117758817562,-0.0760061438666406,-0.0255936025386247,-0.0307295415350656,-0.0247434485180221,0.0149043260821646,0.0407021153839437,-0.128724602848068,0.110207347744813,-0.0377199985172971,-0.0262300730274145,-0.0788746572634901,-0.0890718450040412,0.0851948223865103,-0.0241641897942528,-0.0641438636084268,-0.155044359025079,-0.0062929385167823
"SRR8800696",0.133367413947183,-0.0382869607636869,-0.0396564504681193,-0.00628317425557426,-0.0334748076690813,-0.0138656518308128,-0.0603712438297427,-0.0747860829392899,-0.0649857653643195,-0.105058294524156,-0.108902050816608,0.0633113322918664,-0.0472929879901433,0.0748630743878448,-0.0451592345778752,-0.00248620087316801,-0.0212305143838746,-0.0208593883584383,-0.133284813370648,-0.0963252346455753,-0.0203212456622644,0.0326532942587502,-0.0615354832896519,-0.0815812503467394,-0.0749004743522184,0.127871421025657,-0.0145470708584346,-0.0492075105375298,-0.0775279084696936,-0.0202156039178991,-0.0320944104802109,-0.0275445707130253,0.0135890217253225,0.0442781795496262,-0.128135647316115,0.110835481356701,-0.0365613243546688,-0.0243227855853169,-0.0812680061151934,-0.0888813223365752,0.0865218876548797,-0.0281386162963207,-0.0657111599376666,-0.156707111713547,-0.0106658541142634
"SRR8800697",0.133831905791223,-0.0383759552975199,-0.0466097796214529,-0.0265431525397813,-0.0381381579604253,-0.0184009548950986,-0.0536845948460376,-0.0756521212427724,-0.0742200935051071,-0.122225974930947,-0.116648805096157,0.0594628848097552,-0.0522864954157707,0.0736044775790888,-0.0873919058329237,-0.00840859334709703,-0.0239404271299041,-0.0346518736462875,-0.0953920577020765,-0.0931356321465575,-0.0203212456622644,0.0343655805425902,-0.0625459130138721,-0.0830779091626917,-0.0958809097393022,0.135669407560342,-0.0169325720025783,-0.0488547334610709,-0.0759852601487059,-0.0287560279858051,-0.0312320492665374,-0.0358914035615518,0.0328012915755447,0.026275809890657,-0.131542726373443,0.116397231672686,-0.0302923740140728,-0.0343798866183268,-0.0777546200679164,-0.100642932235449,0.09065009316617,-0.0321761841214497,-0.0684181420737293,-0.15945149529578,-0.0185647841662816
"SRR8800698",0.130245751954256,-0.0383561477984301,-0.048066135949011,-0.0204489221720775,-0.0435751716341224,-0.01816794973314,-0.0602167126887283,-0.0832724641172228,-0.0727452383908406,-0.119620395140217,-0.114703151015311,0.0612454874758981,-0.0530977038569641,0.0750937669570756,-0.0814162017271511,-0.013910834663873,-0.0227168172733027,-0.0367510466760796,-0.110038986032495,-0.0934449312719664,-0.0203212456622644,0.0370000571799238,-0.0630507160567723,-0.0911266661952437,-0.0908213872422672,0.132646375349252,-0.0169325720025783,-0.0518845535044711,-0.0817788366575235,-0.0306625848197277,-0.0284412184170976,-0.0373571989831828,0.0333986603607125,0.0241486327698062,-0.13290704071618,0.114751504092668,-0.0227469641769111,-0.0369614914475063,-0.0803245400814501,-0.0985260108031649,0.0909004557908743,-0.0356771402696396,-0.0668106724081009,-0.162094595457567,-0.0154293464052016
"SRR8800699",0.127034273997347,-0.0345190411378186,-0.0396896842027914,-0.0123040488109825,-0.0356895517667981,-0.0183148662206624,-0.0425782911285806,-0.0809270671890544,-0.0711071416755822,-0.113013390146194,-0.11061694938303,0.0657455678097396,-0.0492027512858046,0.0747578195465949,-0.0579728537418509,-0.00820533341262981,-0.0206600612251236,-0.028657694113163,-0.0988547967778047,-0.0904225280361163,-0.0138537882519391,0.0374238838316862,-0.0564204977196915,-0.0814120897521941,-0.0874258075118746,0.127635694525473,-0.0169325720025783,-0.0489596423661024,-0.0659678890778674,-0.025221112928513,-0.0285299590420741,-0.0301195404198879,0.0353496922360128,0.0275357768632784,-0.127528354987895,0.108533731305183,-0.0197380652788905,-0.0250351968610597,-0.0802983216929574,-0.0960620656492373,0.0870926512678906,-0.0292400998588943,-0.0665821874028862,-0.152350970301141,-0.00487668655666857
"SRR8800700",0.128825151458701,-0.0341313673053067,-0.0400231074202253,-0.0142548660327045,-0.0348910147181807,-0.0163109327949143,-0.046480682908047,-0.0818328912803056,-0.0719178547554002,-0.116230418220802,-0.109584237554882,0.0637011140392571,-0.0494613475077821,0.0760616324042836,-0.0644739410053007,-0.00952438171256329,-0.0201515230082093,-0.0305006870964832,-0.102671040670194,-0.092717858703825,-0.0190424658237562,0.0321831044665563,-0.0547146354800958,-0.0796715044249579,-0.0885769754272301,0.128600834796082,-0.0160381859919531,-0.0481107576417305,-0.0669169925902404,-0.0280378474042298,-0.0299258849570501,-0.0302840706286163,0.035852503981667,0.0303803204840979,-0.12729310933247,0.116255848229878,-0.0202711962380995,-0.0307106011461274,-0.077481233786813,-0.0921025998684245,0.0866457697884148,-0.0260308252974892,-0.065870191478723,-0.15407944669214,-0.00740993815980558
"SRR8800701",0.130076751330988,-0.034161897542233,-0.0389829659452581,-0.0145429700769147,-0.035906149119308,-0.0168524300233705,-0.0466136617408764,-0.0814377668098468,-0.0692282369778058,-0.116477707606168,-0.112174011678903,0.0614266749380074,-0.0484733581656124,0.0749323834973223,-0.0597035721144508,-0.0108029766108117,-0.0236311314633903,-0.0320323291808017,-0.101582538900763,-0.0888339297912528,-0.0190462604211927,0.0317761859883602,-0.0557792298243216,-0.0775392858677697,-0.0888246851715579,0.129685180679888,-0.0169325720025783,-0.0481328031193845,-0.0657555019933829,-0.0253949695074114,-0.0305446265743432,-0.0315088153673138,0.0372960292290506,0.0314124214629881,-0.128874161234784,0.112491696009646,-0.019581950877668,-0.024403020363284,-0.0796599513834509,-0.0955095188072327,0.0872508684681957,-0.0297081444015249,-0.066298578668545,-0.15306183329075,-0.00967874744509013
"SRR8800702",0.124015659571501,-0.0351135328424049,-0.0442362519912828,-0.0175284750179467,-0.0414320149787552,-0.0183789541982763,-0.0551240525821214,-0.0837908777331458,-0.0728190323561138,-0.113650557574425,-0.111513553382252,0.0827247418463466,-0.05005585072764,0.0761428527958727,-0.0921692655489634,-0.0134519131215677,-0.020344552366531,-0.0371297630598815,-0.0830861645893254,-0.0852233638277225,-0.0133279758868435,0.0360833967716245,-0.0550229404364949,-0.0770271046901398,-0.0906945451445606,0.123997491072267,-0.0157226943701521,-0.046978907253961,-0.0742245333738868,-0.031082369325285,-0.0310808167314401,-0.0347374033813952,0.0272118441866626,0.028269631455527,-0.121059609372647,0.112601707968667,-0.0333661922954334,-0.0368411031071598,-0.0759718345097463,-0.087415818663648,0.0866037022876778,-0.0346790448707796,-0.0609298300189428,-0.152549426356174,-0.00517379810770737
"SRR8800703",0.122280891209198,-0.0381873434397217,-0.0497156215668971,-0.0210652885218543,-0.0415500130569671,-0.0188542054244702,-0.0610024860580486,-0.0806619068958895,-0.0718356630431964,-0.116440202230786,-0.111957921281128,0.0695352606452812,-0.0517450659186485,0.0745336431366882,-0.101203362245885,-0.0124106285994037,-0.0196223376118786,-0.0401333358577824,-0.100377459561622,-0.0861599093057897,-0.0203212456622644,0.0370018960705803,-0.0542704402758708,-0.0861792901449065,-0.0954700657987723,0.122796444449353,-0.0169325720025783,-0.0477394897914772,-0.0803702868030998,-0.0300957304127576,-0.0310124406999199,-0.0363699150707467,0.0306486043235879,0.0215690871796158,-0.127607780092018,0.121397617098664,-0.0363383763074669,-0.0393684714393725,-0.0784890036576218,-0.0913267204722214,0.0870753606905759,-0.0377993328707743,-0.0623385830054627,-0.153233937487049,-0.0115868687027634
"SRR8800704",0.119374234457364,-0.0323562523757422,-0.0400912010934153,-0.0132534459006615,-0.0351025830140399,-0.0175738807798376,-0.044237280237838,-0.0784941964785055,-0.0679122998720733,-0.110049452228194,-0.108476350817696,0.075033791789087,-0.0483850836379114,0.0765601707731685,-0.0649898541473931,-0.00928762627573699,-0.0215294453664817,-0.031929271043493,-0.0826494912625458,-0.0857476059214886,-0.0203212456622644,0.0339827760282459,-0.053010084426648,-0.0781760813236651,-0.0828279719273375,0.122382207988553,-0.0161983919411584,-0.044138438480294,-0.0669114618511492,-0.026358573857328,-0.0281906838604842,-0.0295488630687234,0.0301198212775197,0.0291323992423138,-0.118255950345945,0.111100098815983,-0.0239087591940314,-0.0267337359721569,-0.0758605589696126,-0.0864107979434161,0.0831744190425508,-0.0310588876339586,-0.0619768239133309,-0.145965387074539,-0.00552494148125542
"SRR8800705",0.121090279347998,-0.0324165822700367,-0.0384319186948297,-0.0139065626720716,-0.032549833255084,-0.0168072499548749,-0.0475351283263112,-0.0757291627242596,-0.0691934290518227,-0.112996301177869,-0.107865989250329,0.0759506745631073,-0.047555880863499,0.0762512932474997,-0.0609285798665874,-0.0121917160786915,-0.0217536311036403,-0.0315609281040199,-0.0810433253638856,-0.0855607266607964,-0.0160749167301964,0.0347280165361111,-0.050749545855815,-0.074725653074587,-0.0826248881154093,0.117365890462502,-0.0163071134518619,-0.0428942637856238,-0.0624574796960832,-0.0256433042592248,-0.0294071927496498,-0.0301959396622884,0.0308081763427164,0.0314380286852689,-0.118262177558871,0.107995646591335,-0.025012245726686,-0.0279136289480925,-0.0727729701626202,-0.0846801507077105,0.0829950605652653,-0.0299787409792532,-0.0596965592657412,-0.146452565895691,-0.00206100149617863
"SRR8800706",0.121741225685245,-0.034869876040912,-0.0437437437190599,-0.0165315145731281,-0.0358483163138142,-0.0163621109852176,-0.0525222292498736,-0.0743102233669016,-0.0708017847876782,-0.111425934426027,-0.110484446420911,0.0730251669736664,-0.0498462600776655,0.0762867052697376,-0.0663050326823727,-0.0157516123980833,-0.0229240563829493,-0.0356088286824881,-0.0911269467034336,-0.0852920628224916,-0.0203212456622644,0.028687708457014,-0.052128306442373,-0.0743514898683947,-0.0851508824071677,0.118472184347542,-0.0169325720025783,-0.0431799191431273,-0.0718297773152952,-0.0289697668532861,-0.0312290269980007,-0.0339751904089707,0.0332814228841282,0.0317397809273941,-0.117572821789104,0.110502906018289,-0.0294007817897735,-0.0284844445084599,-0.0794437627618246,-0.0884132978658363,0.0848612591110077,-0.0298194013293865,-0.0613214852330909,-0.149073128785447,-0.00826728910885177
"ERR9604272",-0.0441030223177636,0.164259096086016,0.100020010891412,-0.0172068388749218,-0.0231833214237455,-0.00633961799431159,-0.060209045083676,0.0905933694740106,-0.121038732703358,-0.0569326650014578,-0.0311741436342193,0.0131310765035035,0.123151117166813,0.115823292263433,-0.0192913571319816,-0.0278183886493218,-0.00345825256189272,-0.0344029072117526,0.0431414622880365,0.0738271847052725,-0.00601291625428143,0.0655933457554421,-0.0836022851654162,0.0663609573936405,-0.0801931526580676,0.112147874432,-0.0133647146368301,-0.115628314529964,0.0782776191869454,-0.0210227750118335,0.155501235425887,-0.0168560440634911,0.0645890662110494,-0.0351199840606941,-0.0536881794901914,0.0388809782852798,0.0885213684620778,-0.0183142809618789,-0.0951702191315888,-0.0578314305500946,-0.0930422240780095,-0.017814051588067,-0.0637807858408257,0.0094389111745449,0.104161104132527
"ERR9604276",-0.0486465956357143,0.170425267117506,0.0996459750261656,-0.0128185842045974,-0.0188564391885423,-0.00251822377174312,-0.0572808825968113,0.0961694207441537,-0.133261749205135,-0.0659123943557434,-0.0293833495750936,0.0096791199504511,0.124811901112647,0.13272148826503,0.0245243450773627,0.0745922887517485,-0.0018738781822842,-0.0409443589992387,0.0387311426276338,0.0743146242589191,-0.00717310544757944,0.141894124908541,-0.0909665646407085,0.0711945830184167,-0.0819907177337171,0.105564368655428,-0.0102482624098901,-0.109912448786059,0.0789093471872828,-0.0230007336653343,0.177535350393079,-0.0118253040065785,-0.0745110718771971,-0.0507299540428278,-0.042875818949338,0.00651614973659706,0.0710421375715705,-0.00772493125343056,-0.11287126591633,-0.0581361974678421,-0.0878376262359262,-0.00897768397902,-0.0639178573767333,0.021553557193757,0.116087401191595
"ERR9604277",-0.0484062673355048,0.169357095012121,0.0968816841851885,-0.015037039288868,-0.0208362616653839,-0.00288587418840685,-0.0555480998971052,0.0948000622124936,-0.129781370161098,-0.063596980296778,-0.028713238805173,0.0189003146055795,0.123916495268787,0.128717859615561,0.0168697295149071,0.0396902138813544,-0.00484760055023766,-0.0397076453193049,0.0387882357980619,0.0723875779221067,-0.00285471832290197,0.117053562881721,-0.0886191593680401,0.0734600905525336,-0.0823131139464468,0.104871410146009,-0.0106996603518511,-0.106133036233321,0.0774682526883691,-0.0219286882318124,0.173833417868424,-0.0120335726683027,-0.0242980752947059,-0.0423289106297051,-0.0421779541572522,0.0214702663213864,0.0743033868889552,-0.00778838504511848,-0.10787597379522,-0.0580305076122793,-0.0859500758419181,-0.00746882283212546,-0.0605200127480098,0.0182253776581441,0.110804698636948
"ERR9604278",-0.049892044810053,0.172866419860885,0.0965417649375371,-0.0161236032594914,-0.0224876168927711,-0.00130134481764448,-0.0583506489576243,0.0945450384208621,-0.127844506002965,-0.0620735261424468,-0.0264971347488412,0.0126076515034364,0.123565753971348,0.129088575135567,0.00148341024427577,0.0214967367439243,-0.00815376714917546,-0.0399514942090191,0.0407248675646787,0.0763593210928894,-0.00588796472361202,0.105312509242625,-0.0872991417482363,0.0738628716688611,-0.0814965329188312,0.104627261436179,-0.0117279825913128,-0.108587925604584,0.077648959520152,-0.0218885502685246,0.178561549313979,-0.0132167365877053,0.0163793579262819,-0.0391934101673244,-0.0436492828292679,0.028431332730284,0.0770566088224488,-0.00625671370340145,-0.106808533633205,-0.0574789109581977,-0.0880697380126689,0.00148035272035926,-0.0614613585107321,0.0168912074036196,0.110106869883062
"ERR9604282",-0.0537550436731947,0.145516909556395,0.0987401385527773,-0.00945721775156836,-0.0158090861219509,-0.00313434248561193,-0.0511293867465225,0.087538904010466,-0.109908761721622,-0.0540547898986469,-0.016880810543197,0.0137564809183551,0.118528803906824,0.128912275853108,0.0270173628672275,0.0428059661459796,-0.00173232209860742,-0.0325491126974465,0.0221631745929478,0.0749049092568178,-0.0123727425343664,0.117323998746397,-0.0842888704221843,0.0746579060728901,-0.0686980115013469,0.0762598713480152,-0.00379007139650948,-0.0961805532311929,0.0946927965959803,-0.0111769891426736,0.139260757109568,-0.00618468294470247,-0.00992669766079827,-0.0428234219793332,-0.0344581567100006,0.014112291459421,0.0423979852623486,0.0026499769901697,-0.091598398726366,-0.0417281648774204,-0.0892016769074734,-0.00399524348281396,-0.0516394842707409,0.0177348394740902,0.122138294656113
"ERR9604283",-0.040336717088632,0.154073627730865,0.0970334898413063,-0.0136189127509903,-0.0212561173245844,-0.00431976414251966,-0.0601592367999102,0.0925205831726577,-0.116289637289736,-0.0504403082901422,-0.0339866231883386,0.0217184611848829,0.122977708564484,0.102995613567296,-0.0058594369844375,-0.000139674165086177,-0.00145142531109432,-0.0341647101879374,0.0313665406481614,0.0701945065767444,-0.00687799527316137,0.0717484149974401,-0.0790660703662916,0.0681008740876728,-0.0771513307226535,0.104265558927839,-0.00761757468655751,-0.110817405322038,0.0701438811316959,-0.0206680730897343,0.144965540794323,-0.0139944328335336,0.0330505730611777,-0.032724181768362,-0.0481755309773904,0.0319303656023976,0.0791312397367808,-0.0174194027421077,-0.0933744597774518,-0.0522906628228584,-0.0882494184490795,-0.0197710455751336,-0.0595247604678226,0.0121849436209322,0.0942211771730875
"ERR9604284",-0.0542864511506513,0.146931796271044,0.0985903034542415,-0.0112896435568047,-0.0151799722935675,-0.000385298542574939,-0.0508143594310912,0.0893506007439707,-0.109624298611364,-0.0508831168137266,-0.015749866798096,0.0140841624620282,0.118444570170641,0.132165517056793,0.0287340001128769,0.0401142698900969,0.00431210097242498,-0.0302377983787756,0.0243034985366413,0.0761768851598887,-0.00425953104939357,0.114867898053106,-0.0827685056831952,0.0753748336796249,-0.0684791642396776,0.0771277443249186,-0.00541278056670959,-0.0953547422706038,0.094290219515984,-0.0128523464646712,0.141331119769947,-0.00828462599517765,0.0066770163928887,-0.0427094573273798,-0.0349353232028328,0.016023169630505,0.0476159636341715,-0.0043055187128912,-0.0909738381460433,-0.0395873377701087,-0.0900389256279609,-0.00690192164473037,-0.0508649907399695,0.017912300867976,0.123851041551698
"ERR9604285",-0.0542460629950532,0.148452588280392,0.0993288074820614,-0.0106178302276897,-0.0149143179068136,-0.0017793672085171,-0.0501643715586865,0.0903620967479438,-0.108090893967077,-0.0512505179789402,-0.0150324884423325,0.0167337323093661,0.118394995658483,0.133016107196231,0.0239006929095099,0.0319707985727308,-0.000856234948631755,-0.0324193549769858,0.0228786113249039,0.0757938993150931,-0.00198325503788691,0.109789861100748,-0.082779294367518,0.0754133794143866,-0.0675603117844063,0.0781152533549428,-0.00712024586402984,-0.0957006044869513,0.0936693993444547,-0.0106703155183886,0.141449863609524,-0.00732022727053736,0.0171691273893975,-0.0397326224292649,-0.0356207068609559,0.0187485255429829,0.0507339955308252,0.00223769727399727,-0.0896121803086242,-0.0397213313444234,-0.0907043671862349,-0.00683452661647432,-0.0498104370796314,0.0173150401411083,0.124198364540713
"ERR9604289",-0.0441538205132399,0.129817072418481,0.0915123675430972,-0.00868348466516643,-0.0173833822459069,-0.00282648344459352,-0.0280446252266072,0.1053454143229,-0.0899982399480069,-0.0276908158271697,-0.0218683795504867,0.0403738708346898,0.117965010789835,0.114775079715081,0.0181709754423434,0.00530247101647949,0.0014809498545174,-0.0257808869879983,0.0291743470585568,0.0703412109095481,-0.0094680798392122,0.080725515876025,-0.0712095282824221,0.0715903985864961,-0.0495636971041626,0.0709426979837066,-0.00648352758664538,-0.0972805149535527,0.0798800899175307,-0.0146810220098186,0.132976083826025,-0.00805625696981468,0.0305412628741553,-0.0330120959989354,-0.0335847494748267,0.0321117770415628,0.0504934347255536,0.00153586531448586,-0.0678386601941399,-0.016107960845407,-0.081235159077669,-0.0121500981964427,-0.04317685043803,0.0149634606778467,0.11366073903584
"ERR9604290",-0.0398980155999146,0.120053743587249,0.080787428843343,-0.000434911331724933,-0.0117286369570847,-0.00403918964023518,0.000796110523326491,0.101733510335562,-0.0805063867930864,-0.0256953063341802,-0.0211061316770054,0.0243490832448258,0.107375625274926,0.108833818213926,0.0246391432997662,0.00558460662525945,-0.000309721194694654,-0.0236004336096446,0.0307590841945645,0.0656312869729907,-0.00955880936676954,0.0783908687271853,-0.0622753430338177,0.0709188655100118,-0.0464937224538747,0.0624551825522155,-0.00906712179819262,-0.0839072457522771,0.0763056809962925,-0.016728178990052,0.125985986395456,-0.00608210948122874,0.0343605110449127,-0.0234569879806464,-0.0324296177459389,0.0378901083967445,0.039341311300329,0.0119464223518982,-0.0624178038609574,-0.00824300241362218,-0.0668392800870096,-0.00431054577472899,-0.0338741565685302,0.0136452190699562,0.108010255440693
"ERR9604291",-0.0420509551692218,0.124146809143841,0.0857844915113328,-0.0112290076778793,-0.0151289836826824,-0.00644185607235865,-0.0164220636010891,0.0999786898172767,-0.0857723940719102,-0.0280644313946424,-0.0201807591613598,0.0279800109370101,0.111122766158003,0.113617839864455,0.00721077998710538,-0.0278606978651259,-0.00192368731162643,-0.0251177632372285,0.0297283862260016,0.0672704603818011,-0.0122183715560811,0.0598582527346272,-0.0685992041608717,0.0699920784226053,-0.0512263229485198,0.0647336164490204,-0.0105538576447861,-0.0856775431210137,0.0797222415997356,-0.0138748519304516,0.121082078787439,-0.0071815330660442,0.0643991878436332,-0.0298761524266314,-0.0313893555800895,0.0379233458419308,0.046624670587085,0.00207396756909825,-0.0675669566937074,-0.013059697449466,-0.0731017597525618,-0.00647497166337796,-0.0359176793523141,0.0108233142746586,0.110046844528199
"ERR9604294",-0.046533479769579,0.169989327389013,0.100447447556252,-0.0198546163628953,-0.021892449816141,-0.00352176506739239,-0.0580761919115716,0.0873349106881464,-0.12336460022071,-0.0599670758133192,-0.0304652983891867,0.011006352860248,0.120365943995104,0.121255030057738,-0.0150232467527391,-0.0259046438407016,-0.00481048870963626,-0.0333518858521558,0.0458974059697847,0.0730190041815842,-0.00325517314883514,0.0741106533779359,-0.0852300906579038,0.0676962587012394,-0.0811665893613333,0.113703783945484,-0.0125875550242863,-0.112198397009373,0.0818975351155806,-0.0187183644552856,0.161627433553898,-0.0143784794547071,0.0678892584679644,-0.0356667790155603,-0.0562662767529911,0.0395834651268352,0.0931541919774913,-0.0140228350278527,-0.097384205898253,-0.0590101755967274,-0.0923371871392159,-0.0117228796959155,-0.0647953287234206,0.00848086561916092,0.111737556461444
"ERR9604296",-0.0555281082880109,0.143768472109281,0.0915158950823377,-0.0112592509139668,-0.0243986616576999,-0.00498774187336552,-0.0654960293280219,0.124908030827878,-0.0853659067140305,-0.00685592805515225,-0.0165004476536899,0.0252891449534269,0.1208727279576,0.100223667464864,0.00348998201168611,-0.016701387258243,-0.00224321047587208,-0.0284465352241861,0.0475452459272498,0.0859839803604862,-0.00706192626937829,0.0611627601615595,-0.0672198538630993,0.076426959704507,-0.0397257697159442,0.0713893936497536,-0.00356797346642258,-0.105212629652666,0.0575438856533017,-0.019936338198627,0.151070210353176,-0.011685489772038,0.0390648469590269,-0.0370535679548915,-0.0269556497600809,0.0325528551008748,0.0500701147994825,-0.00398998905704217,-0.0562827217142392,0.0112108831730912,-0.0994177423555994,-0.0168729665624725,-0.0423763205202594,0.0261485526581021,0.085314763308886
"ERR9604297",-0.0588901669225456,0.134926984917856,0.090415062347035,-0.00604706397562809,-0.0225686417995586,-0.00512663709785723,-0.0689829902736702,0.132994597435921,-0.0752459633619904,0.00837262308388012,-0.0147581792488268,0.0216618122598701,0.120361571743889,0.0917747729822342,0.0153098118043216,0.0188197880865065,-0.00348994860656912,-0.0242989964817525,0.0493561119316077,0.092071430166605,-0.0130062534608886,0.0783418689865987,-0.0620655081692568,0.076524424279872,-0.0281718428803211,0.0622564295200175,0.0059319568544862,-0.107494826639923,0.0491595344605224,-0.019213222936211,0.146626865111562,-0.0115628209293091,0.00114429774102653,-0.0349782989721529,-0.0194794092621703,0.0237362258082002,0.0339698665251832,0.00423693666402963,-0.0454752608356296,0.0278397378251972,-0.103035165224465,-0.013342081463922,-0.0371441372656173,0.0342034714554247,0.0850483813059499
"ERR9604298",-0.0564002557380258,0.13948322370986,0.0916843914399926,-0.00807487340060024,-0.0254328304564792,-0.00538212701410434,-0.06557348097865,0.130029645498107,-0.0770436929492445,0.00399051037244384,-0.0166391113771718,0.0273184824760006,0.120339847910593,0.0983502737566251,0.00348924289851663,-0.0192105961243815,-0.00429616081628342,-0.0237753921451412,0.0511356723311905,0.0885710829072133,-0.0113114259647997,0.0587410209288369,-0.0630862553872088,0.0764991362594011,-0.0323791497267678,0.0691965257279084,0.00594667247477303,-0.1087954149599,0.0517155668008266,-0.021011373519484,0.146221743594105,-0.0127624582512027,0.0392398849548376,-0.034871641470312,-0.0254442560940999,0.0297190727439681,0.0487299144681958,0.00133122085976145,-0.0446074778242567,0.0207640957990657,-0.102119564110295,-0.0136769419630689,-0.0398136301770814,0.0289231581129796,0.0833958219619085
"ERR9604338",-0.0430882224156476,0.157070037721262,0.0974398839373573,-0.0168701350253049,-0.0235357809587017,-0.0032692797127948,-0.0620834227439766,0.0938707845935698,-0.121140970484763,-0.0518206224711594,-0.0301149229468291,0.0218356373928932,0.126659424694774,0.105360548380359,-0.00439493001250176,-0.0038142659556982,-0.0053446940303859,-0.0411403602326469,0.0361142517404746,0.0717041932532303,-0.00430348417524233,0.0704131316770628,-0.0801976885326195,0.0670018595426629,-0.0793243472644455,0.100863797870441,-0.00961428014455685,-0.10923702350845,0.0700016431589002,-0.0242727486773125,0.15028416920388,-0.015167153726205,0.0208999746228759,-0.0416538064431761,-0.0400161825911087,0.0258903838290466,0.0823941789662952,-0.0152487503717794,-0.0993981439413915,-0.0539658972970921,-0.0898135376690666,-0.0228426216703757,-0.0592057643036726,0.0159671070975007,0.0994981688504769
"ERR9604342",-0.0408485634700089,0.158535329722812,0.0925731340873356,-0.0151960004263205,-0.0212948019513772,-0.00434218563337122,-0.0318181042602705,0.0894393556001417,-0.123016554619366,-0.0597522785856119,-0.0304910011641908,0.0180942789891358,0.12207060214172,0.110563501268503,0.00331626677151195,0.0260314018906537,-0.00485632223796174,-0.038988993148452,0.0313520409275814,0.0699573575809837,-0.0101577836409702,0.0981764370394185,-0.0828081801868055,0.0726517930831412,-0.077631536203371,0.10083172399714,-0.0127144235020082,-0.103644763575497,0.0739301796338451,-0.0202568718694927,0.157193219513554,-0.0138365367183566,-0.00219281986617312,-0.0307845201623239,-0.0382319086900378,0.0358467558885186,0.0774440482098296,0.00029069997808302,-0.10235810512698,-0.0550876994591628,-0.0744099620792279,-0.0035862009691546,-0.0471554202863945,0.0151597972161103,0.105259306659126
"ERR9604343",-0.0344137890302662,0.153057913185042,0.0900304944257726,-0.0175573500525758,-0.0185263512529181,-0.00364530858546322,-0.0225783851592102,0.0874263675489083,-0.116609251028149,-0.0552781320888922,-0.0292042661742562,0.025686773190586,0.119065030818993,0.109656903965295,-0.00144185196480924,-0.00698715971969541,-0.000600638758029261,-0.0389427929936246,0.0297822472552954,0.0648597080576133,-0.00977894846632929,0.0692239204229376,-0.0791365115616938,0.0685399261980982,-0.0782326400506069,0.0974436909781838,-0.00888717867900029,-0.0980358903779345,0.0734917079277643,-0.0214856009007467,0.146589045171264,-0.0135100592369251,0.02791871464466,-0.0305431538817439,-0.0392187061396426,0.0384774624915286,0.0845821570758478,-0.00872653878617719,-0.0976747818251678,-0.0571621965324076,-0.0648455005579376,-0.00781123344551588,-0.0430291612463061,0.00967364700075839,0.0985131774942127
"SRR10030449",-0.0394091813456594,-0.0311851419443727,-0.0357875017102659,-0.0396452705542075,-0.0307885932199233,-0.0158966319221331,0.0685177867751486,-0.0218267591973502,0.0365300807190392,0.00821497270875469,0.0678965382054707,-0.0627936684154571,-0.0284617174494197,-0.0506978837835662,-0.0754394012461826,0.000874507677416308,-0.0225158335205528,-0.0475353559121035,0.0453153449571354,0.0356657695346792,-0.0203212456622644,-0.0198428206918572,0.0447928596056802,0.047257292608119,-0.0151293324535821,-0.0560675034917368,-0.0131159834499413,0.0690463106873156,0.0431386080896747,-0.0283723024937122,-0.0379678188925028,-0.0273222486929245,0.023174233255812,-0.027180521138869,0.0621798352731391,-0.0399874398872093,-0.0176155283114063,-0.00872295728784222,0.0297600582758075,0.0300962494165659,0.0241308131659752,-0.0235157430973869,0.100564035257875,0.0332740710967325,0.0309691988388408
"SRR10030450",-0.0387832053179394,-0.032441946786323,-0.0349829148154676,-0.0369988733242396,-0.0271578003108641,-0.0147631851682179,0.071617820268773,-0.0216491532109552,0.0345788164835114,0.0099559287496282,0.0688261527314988,-0.0640885211220978,-0.0293338478235832,-0.0492458879103292,-0.0662506970184928,0.00262982444087362,-0.0186738345723527,-0.0462137810875741,0.0454265773022893,0.0319861674969697,-0.0203212456622644,-0.0192082693115269,0.0463386391784695,0.0449456738684676,-0.0128359945629921,-0.0558925959511121,-0.0159001297921616,0.0693097523257908,0.0422894699806661,-0.0291312829027301,-0.0403630885785957,-0.0259624561390941,0.0245488118422914,-0.0269641153065703,0.0655872010105179,-0.0419326750914327,-0.018533301987473,-0.00995549305985929,0.028144675501258,0.028886595078116,0.0248976019602028,-0.0267122417461753,0.0980364577017104,0.0337086147365108,0.0271115336950982
"SRR10030451",-0.038028768269412,-0.033099230372655,-0.0378602878769326,-0.036430655482029,-0.0268578760677091,-0.014028581263906,0.0679156907964809,-0.0190697048141776,0.0403282169518588,0.0107116514748453,0.067747786155235,-0.056089645513614,-0.0291788099353786,-0.0505864299961359,-0.0756881724368591,0.00275582822926386,-0.0197768869822102,-0.0458752136432665,0.0480091420027419,0.0362536500767808,-0.0203212456622644,-0.0203656317440326,0.0445651653804835,0.0436608824890016,-0.0138152201391684,-0.0597608801157839,-0.0158508481592675,0.0689876681865828,0.0420729050967414,-0.0287941436509383,-0.0396318298097395,-0.0275199425627674,0.0215508554450058,-0.0321705306972673,0.0623139675661256,-0.0507430537869509,-0.018679940819021,-0.017563161939542,0.0292086184792603,0.0276467648312021,0.0242375825261496,-0.0286219327877889,0.0980713608850316,0.0332605137544207,0.0335566512742415
"SRR10030452",-0.0368194483331904,-0.0321245689601882,-0.0371543711008551,-0.0411284490466478,-0.027352803732542,-0.0154546221407645,0.068769136135801,-0.0220580762436435,0.0340981355234276,0.00730376944511924,0.0678416152372084,-0.0594927923839411,-0.0292143109438231,-0.049480821349587,-0.0675603287900933,0.00157501991053673,-0.0165512423515144,-0.0464248899023787,0.0444400117436718,0.0370413968913602,-0.0141820991394119,-0.0192142465334308,0.0455516875359749,0.0484245703112686,-0.0130642792915238,-0.0566526752275958,-0.0161266324286545,0.0705107393109829,0.0426004811630702,-0.0248647721738348,-0.0389906779934037,-0.0252192965954887,0.0239985457812695,-0.0287412297963247,0.064976990431094,-0.0423814983426358,-0.0190753417384704,-0.00998931346526909,0.0268996039133762,0.0296932822000779,0.0248143908691907,-0.0290201206338537,0.0975766697482124,0.0319629373760109,0.0331919311535716
"SRR10030453",-0.0363973383436947,-0.0319965416062374,-0.0365571331674049,-0.0404505403554363,-0.0278420960990307,-0.0133070943446946,0.0653918316140589,-0.0187022101499492,0.0365785475856235,0.00580074687467631,0.0677047335718427,-0.0627998757801896,-0.0300945834795963,-0.0507877516998709,-0.0743474144902003,0.00196941290466866,-0.0218003128400201,-0.0451364924907922,0.0456167357884893,0.0359072986433336,-0.0203212456622644,-0.0189228241948472,0.0455089395364007,0.0362370246678446,-0.013685105625334,-0.0556758092465874,-0.0159377199365761,0.0680766682479696,0.0425457263907357,-0.0279095334426526,-0.0409150121910622,-0.0279361968321696,0.0227917892218401,-0.0255141979086265,0.0629135263766556,-0.0413656554089354,-0.0146282068823926,-0.00419583956709461,0.0275251990190733,0.0291287006440931,0.0244691895977317,-0.0294666923601667,0.101234252156712,0.0324120003285201,0.0294670053368838
"SRR10030454",-0.0383258405937433,-0.0326328813309527,-0.036248041095373,-0.0409676727963713,-0.0270326681007391,-0.0110070351670136,0.0688355793595279,-0.0198968730353263,0.0374390360012228,0.00890965194922638,0.071204824410537,-0.0632849743558528,-0.0278641675777019,-0.0496604685286944,-0.0674537693097846,0.00159304690145396,-0.0199789936811415,-0.0434325649149061,0.0465635640483752,0.034125171242846,-0.0203212456622644,-0.0209506469674994,0.0477713619623566,0.044013499586597,-0.0148233287829414,-0.0598605731673254,-0.0152410011554291,0.0696980575359964,0.0428665253076047,-0.0280087805808433,-0.0383095303591842,-0.0280231895532176,0.0254529536330717,-0.028068798564684,0.065078013611282,-0.0433748610050944,-0.0184838749306043,-0.0117381982082936,0.0265793116138005,0.0298579968430579,0.0239150204023863,-0.026527638640207,0.100898629490152,0.0301766609489295,0.0310679296621794
"SRR10030455",-0.0380040868669511,-0.0332219385179117,-0.0356533439370244,-0.0383805755057736,-0.0303980244330172,-0.0153303226369795,0.0678494867793029,-0.0195593206376905,0.0320376959886715,0.0069265405302761,0.0679186041399676,-0.0523778615909918,-0.0289399940721869,-0.0492979252657277,-0.067981170156931,0.00260536913669675,-0.0201613702154476,-0.047233076451497,0.0442525714435241,0.0359394232409396,-0.0203212456622644,-0.0211497434529217,0.0471231401163742,0.0460364716832217,-0.0138049599754121,-0.0569253498359055,-0.00922878640365354,0.0682507580539908,0.0416080113234629,-0.0286802642034849,-0.040196912082443,-0.0258718807796674,0.0255594737038165,-0.0318060891652007,0.0638498210273533,-0.0460747956402383,-0.0181005262519331,-0.0120943020309603,0.0267971973092302,0.0265247077264288,0.0243937258179201,-0.0293519986683893,0.100532471565133,0.030941656198253,0.0338102758603346
"SRR10030456",-0.036304920561838,-0.0328356303757849,-0.0360199990176714,-0.0372311355928036,-0.0298015373281658,-0.015924788335418,0.0626296278806031,-0.0200642292142158,0.0354604450416402,0.00915143931980442,0.0671881783500423,-0.0639070897775512,-0.0280143276062166,-0.0505749099324096,-0.0684320285105443,-0.00144160504571532,-0.0230619298024248,-0.0458119260199753,0.0471103218942892,0.0346760318978494,-0.0203212456622644,-0.0170895983609731,0.0455476787440022,0.0464798896925761,-0.0134530376478142,-0.0540530858394592,-0.0139768005046339,0.0689636260409029,0.0437129999529401,-0.0280628633756232,-0.0371277307667973,-0.0246830599075386,0.0220968206236178,-0.0268327958386375,0.0638211411538004,-0.0480438942756433,-0.0131990701620621,-0.00454325581210594,0.0292906284058623,0.030080515551147,0.0238695173003365,-0.0304748205199071,0.0993606544996244,0.0326600634106905,0.0275572961735213
"SRR10030457",-0.0381946564721458,-0.0320917287887173,-0.0349519904118766,-0.0370600018642126,-0.028255435704089,-0.0153489117617874,0.0629257149485473,-0.0226392059212078,0.0366483677090188,0.00930860406241121,0.0689713820519234,-0.0574071824369616,-0.0285300459986827,-0.0499068219002688,-0.0666234646819814,0.00230976271012349,-0.020721669941408,-0.043959083543221,0.0469452034234232,0.0352396521377341,-0.0179880451197526,-0.0174916150875011,0.0455189262770727,0.0473995095972246,-0.0159474752421906,-0.0560976785111228,-0.014484391477702,0.0684098781394373,0.0433556240328098,-0.0249521013373254,-0.0357213409047732,-0.0283370148765137,0.0236938027519917,-0.0282595433067148,0.0638181099232389,-0.0433153171318812,-0.0167307571701155,-0.0102691634014157,0.0281041291588423,0.0291257840893382,0.0246574521019457,-0.0289336089039723,0.0967279725350351,0.0321539146655145,0.029245464555933
"SRR10030458",-0.0386260230434362,-0.0315973363416123,-0.0364489813532496,-0.0395326677737887,-0.0273279289474799,-0.0154964604621088,0.0715371869166356,-0.0224915127314543,0.0349590488304839,0.00915426445599298,0.0695794482995599,-0.0632182839389363,-0.0276083959361189,-0.0486907725416984,-0.0799278576844601,0.00283575428983107,-0.0212368901468406,-0.0459246826085254,0.0458601624387008,0.0352188825928188,-0.0180849365086986,-0.0196201475658098,0.0454079352874685,0.0527359066348106,-0.0142247820351448,-0.0594855859815397,-0.0146715656086048,0.0692963325948521,0.0413052891597321,-0.0293377616308542,-0.0400318331941836,-0.0272962977122217,0.025161565082968,-0.026328410960129,0.0603502832260996,-0.04102470081912,-0.01773832842918,-0.00369694598814567,0.0261297598543635,0.0277515919486735,0.0246166177294737,-0.0264252389874153,0.102744130903707,0.0336308178527357,0.0266276321458484
"SRR10030459",-0.0381757568758048,-0.0317378018582459,-0.0360476469005739,-0.0373358470802,-0.0324145616682791,-0.0139947133359068,0.0690875245407148,-0.0220637818673179,0.0382429291894621,0.0118680556369876,0.0688902596617416,-0.0558523472164873,-0.0287502136256665,-0.0483868408777443,-0.0646519467072161,0.0021348279723723,-0.0201143510213246,-0.0452710094069644,0.0459047197844951,0.0362330752387914,-0.0203212456622644,-0.0203801354906711,0.0460731297365385,0.0479003801878456,-0.0142610627500959,-0.0582478648195734,-0.0123123491194309,0.0665728252990236,0.0428108966791936,-0.0271956087787652,-0.0380944582462979,-0.0265953888084821,0.0215622609847936,-0.0281812788340855,0.0634277893374865,-0.0419079167413336,-0.0167231802649632,-0.0114066320270572,0.0276344499900081,0.0289152994534329,0.0247886946896538,-0.0281304463746569,0.0963959126706577,0.0328121187025283,0.0290527244594176
"SRR10030460",-0.03728187643131,-0.0321455149486249,-0.0354538115215402,-0.0393254750629806,-0.0282328329579234,-0.0156970968244045,0.0701473374039798,-0.0242908238582974,0.0368525322650327,0.00944185469326938,0.0681037085615731,-0.0649188324694228,-0.0277799170566771,-0.0496931184298407,-0.0749032142715324,0.00191136887873948,-0.0192424147153872,-0.0465523049261254,0.0452337793182835,0.0343652524993077,-0.0203212456622644,-0.0188137461856024,0.0456042168634724,0.0440325770137599,-0.0146458420734035,-0.0588669307351569,-0.0160078755469022,0.0704037353951014,0.0436480191595933,-0.0281013928527378,-0.0378218715337353,-0.0271961528100606,0.023744944645824,-0.0278095552739831,0.0653309260160185,-0.0453556286573008,-0.0196836616481172,-0.00791566728542936,0.0285235362399598,0.0314799261301784,0.0246224821534258,-0.0291043020110167,0.100228442258692,0.0324262656625699,0.0283854417770421
"SRR10030461",-0.0389563912495254,-0.0308113519777281,-0.03552110537746,-0.0384077955627259,-0.0256145730135199,-0.0151703942120923,0.0706495320578857,-0.0203392151074997,0.0383688672260448,0.0102809719342152,0.0685387534909707,-0.0664719717192484,-0.0283306617912216,-0.0482730984335442,-0.0747250474337288,0.00197692903631472,-0.0206745147139059,-0.0458929134219433,0.0430866587614258,0.0370500183654748,-0.0203212456622644,-0.0176679259768725,0.0460879341701484,0.0414070830862855,-0.0151280086082399,-0.0570681456040284,-0.0159293142199392,0.0686967396523862,0.0423787637982945,-0.0288039762099799,-0.0385572625436344,-0.0245995346509313,0.0220105739394135,-0.0277155196146702,0.0642203764373249,-0.0388796637112035,-0.0178474995690786,-0.0129814904775027,0.0277398733815313,0.0291995552129414,0.0248490889922527,-0.0294813092098824,0.0995722945049361,0.0327183580389693,0.032095320101419
"SRR10030462",-0.0378711826845185,-0.0316730160787911,-0.0368374262607205,-0.0391368208052217,-0.0316914999225072,-0.0164066924658709,0.0689573795224786,-0.020516293425531,0.036558172607707,0.00962106564302592,0.0690649820393462,-0.0588898875207955,-0.0282869215445848,-0.0487129078649211,-0.0740688456936135,0.00563474231120431,-0.0213179963368499,-0.0462947832831975,0.0450373418342654,0.0365876737480144,-0.0172289393130773,-0.0191622592892906,0.0471021646660887,0.0389559199070124,-0.0161339457180727,-0.0565258124910064,-0.0133437564224857,0.0691744114204314,0.0429180067186641,-0.0276220698617698,-0.0374702966193478,-0.0256147695062762,0.0251767920784664,-0.0308102604224893,0.0622989001354276,-0.0501320495887483,-0.01715843407603,-0.0145485268885209,0.0308245522450618,0.0289059726984046,0.0243813260711851,-0.0284173982317192,0.10055877925705,0.0329014628007482,0.0335896959290767
"SRR10030463",-0.0384936856962427,-0.0331838368429121,-0.0363168546450258,-0.0344572662467876,-0.0290121552245656,-0.0137124033802913,0.0678700072776564,-0.0201947333113922,0.0365270098878901,0.0111199304715657,0.0672544758553208,-0.0649440154976744,-0.0291291890356731,-0.0484226497298456,-0.0625112446244822,0.00290421771073336,-0.0183757768396719,-0.0454060503914244,0.043152758026581,0.0319267818964947,-0.0167963079364375,-0.0186049422746408,0.045471747787216,0.0426729562069038,-0.0158390420374085,-0.058783091110546,-0.0160777407502796,0.0671067476708909,0.0417936579413843,-0.0313854424674775,-0.0383517917199546,-0.0279617857078088,0.0237654459421533,-0.0257414874911211,0.0640164943619152,-0.0420793629606892,-0.0175447595547545,-0.0160991323149721,0.0261683775766534,0.0292320276650728,0.0244173613068104,-0.0308472012402974,0.10220093252933,0.0338312631956069,0.0282843091600481
"SRR10030464",-0.0382032896952502,-0.032789331873177,-0.0360751814448734,-0.0408180346777809,-0.029255349967925,-0.0170195529976064,0.0716284099689521,-0.0219149933074752,0.0347827595042554,0.00832573680115233,0.0687118099508081,-0.0602471008505057,-0.0286577313418182,-0.0496136557148169,-0.0637761280243704,0.00309827580043126,-0.0169350668439595,-0.0476947261292431,0.0405238197062478,0.037837706856394,-0.0127809494431276,-0.0147661108129873,0.0464116307898336,0.045035441614302,-0.0137472382523428,-0.0578781990516651,-0.0169325720025783,0.0692234715308318,0.0407412108968261,-0.0277675376044901,-0.0362478785207098,-0.028155957590361,0.026738371620291,-0.0273056696535421,0.0635564604771673,-0.0423432399545407,-0.0197921238291137,-0.011476832338938,0.0302796510256283,0.0316545478135023,0.0240895408928424,-0.0330080971760697,0.101878533325204,0.0329932116054822,0.0356244584869648
"SRR10030465",-0.0379658032616696,-0.0316824692772182,-0.0360752715461706,-0.0377909312926115,-0.0302266791859022,-0.0173191037633673,0.0689925980296503,-0.0210512585058597,0.0360600864424314,0.00980115292438409,0.0695836473483127,-0.063635019896095,-0.0288686683024966,-0.0503807275267951,-0.0696990019847445,0.00269220055126866,-0.0176757386023822,-0.0489088272879789,0.0469874141370391,0.0353516591993759,-0.0203212456622644,-0.0202444027759528,0.0470572352783114,0.0438376991990696,-0.0143882559426007,-0.0553881664854821,-0.0169325720025783,0.068072027795119,0.0423465189234484,-0.0218942673888467,-0.0396379772614662,-0.0273897638383427,0.0249038560317988,-0.0256933577694079,0.062078727450296,-0.0431117962880202,-0.015222234516644,-0.0116145155621747,0.0291938293495531,0.0308937832283954,0.0243889368960148,-0.0321053195443067,0.100583429254617,0.0322197635740977,0.0319724708604274
"SRR10030466",-0.0367281290803776,-0.0312111820947223,-0.0367185019374849,-0.038666333563507,-0.0320435031681017,-0.0174720951938544,0.0696319211297224,-0.0191938976341652,0.0383282969685648,0.010925579148855,0.0703553765328707,-0.060718921107108,-0.0291012336778016,-0.045787415207832,-0.0669143096131022,-7.86217273011049e-05,-0.0180092359273821,-0.0474485749908098,0.0464099505599293,0.0356907315334941,-0.0203212456622644,-0.0191155153308792,0.0445653187733409,0.0430902842429664,-0.0142143490958132,-0.0574264871912844,-0.0113402891466373,0.0705024069794595,0.0424712621697546,-0.0254268726899347,-0.0373280461974137,-0.0258564355369269,0.0241101769869685,-0.0274943702086084,0.0638736260924107,-0.0492349039675307,-0.017756878441117,-0.0133052385381099,0.0269913067026907,0.0307923630583977,0.0251689990643177,-0.0309068370143227,0.103067598934521,0.0321398659393224,0.0267565568573559
"SRR10030467",-0.0387082244478381,-0.0327549388616351,-0.0350862485640365,-0.0377738976190915,-0.0309542237827901,-0.0166331641141522,0.0704758333872496,-0.0165217974415805,0.0392026210403837,0.00873901621182958,0.068950261367118,-0.0542260037467072,-0.0298278231389106,-0.051541962368854,-0.0631111847148912,0.00468855526357213,-0.0226002321441736,-0.0477607180290403,0.046638586046737,0.0351813840594956,-0.0203212456622644,-0.0195616261472276,0.0468815711789611,0.0446831874987383,-0.0149612765151567,-0.0561622028092398,-0.0106217193032075,0.0696606615266428,0.0428513825488541,-0.0258723723909791,-0.0365248488040339,-0.0265304646895979,0.0224248572647246,-0.0242933061387325,0.0616772801526837,-0.0465591773551529,-0.0176419145965568,-0.013128260307869,0.028687387018706,0.0300330758067114,0.024432149828863,-0.0280058348777293,0.101413592480071,0.0320844255758244,0.0323582090516938
"SRR10030468",-0.0374470714664155,-0.0313869740976651,-0.0376362730486067,-0.0352932684042253,-0.026423587408217,-0.0152617787301423,0.0640564950612616,-0.020086425776931,0.0373548407814303,0.00947204490582771,0.0682722066234053,-0.0591229803072304,-0.0290450599213453,-0.0480704958763373,-0.0733845377661735,0.00350299364014047,-0.0211221825562907,-0.046986491904207,0.047483602836189,0.0353714868020936,-0.0172030935888685,-0.0191964915677613,0.0454863817628704,0.0400619065170272,-0.0142009617427562,-0.0563079915746184,-0.0104982749636309,0.0676614944226016,0.0420681330273369,-0.0298469278497714,-0.039198023655633,-0.0280103514263656,0.023601847513816,-0.0271145749465065,0.0654662119998073,-0.0483843606473716,-0.0170274147490899,-0.007745523859707,0.0291816598839744,0.0288673057482446,0.0248229324899907,-0.0283355184691404,0.103481610976936,0.032268220059133,0.027793852333664
"SRR10030469",-0.0394861155733121,-0.0328809033122526,-0.035386605059829,-0.0399522886298257,-0.0263594819372608,-0.014038526405181,0.0682145097556886,-0.0195700277956932,0.0352699396601869,0.00936297082063108,0.0684671666454977,-0.0662112520064668,-0.0288477336786802,-0.0483800139993932,-0.0738228280700796,7.71274953345817e-05,-0.0212794732523003,-0.0462613188820322,0.0436879956285389,0.0351022467619453,-0.0203212456622644,-0.0192159861297544,0.0477548846437101,0.0435381090640322,-0.0164088870652531,-0.0555046373627504,-0.0116247871815451,0.06861889719119,0.0420836365514858,-0.0239411852341198,-0.0392389364148396,-0.0266354515605078,0.0225909171810243,-0.0268745902829519,0.0625306344973195,-0.039919934912796,-0.0182600018646787,-0.0170819928175271,0.0299145502297114,0.0278548674954389,0.0246507071156514,-0.027574975934582,0.103273218723651,0.0321715298725834,0.0291408891205031
"SRR10030470",-0.038234715085761,-0.0318388468896744,-0.0353452498000119,-0.0385933447473228,-0.0329143188256957,-0.0146349858732297,0.0664214850647618,-0.0194973485848211,0.036281631370264,0.00564549409627208,0.0676951808310223,-0.0621931256469525,-0.0282878458789884,-0.0483462771101252,-0.0681661608097527,0.00126774995281942,-0.0176131210423417,-0.0442525647905342,0.0447625508649792,0.0356529796401962,-0.0203212456622644,-0.0208933340393433,0.0456256662065663,0.0438985662505344,-0.0146332687969967,-0.0552095321758606,-0.013542029484932,0.0680983804891269,0.0423635199205865,-0.0269245294843713,-0.0365329403193012,-0.0263362825291507,0.0236602944432776,-0.0255725958617325,0.063389405756427,-0.0426706153059602,-0.0174548552136276,-0.0146673528867389,0.0291764122358719,0.0284692166088767,0.0245411820126975,-0.0300462727347295,0.101327883906112,0.0318865544296447,0.0334557750839864
"SRR10030471",-0.0388265921804742,-0.0323301951683834,-0.034579510456168,-0.0410196553244169,-0.0332078532278795,-0.0129476866689263,0.0705513995321074,-0.0203585869438571,0.0404144942242765,0.0095716600584994,0.069494467170308,-0.0642691925210915,-0.0281728931381186,-0.0518892648969124,-0.0722429789040433,5.66114753049822e-05,-0.0210342078083646,-0.0465414076994376,0.046795270369031,0.0363091994609272,-0.0203212456622644,-0.020155632208513,0.0454247598742806,0.0450526003204208,-0.0146800388118592,-0.0581481837077216,-0.0145574031929329,0.0687071580400496,0.0428246012310546,-0.0271089812116783,-0.0402007625945568,-0.0263931921480901,0.023840395010553,-0.0265706539334034,0.0634302165196138,-0.0383731791842535,-0.0143865124547127,-0.00914745537566592,0.0282798281073352,0.0303020573587239,0.0246586764503823,-0.02861093036568,0.0963263570663876,0.0319136746873721,0.03033563264348
"SRR10030472",-0.0385207823938673,-0.0319563063501355,-0.0374365115902449,-0.0382643531604187,-0.0317851209376098,-0.0106931103741531,0.0701414536382017,-0.0200682276282121,0.0329776754160694,0.00762876709422676,0.0688664513114054,-0.0650960177514804,-0.0283645664032189,-0.0485930467298635,-0.0682928676256567,0.0016696597842607,-0.0234090234042987,-0.0441623903810054,0.0441817076862599,0.0378810087448524,-0.0203212456622644,-0.0186864863464829,0.0449026850136513,0.0438999566068391,-0.014321031629333,-0.0537561132466088,-0.0139962245849027,0.0669579721036052,0.0423920842544297,-0.0276537551460299,-0.0375420232325258,-0.026131512999214,0.0240769008904347,-0.0249621108358929,0.0619755506705937,-0.0459163165298426,-0.0174309020464778,-0.0123223077699993,0.0297102897321068,0.0298943543027783,0.0248171662646151,-0.0309885446765682,0.102142069753674,0.0315738730683814,0.0287753388222248
"SRR10030473",-0.0376628045530765,-0.032037960497061,-0.0369885290346599,-0.0381457348779684,-0.030503227792166,-0.0139825972262149,0.0667982642068517,-0.0218609291870314,0.0364405068341994,0.00868601156366226,0.0689160594488037,-0.0643744736091408,-0.0287557167834289,-0.0489597078434021,-0.0745631231789072,0.00158344136875774,-0.0224282741595974,-0.0445952623514484,0.0475887158548579,0.034437612372105,-0.0169032130959721,-0.0157958122250394,0.0460136286565104,0.0374180563777816,-0.0147053050877597,-0.0566920224428035,-0.015656596001937,0.0712240866893045,0.0418965984635146,-0.0243700181538963,-0.040883896417063,-0.0271777463747164,0.0234259093756479,-0.0239719082484062,0.0612655867241185,-0.0411004595622374,-0.0175220276482418,-0.0110234181502157,0.0266421494480304,0.0291984985777868,0.0244918829678154,-0.0286306812658251,0.0977747853001619,0.0312461667286106,0.0298150047703678
"SRR10030474",-0.038180417198037,-0.0311814128735725,-0.0352459540981295,-0.0402177090587586,-0.0277777903718215,-0.013778586574233,0.0634711393923828,-0.0215796570000211,0.036808621969126,0.0104822126045592,0.0681742102353432,-0.056837126705945,-0.0302524316134017,-0.0491731236721873,-0.0696861211048018,0.00296812597920833,-0.0213202270820023,-0.0489476842794059,0.0477172964217355,0.0363563493981988,-0.0180365081779132,-0.0184012052768259,0.0477188876636364,0.0399661951730916,-0.0147972066628758,-0.0600789289834791,-0.00987046694137868,0.0699412055932254,0.0430570061307094,-0.0270627565119229,-0.036659315906992,-0.0252326259218428,0.0263611103305463,-0.0295736654352108,0.0646099189411542,-0.0381641014633378,-0.0184779699178885,-0.0147511261077387,0.0284144889276057,0.0283510468641599,0.0243203449075109,-0.0269006092807023,0.100165162321634,0.0314071615787229,0.0316867283565677
"SRR10030475",-0.0394538435057817,-0.0332723861290856,-0.0387167193424681,-0.0368869949074616,-0.0295156905283734,-0.0157557783522689,0.0670663990030926,-0.0203075331280603,0.036399314335296,0.00769680160625766,0.0679844357289564,-0.0574461973765669,-0.0296384624932188,-0.0474480487914678,-0.0708787293355856,0.00107897204098539,-0.0203822759753684,-0.0467451352119641,0.048012815117337,0.0354451509582769,-0.0203212456622644,-0.0207566891910947,0.0453163783437393,0.0436223378986172,-0.0168204139607067,-0.0560064121754144,-0.013811810553177,0.0684367827735984,0.04319407839236,-0.0260670844817735,-0.0371611480138894,-0.0256758588040552,0.023536250347786,-0.0253282531236338,0.062655360657273,-0.0441430793219748,-0.0176578512941336,-0.0122744590078718,0.0277446560077812,0.0289959333259128,0.0251258650297837,-0.0308607289806331,0.0966405262836414,0.0321970890984732,0.0336102620719419
"SRR10030476",-0.0360755020888178,-0.0359545893077577,-0.043251926018598,-0.0411549385933998,-0.0380260057879061,-0.0173698701816316,0.0684876491068663,-0.0203053506251172,0.0332937674138131,0.0124458961940201,0.0699798928894595,-0.0554497193988485,-0.0330968038799663,-0.0520781536242438,-0.0812893764874247,0.00575127737706319,-0.0193962749804037,-0.0483108133302831,0.0475726940146079,0.0381405776071821,-0.0203212456622644,-0.0216555645833439,0.0463599009792933,0.040788783075608,-0.0193684155261603,-0.0579032659766437,-0.0169325720025783,0.0694953513269213,0.0413290197994507,-0.0317506638091996,-0.0428000590252957,-0.0313293110185488,0.0230522640559218,-0.0314010707268354,0.0655853493011919,-0.0427898241526938,-0.026995819291962,-0.0211240148357406,0.0264556498693275,0.0281257977279829,0.025279155312956,-0.0299878397096597,0.097897401375084,0.0334888383248222,0.0317035506906769
"SRR10030477",-0.0362087110553517,-0.0324246282556958,-0.035868467295097,-0.039845721868356,-0.0324778434096209,-0.013882722319884,0.0732895621656832,-0.0225093165675083,0.0362891761050173,0.00930944988921808,0.068269652286882,-0.060930086588984,-0.0288776710078707,-0.0486360651575154,-0.0706974346296626,0.00281024270547908,-0.0227386804227371,-0.046547249289062,0.0440781112998692,0.0354188872902083,-0.0203212456622644,-0.017118242046204,0.0455813122462354,0.0462558558074191,-0.0144445498931466,-0.0596132302339787,-0.0159172574167332,0.0674449831267491,0.0441202461539067,-0.0304738456509641,-0.0381306647979502,-0.0262945895169783,0.022952808690516,-0.0276126191417303,0.0631571845399875,-0.0425367023703681,-0.0177784626405337,-0.0042622122658425,0.0271237871008682,0.0292755122235015,0.024162733469858,-0.0263745481032851,0.10137038233515,0.0315458603518497,0.0314178087850843
"SRR10030478",-0.038567025584053,-0.0328040272806885,-0.0371431416868123,-0.0403419556394337,-0.0284807890151564,-0.0145304173532115,0.0633146356687482,-0.0211823751862415,0.0381271654345355,0.00880360657065712,0.0683359936437377,-0.0615455153737616,-0.0291700387336935,-0.0482908104862878,-0.0859801199042797,0.00303191687382818,-0.0206402040232929,-0.0473208504322369,0.0452427055745894,0.0321710011982121,-0.0120299898662451,-0.0174390664434138,0.0451630602589606,0.0421768710482107,-0.0139537215331957,-0.0552315601102581,-0.0158825272168538,0.0696609731549519,0.0437534463347045,-0.0277739501118331,-0.0387018224644031,-0.024975928746072,0.0237156288667788,-0.029620323456205,0.064289733723527,-0.0380602639356769,-0.0244914215563362,-0.00913579753110573,0.0304709258264704,0.0293700304770877,0.0244083040900331,-0.0259340147308631,0.0991692381870419,0.0326351786905694,0.0309246848617589
"SRR10030479",-0.0392153442658408,-0.0328852976879184,-0.0355066912639065,-0.0376070595039587,-0.0301265808592438,-0.0134464064780426,0.0689514924854342,-0.0163752313033977,0.0343181305636229,0.00943247157048164,0.0694041207852595,-0.0605403809619916,-0.0284138958731322,-0.0476279275969743,-0.0734237098377647,0.00183479252080732,-0.0190139804965451,-0.0461871217232724,0.0467439936463179,0.0366119686008233,-0.016800713562491,-0.0211141361544947,0.0465389408246872,0.0435643691694674,-0.0152503682959861,-0.0601541353700969,-0.0149927775879837,0.069488957818627,0.0445008448762013,-0.0292322853258828,-0.0390024166795954,-0.0259912113784993,0.0259189346050356,-0.0241218419828406,0.063239923700704,-0.0437008795702907,-0.0200608542867273,-0.0147277560332594,0.0276549793419414,0.030523361945876,0.0244337155214785,-0.0283010784012552,0.0993954555911568,0.033938367165843,0.033464561678773
"SRR10030480",-0.0384567890236607,-0.032609991133481,-0.0364810394905605,-0.0373795743243794,-0.0305707285080322,-0.0131828463180665,0.0672895595024661,-0.0239499636325615,0.0354870895489254,0.00853403175397814,0.0680590753815397,-0.0582385205357755,-0.028006576670011,-0.0494872958816115,-0.065437585611837,0.00151078342451996,-0.0202097997970477,-0.0450228406623518,0.0402916850141754,0.0336522528179742,-0.0203212456622644,-0.0180530273012323,0.044867334680767,0.0485511775445165,-0.014606151388702,-0.059107973847579,-0.0144334845513075,0.0661527506753128,0.0419421021128153,-0.0298916331198844,-0.038603499680251,-0.0258801440406246,0.0276197433427487,-0.0294010790561466,0.0619121743503523,-0.0412802554550799,-0.0179279166421732,-0.0139583482585566,0.0299086485726855,0.0294470690130526,0.0248547184004194,-0.0292064176343278,0.101673265227792,0.0328847724023958,0.028118061297705
"SRR10030481",-0.0379722007743439,-0.0316541892989078,-0.0376291571882967,-0.0388014189153054,-0.0300198440795906,-0.0148115615102283,0.0673480441328704,-0.0177314466633544,0.0365797805138693,0.00841735760261968,0.069192563445891,-0.0616978733050593,-0.028657352345108,-0.0517025266177537,-0.0737763980337643,-0.000569379918354935,-0.0231663826793647,-0.0480507219976732,0.0496002258810698,0.0342448147301387,-0.0203212456622644,-0.0220108352266894,0.0467066020985632,0.0445690860077608,-0.0142908057062458,-0.0590211541906671,-0.0136267102775488,0.0703704549863163,0.0437455420783811,-0.0276456522405185,-0.0363751185697282,-0.0248077743321256,0.0238239260175762,-0.0298366604925192,0.0614341024190657,-0.0417612813051667,-0.0166149142920876,-0.00764335778630989,0.0291607612252659,0.0285845255271361,0.0248605438475935,-0.0335857585529604,0.101288640508976,0.0314404883724588,0.0338071015452347
"SRR10030482",-0.0389591513623334,-0.0321113715350056,-0.0362469055219046,-0.0404148479340823,-0.0297059888885996,-0.0137588667649116,0.071590957560855,-0.0221735428444033,0.0343932419072241,0.00884548113454557,0.0673123092530241,-0.0611540203886595,-0.0287934765410153,-0.0483873371573814,-0.0683834061154842,0.000832536688933807,-0.0214576865487628,-0.0461075951366529,0.0457744836783375,0.036678742787561,-0.0181055430130163,-0.0188818362283871,0.0464025697872392,0.0411033673067053,-0.0140133730314891,-0.0570044218677121,-0.0156550655774976,0.0682997614135305,0.0426373301934144,-0.0267492844307084,-0.0393747105029678,-0.0262625595287237,0.0248894714933595,-0.0259287438580378,0.0638557605825971,-0.0399895684341241,-0.0198744181329943,-0.0103539231979099,0.0278099811158309,0.0299582033983509,0.0239129361710766,-0.027911623343568,0.100163068078254,0.0343559948012243,0.0220366376239237
"SRR10030483",-0.0490006911433575,-0.0469752077913752,-0.0480542161456459,-0.0382615709877182,-0.0296607178762122,-0.0119192976625352,0.0318476072330798,0.0416811585709548,0.0737249411333178,0.073599327988043,0.0577989580057115,-0.0866242379915277,-0.0330671035653324,-0.0736148740842444,-0.0740918082078046,-0.0114095556135696,-0.0215005276976007,-0.0426603646505833,0.091458572294707,0.0560864779531872,-0.0203212456622644,-0.0521896833373687,0.0909384021905736,0.0407810722965595,0.00932901395421324,-0.0666869059903753,-0.014900131966549,0.0476208488125688,0.00384782489613405,-0.0305452581218598,-0.0352056454306567,-0.0274829982355606,0.0496820063399369,-0.03313704213911,0.0835844631714851,-0.0479756355681066,-0.0462097924730308,-0.0225383322439965,0.0711041889787297,0.0944650416377466,-0.000519879962062046,-0.0289075270649077,0.110335730624559,0.0620848160726507,-0.0226628941439818
"SRR10030484",-0.0481931099158118,-0.0472204194535832,-0.0486623334555385,-0.0345123869722599,-0.0322406101483441,-0.0114053544760106,0.0301282304481293,0.0417598067414823,0.0737749534271067,0.0719238763498937,0.0603299300217315,-0.0871629062762073,-0.0343348667160777,-0.0715259236993877,-0.0724014683778717,-0.00998736149785081,-0.0195129336539711,-0.043539102739655,0.0909967124326264,0.0528934769203729,-0.0169499599948036,-0.0537648302571813,0.0924064769098133,0.0392536678772713,0.0105759917636028,-0.0667652782970266,-0.0153649432722202,0.0475084189817541,0.00330841672009136,-0.0317348373041761,-0.0414463951518535,-0.0303903409601568,0.0469700206357631,-0.0288533726885948,0.0852505412475979,-0.0476671725004765,-0.0405685121476639,-0.0163909070563702,0.0701370666846941,0.0941400174964714,-0.000429613743514552,-0.0251272906061594,0.113847789683723,0.0634992402725592,-0.0292588239870665
"SRR10030485",-0.0497123212139305,-0.0473238305292302,-0.0490225265799089,-0.0343831106760198,-0.0310054449251574,-0.0158825857505818,0.0381467903887257,0.0414462050979971,0.075651445225409,0.0744931703073639,0.0601429693283658,-0.0841875623815102,-0.0342120639221045,-0.0727572767368373,-0.0709242104261115,-0.00927144470744073,-0.0193417093671851,-0.0437737652839264,0.0917053930147192,0.0548435985134774,-0.0177579336282107,-0.0521945541699225,0.0912416572531208,0.0387065377856563,0.0104499777477478,-0.066336424425385,-0.0124548790923843,0.0496194698689917,0.00410098082573276,-0.0364814007058651,-0.0376307459914975,-0.0285052170400937,0.048340647819032,-0.0302067653546248,0.0875042322107897,-0.0454704232135177,-0.046594189471328,-0.0198729373944748,0.0745774277899022,0.0928309363170823,-0.00100952850736351,-0.0312221106477948,0.11120911221307,0.0626898623528526,-0.0288597819534562
"SRR10030486",-0.0496401601791442,-0.047438215184111,-0.0474908607316452,-0.0380086715103284,-0.0325391139673728,-0.0105671149974226,0.0384388771437376,0.0454948313800287,0.0725301977970026,0.0749453692099833,0.0608211588760867,-0.0797206404172474,-0.0341030342971628,-0.0704795267059016,-0.0664672530766182,-0.0106642550984559,-0.0199972128502868,-0.0397540914016817,0.0930650403402106,0.0504502522616262,-0.0203212456622644,-0.0498113497834008,0.0889553360379856,0.0454808503836856,0.00921117353385349,-0.0671877815951334,-0.0158751457041374,0.0500339969713349,0.00445925222579308,-0.0361016856867196,-0.0355438923685633,-0.0270341667932594,0.0481608398949998,-0.0310018186030991,0.0851112396381199,-0.0436107753240243,-0.0426545869901445,-0.0188782956274982,0.0728679383564984,0.0945077937718027,-0.00149025720113904,-0.0258787375302418,0.112206131528746,0.0634544075687515,-0.0312374095093183
"SRR10030487",-0.0497509142403941,-0.0477798049229339,-0.0470480447793866,-0.0394157794250707,-0.0337942267605846,-0.0140943015660308,0.0333370837993891,0.0458078242044843,0.0725254970878574,0.0711974878505301,0.0597554790006994,-0.0846483332055975,-0.0339404741549305,-0.0709185143378603,-0.0677217622825652,-0.0125304472282689,-0.0221710845655443,-0.0428274326765029,0.0921076518489941,0.0519117269580971,-0.0203212456622644,-0.0511585988623265,0.0892825437220226,0.0439311826437474,0.0120701249106022,-0.0645714859599127,-0.0138643942131234,0.0502323974543622,0.00418329573898244,-0.035927476712653,-0.0383411458369167,-0.0297171630593765,0.0472970101737513,-0.0303022522116404,0.0865989338799681,-0.0449506591143362,-0.0456908977384428,-0.0242681255362602,0.0719431974561092,0.094611847214345,-0.000845862383177596,-0.0268039276079419,0.113028780969055,0.06191566974006,-0.0184144507656408
"SRR10030488",-0.0499519840917759,-0.0458844754402675,-0.0490160880067573,-0.0342413142976321,-0.0356711296017573,-0.0163542278886171,0.0260960947837705,0.037471403838437,0.0738029051638386,0.0749694831276344,0.0594104971284342,-0.0885988327496773,-0.0354395398891352,-0.0728310932220499,-0.0691025276389678,-0.00741208313522115,-0.0243199184336964,-0.0421250020500712,0.09232530133198,0.0533337771112256,-0.012711533608296,-0.0521953976933061,0.0921562471874039,0.04013039696623,0.00863887183353013,-0.0679049566176266,-0.0158003071163265,0.0500617386608563,0.00238476221246024,-0.0353345964308523,-0.037659368768145,-0.0301180682481396,0.0473774975005513,-0.030023018275393,0.0826242224810217,-0.0445040476937655,-0.0453393513461964,-0.0177682253522482,0.0704580336694054,0.0918678467566666,-0.00105257293099186,-0.029743686365907,0.110237342084741,0.062481909975891,-0.0231359027637086
"SRR10030489",-0.0488096191639687,-0.0482746853862763,-0.0487267326313496,-0.0396324418287167,-0.0313192902533896,-0.0136113264107356,0.0364489595305435,0.0393340113978896,0.0779341975698679,0.0773999927624323,0.0620311807444235,-0.0842164146256527,-0.0340030654418539,-0.0700012438875123,-0.0684725379887634,-0.0119095059446425,-0.0202362185467797,-0.0436691810519466,0.0905972999088781,0.0518499744181089,-0.0203212456622644,-0.0506871451811128,0.0885816444815428,0.0375491987056031,0.00944609776946916,-0.0683354199069663,-0.0143604148069675,0.0476877189061923,0.00340749166905857,-0.0320969763927375,-0.0352940316139406,-0.0291093960194466,0.0443615292337172,-0.0314755285527205,0.085453644808985,-0.0459981667945575,-0.0435052251500606,-0.0224405383530988,0.070845255218775,0.0936787480248854,-0.000260373040726531,-0.0326927304718469,0.111361949463505,0.0642779638871553,-0.0249928478988123
"SRR10030490",-0.0528841948292391,-0.0477458667853895,-0.0481259572866367,-0.0399231689045183,-0.0359704395307106,-0.0157296449500861,0.0359733792026838,0.0407989335114264,0.0722423195746424,0.0755131546344808,0.0582287512708493,-0.0885451496364694,-0.0355831447642728,-0.0717655232026924,-0.0711643945899977,-0.0134214985495473,-0.022282887474446,-0.0419829798433819,0.0907421594336956,0.0527682275770905,-0.0203212456622644,-0.0520323973231443,0.090369070893658,0.044075457111469,0.00966500339739873,-0.0695102415447144,-0.0150321607908584,0.0481831343129102,0.00148418129022322,-0.0338450363319051,-0.0359395191787669,-0.026074937463405,0.0451125118185927,-0.0294807735587735,0.0827091538916567,-0.0467504795095696,-0.0394740628329077,-0.0253384990341974,0.0696269418549401,0.0942449331288981,-0.000975555820238809,-0.0295693690180845,0.110699350569324,0.0626672547163122,-0.026564755041398
"SRR10030491",-0.0515742563325732,-0.0475126021124575,-0.0481062283358117,-0.0388682681019988,-0.0329162993754003,-0.0139352959370008,0.0420725806909243,0.0412380179688284,0.07409180961577,0.0753495591204456,0.0585478076240285,-0.083103088926814,-0.0331576561151161,-0.0697105819775121,-0.0663237237026401,-0.0120344921004893,-0.0243348940027875,-0.0425361150484347,0.0927878380985314,0.0545553315272208,-0.0166654648651992,-0.0525218812221548,0.0904283069766875,0.0403901697148875,0.010815593964853,-0.0655780189030836,-0.0150442778977564,0.0498404828386185,0.00154202086907504,-0.0348441696915353,-0.0380659197543747,-0.0298078243624427,0.0422132385552565,-0.0283409337655755,0.0834753199259784,-0.047621723078222,-0.0482965741948668,-0.0274809379709386,0.0714312339376192,0.0923652087320986,-0.000759664721722873,-0.0309394963468067,0.113149889681102,0.0629491071189951,-0.0297904196486377
"SRR10030492",-0.0506101321068521,-0.0465698258715153,-0.0486631156029548,-0.0380507940307774,-0.0314339718911895,-0.0158656630098842,0.0317879200347495,0.0453210328952403,0.0735612637328012,0.0733511720329434,0.0588909856487205,-0.0834806754303219,-0.0334613428517734,-0.0694093012339889,-0.0783176676564061,-0.0112632212520973,-0.0218574418542367,-0.0411336807656066,0.0904910747763855,0.0524707696297612,-0.0203212456622644,-0.0500302061128456,0.0881689587444571,0.037366266199601,0.0112984027425541,-0.0651586199854363,-0.0158838431023651,0.0525238845630487,0.000867562416247956,-0.0342820063877965,-0.035503259616856,-0.0283019314009578,0.0482213075978926,-0.0290058619626444,0.085177205581299,-0.0439672084035709,-0.0468489223380095,-0.0203366175279204,0.0711314499698584,0.094356751356213,-0.00132262623699424,-0.0318768091703557,0.109883028168089,0.0615128050463643,-0.0267541357446736
"SRR10030493",-0.0516625781047457,-0.0466604979623882,-0.0479254398685661,-0.0389780088445029,-0.0289733656413369,-0.012450611494692,0.0323545529110126,0.0423872956769635,0.0758675134095132,0.074989513803918,0.0596330544182234,-0.092185051781934,-0.034374130983922,-0.0725271185224945,-0.0811826829651707,-0.0132760149331639,-0.019443024472102,-0.0410028136258391,0.095643327897312,0.0535735205933677,-0.0203212456622644,-0.0517409166336396,0.0913994520290293,0.0346940264583161,0.00838756908931837,-0.0656553198648519,-0.012291368306301,0.0464728453299957,0.00427667032448545,-0.035759407756623,-0.0374539891401504,-0.0292542386650236,0.0498346909645671,-0.0270270819223764,0.0853459771188315,-0.0454276137367598,-0.0444293114800999,-0.0205836289465265,0.0727883651752365,0.0933600099966584,-0.00128413392501439,-0.0279858972372793,0.106177494174461,0.0640010147623278,-0.0227140887594031
"SRR10030494",-0.0503930113936585,-0.0457236244648096,-0.0483601708629268,-0.0377251593825617,-0.0354853838186038,-0.0140695697317875,0.0327279207203566,0.0442066784878593,0.0736601778311134,0.0743967333298347,0.0569968002829855,-0.0855737781989859,-0.0335904711001817,-0.0739372439711545,-0.0750648078064927,-0.00897385775853393,-0.0175012942509166,-0.0422303937091155,0.0919549881972345,0.0524449163782318,-0.016937881221492,-0.0499966741899812,0.0907272549789201,0.043132321866213,0.0117568831601274,-0.065803597395385,-0.0138981227334803,0.0531571443197944,0.00161396900382727,-0.0333752845767463,-0.0366682133146423,-0.0281077453367313,0.0461856676625696,-0.0335331118935145,0.0856897618599885,-0.0444982093866211,-0.0444659046007058,-0.0119580289219402,0.0719131536353899,0.0949134677361286,-0.000729337420116164,-0.0285053467254708,0.113581629258339,0.0626515075624895,-0.0293204171228355
"SRR10030495",-0.0504836628717075,-0.0475742019498722,-0.0480444694166054,-0.0384135968232354,-0.0312645841674304,-0.0121955006039751,0.0330522627031301,0.0414014940886477,0.0727380160801015,0.0743865692969571,0.0583747075199388,-0.0935401107026048,-0.0347088345556214,-0.0703308305518532,-0.0671924466287052,-0.012008671754858,-0.0231638219071133,-0.0419930529607794,0.0891175676586539,0.0539146327937164,-0.0203212456622644,-0.0513943254879278,0.0885829966887428,0.0413196292789306,0.0106129324932284,-0.0692724200959099,-0.0169325720025783,0.0477104857910686,0.001926456847832,-0.0369266374262286,-0.0354605924830539,-0.0300831270674473,0.0494490819812699,-0.0301901802423938,0.0849950757279495,-0.0442251182966932,-0.0449312497443778,-0.019166882183554,0.072862022094386,0.0952620932685076,-0.00127448843238657,-0.0323216892232954,0.108559578663154,0.0631460261332686,-0.0293525920251436
"SRR10030496",-0.0500990970968092,-0.0476244823249183,-0.0471573832230652,-0.0368130097270411,-0.0356489533832762,-0.0157909786462181,0.0333133236481905,0.0478795979416333,0.0738084777807469,0.0722252903240086,0.0597521881349348,-0.0790749672770793,-0.034333580179973,-0.0711632183034656,-0.0795127543820145,-0.0128164122903878,-0.0178017080473234,-0.0431636484463291,0.0903902963890207,0.0526512024306073,-0.0142655649022406,-0.0490297871954865,0.0890601587970762,0.0387799257838416,0.0116240928568001,-0.0661049943796757,-0.00890366863619199,0.0482617069668572,0.000741138942277913,-0.0299206824360312,-0.03618746145302,-0.0260069522632224,0.0471785968822591,-0.0298912205407725,0.0835555873198437,-0.042501818038697,-0.0437424273591087,-0.0238489005268491,0.0706972206089198,0.0947831011388816,-0.000591904022336075,-0.0280788630004503,0.110503538966922,0.0597360500719413,-0.029206658624256
"SRR10030497",-0.0488494177676845,-0.0466439113682476,-0.0489750551884119,-0.0391675190230942,-0.0344380999668682,-0.014845706527588,0.0373814593927663,0.0447698338168851,0.0760976644712997,0.074843211247983,0.0588535476644671,-0.080317754363656,-0.0344388167604879,-0.0656152795167259,-0.0756939755327791,-0.0102903623800515,-0.0234159562388628,-0.044854830129536,0.0954144173654246,0.0547480978415299,-0.0203212456622644,-0.0507189109906648,0.0894095295514943,0.0371520646221432,0.0114178828443593,-0.0659725481807468,-0.0157887794410033,0.0520834188512543,0.00212808628435208,-0.037199575630458,-0.0369487856527136,-0.0267212185436877,0.0472305255379509,-0.0345379887096878,0.0855783248610251,-0.0375634666833395,-0.0398544893528322,-0.01844500430883,0.0714135929927759,0.0931471192063432,-0.00173851906048539,-0.030168513359788,0.108355829167149,0.062591730516348,-0.0293071637551343
"SRR10030498",-0.0495151641293256,-0.049128159549205,-0.0512769177184195,-0.0363446849841785,-0.0322954623230307,-0.0165699242465722,0.0259592716688255,0.0408358313971479,0.076796589364352,0.0716140199460804,0.0603585234981756,-0.0791920381222488,-0.037721696489374,-0.0730201317754266,-0.0803166393186812,-0.0122165091432161,-0.016857980687204,-0.0441092254372699,0.0890157527233078,0.0513997427405226,-0.0203212456622644,-0.0501824090731135,0.0933888768449948,0.0386736228325541,0.00804200940995625,-0.0683341055658706,-0.0121761257368553,0.0433562144938767,0.00238228053094651,-0.0337422370701693,-0.039323139708571,-0.0306828687060915,0.0452969675186432,-0.0325443203517423,0.0861842512973881,-0.0404329831308749,-0.0528365968401606,-0.021726049942845,0.071396409951537,0.09511595257146,-0.000807908467365024,-0.0297816892355899,0.110819871104316,0.0607898523543745,-0.0308743851314497
"SRR10030499",-0.0485485274631895,-0.0481509648995106,-0.0487009300067331,-0.0361293093193945,-0.031547900131797,-0.016219970391186,0.0342793749276948,0.0440731943881247,0.0768759190296325,0.0762406221966321,0.059585313083681,-0.0905107719853764,-0.0328962548033934,-0.0706047726020576,-0.0771587324704887,-0.0107797058429784,-0.020766543928941,-0.0415833799497691,0.0958278981336962,0.0520915793900865,-0.0165103397299214,-0.0516699400463481,0.0914480513100412,0.0403488157520002,0.0110067999656244,-0.0643747537210449,-0.0139628386356684,0.0506344948509305,0.00417488324125969,-0.0360449411015894,-0.03445097565235,-0.0306093593490441,0.0467579769652987,-0.0299299083816876,0.085615706698433,-0.0448142470872564,-0.0443186537354728,-0.018233305968926,0.0720436326387799,0.0954604293321162,-0.00124663973398809,-0.0274768361351074,0.109715181423294,0.0625044907577652,-0.0239135202105447
"SRR10030500",-0.0499738122885604,-0.0479703734944873,-0.0485768387966713,-0.0392647496622724,-0.033242405359955,-0.0150286358741777,0.0278783621695613,0.0423823603504059,0.0746594754262611,0.0769328134260885,0.0580313926788416,-0.0836411926796362,-0.0348904890735904,-0.0694681392889958,-0.0756298752374912,-0.0120798221298306,-0.0207858324143574,-0.0371849769880051,0.0934309276030504,0.0511847674835247,-0.0143021163275695,-0.0510838587579428,0.0898352661251212,0.0402650180932397,0.0103937552543032,-0.0638775569656144,-0.0138503816649241,0.0490532183499881,0.00323663977317112,-0.0334327176334479,-0.0345444765993945,-0.0277578209140096,0.0523926861997638,-0.0298711990037141,0.0851905579763823,-0.0520331752359579,-0.0434996972353097,-0.0219840341551692,0.0719879733669801,0.0940469036678194,-0.000936894312121954,-0.0300478985220376,0.114150760761239,0.0630609166277272,-0.0166405773446443
"SRR10030501",-0.0500952868191464,-0.0468696960864585,-0.047923927062737,-0.0366216250047618,-0.0352868631184007,-0.0136501385087623,0.0326826879903619,0.0419989912247237,0.0727158922593588,0.0743064648529937,0.0574890338303979,-0.0796860721749677,-0.0348234327665021,-0.0700894436642029,-0.071689582779861,-0.0108181350298363,-0.0234589876943802,-0.0421491662277712,0.0914601234309715,0.0542536007201913,-0.0203212456622644,-0.0494761612584898,0.0876979582543281,0.0387575197511279,0.0107938661442885,-0.066205108880742,-0.0169325720025783,0.0485369519046988,0.00366228550274604,-0.0371254123731517,-0.0380156162124997,-0.0274417610022615,0.0462301853053135,-0.0280909881241569,0.0835914934444212,-0.048799682231476,-0.0450226101178714,-0.0247258307378647,0.0710244713390924,0.0946072249274264,-0.00070113782514056,-0.0266362748807572,0.109331379324548,0.0621169090555252,-0.0242787294276947
"SRR10030502",-0.0489681643801429,-0.047221946945689,-0.0484727245551168,-0.0393016155557274,-0.0357806733057122,-0.0157126484596251,0.0356829482590879,0.0449883716283898,0.0755485889141449,0.0726354342806134,0.0626583910157378,-0.0811077577405362,-0.0333274549893284,-0.0720149746492436,-0.068010858904006,-0.010862346348397,-0.0189717689064941,-0.0412248129513996,0.0921449450782538,0.0534426526325247,-0.0203212456622644,-0.0522553153259454,0.087729629678009,0.0357933026977341,0.0113613592509573,-0.0668878485685364,-0.0169325720025783,0.0498038909650522,0.00163819185395225,-0.0333020139755472,-0.0336714935241163,-0.0307804428271695,0.0476566116356156,-0.0300521286012797,0.0823196604092182,-0.0426482429026987,-0.0509839667459366,-0.0248395037044834,0.0703542278571114,0.0949058973464527,-0.000629488896700729,-0.029251379547895,0.11245035674087,0.0612631950790831,-0.0308903416947069
"SRR10030503",-0.0507418282192347,-0.0474840307149568,-0.0492530373718929,-0.0374268923841013,-0.0269055472931453,-0.014908740264025,0.0293087501793275,0.0454575773995112,0.0739274005655294,0.0738447773744285,0.0594269575582233,-0.0813785248478869,-0.0339247869473967,-0.0706685760758396,-0.0710021959604553,-0.00957445463566751,-0.0230769947676567,-0.0402456268876123,0.0897456584137886,0.0524508084752582,-0.0203212456622644,-0.0529119598258091,0.0923993667084683,0.0381437539915593,0.0108808929284372,-0.0688660183347179,-0.0123415444023819,0.0473113780703658,0.00307033802752943,-0.034042335877445,-0.0362302084539796,-0.0289452659342015,0.0498706353432649,-0.0297340721673665,0.0857925984012769,-0.0418690680886662,-0.0457336733624586,-0.0084247125196482,0.0711912172775463,0.0955143880106859,-0.000861961551754705,-0.0271081572556557,0.110334772236684,0.0623989743511034,-0.0295236502369262
"SRR10030504",-0.0480507570864543,-0.0483696793153108,-0.0484250256928912,-0.0369497814371138,-0.033634480705231,-0.0167152407994427,0.0297389988142467,0.0457676969763831,0.0728623820296854,0.0715728064240892,0.0599586281044953,-0.0907946264347666,-0.0350063874710831,-0.0722455164594853,-0.0707687899711203,-0.0097615441101758,-0.0230831009436567,-0.0428152656180131,0.0924268925155409,0.0541464236010099,-0.0203212456622644,-0.0549669483394064,0.0887935629535925,0.0396045031574932,0.010138442493237,-0.0664083941427052,-0.00965373175615763,0.0508360200114716,0.00423407653616932,-0.0299253618317656,-0.0347153926839371,-0.0267644023080136,0.0493238845422178,-0.03128185975833,0.0821886240942887,-0.0434923011025721,-0.0467955819095585,-0.0265467141773985,0.0719965853780429,0.0939407441826704,-0.00198211345362698,-0.0315038712288243,0.112504995272996,0.0624952154988808,-0.0252625539082699
"SRR10030505",-0.0517458164171362,-0.0474325057045432,-0.0480625999455303,-0.0360032119518484,-0.0328895773070254,-0.0152731160411108,0.0332913636225014,0.0462878973122542,0.07238324865311,0.0712488948397946,0.0597671555536732,-0.0838067116568718,-0.0347259534580258,-0.0712090352800947,-0.067562416173672,-0.0111093472799097,-0.0207915027480448,-0.0432720146059093,0.0958077342898674,0.054664018254571,-0.0179176246128868,-0.0502595500849627,0.0898629897791079,0.0439970415361218,0.00998665458378476,-0.0678324292136799,-0.0075707980593512,0.0513256768646248,0.00322260584171296,-0.0320289580687734,-0.0351429521843677,-0.0267490861359711,0.0454510129854177,-0.0300806766571699,0.0861295534090822,-0.0436573060091168,-0.0429008686016016,-0.0193226936231829,0.0705851837882927,0.0963300589422089,-0.000845207124366435,-0.0277408964613916,0.112838211767505,0.0623771802479352,-0.0259420146141246
"SRR12330763",-0.0421485484273068,0.0583123319065327,0.111209567548667,-0.0153166771551263,-0.0182219145686468,-0.00320965520996626,-0.0836972779382831,0.0850052957165502,-0.0747667008855848,-0.0168899393679113,0.00280209646042542,0.127810798184809,0.14600335977004,0.0532356021003623,0.0633521554521013,0.183999863133242,-0.00365817031583092,-0.0362230236782781,-0.015947841473607,0.0697686109755916,-0.0172323563472559,0.118617714772725,-0.0693287856852441,0.0682606551965135,-0.0503357991509493,0.0136863871589105,-0.00771170387877377,-0.0719193101749388,0.0865483878716991,0.00331746933317168,0.0412205290266293,-0.016384256666568,-0.247225737779802,-0.0678614997360292,0.00359843320303779,-0.0851608144391034,0.0406487031302061,-0.018376090905965,-0.071644982339175,-0.0234141685475581,-0.0846429017674336,-0.0190089871319057,-0.0406180938532955,0.0384715674951027,0.110959289510849
"SRR12330764",-0.0477300649404903,0.0582449944621836,0.111067529664657,-0.0206189431973773,-0.0166503054032012,-0.00796091059843208,-0.0869375545708281,0.0881417364656546,-0.0770130071137552,-0.0142357436379514,0.0140721558888172,0.120754175007455,0.150844776215323,0.0531496473736753,0.0542826882381747,0.187949550637948,-0.00617101401268936,-0.0392230412329074,-0.0203593365466037,0.0725066909119638,-0.00951561967491379,0.114110707262221,-0.0717133699730008,0.0643663533450097,-0.0501771966096957,0.0105211982387906,-0.00840759480317794,-0.0745326275054644,0.0877198554847503,0.00537275990476587,0.0453872618791572,-0.0185443219851403,-0.271852203179173,-0.0703864668657085,0.00195251202803463,-0.093974669158885,0.0314915781201209,-0.0177433442747945,-0.072617449525133,-0.0253313112910252,-0.0878203084292071,-0.0262782041535496,-0.0427652430390943,0.0447835923757128,0.107292365981721
"SRR12330765",-0.0450081129931897,0.0620317357852775,0.109280227699128,-0.0192301942922023,-0.0191181933484906,-0.00656596710896925,-0.0766211205744193,0.0789803815015011,-0.0824488615709158,-0.0219111855770653,0.0129301258251472,0.127889216737481,0.147533559812065,0.0530956554066909,0.0557106537679732,0.175947028438437,-0.00563110473787621,-0.0398683136425794,-0.0243597053385712,0.0741569276864456,-0.0158935407128799,0.117349065834794,-0.0734428152818782,0.0705225437690771,-0.0560544483381142,0.0158515352144126,-0.00535237977873229,-0.0652134279995405,0.0906493101018746,-0.00235792127260872,0.0408927572232529,-0.0172009040659576,-0.229719527494316,-0.0621361366943349,0.00760657597629505,-0.0817838996123147,0.045881767114951,-0.016231153155605,-0.0771211154337008,-0.0296905275749111,-0.0807320150780478,-0.015606108731297,-0.0336844846696236,0.0373543228524597,0.114009851016557
"SRR12330766",-0.043822868479756,0.0443163319227692,0.0810054271244054,-0.0233253229883537,-0.0319827074526765,-0.00860850042859976,-0.0871527331054841,0.101539488609905,-0.0732775965967361,0.00589274196358963,0.018470973376243,0.0871221554676075,0.143708949697639,0.014713471626596,0.0180269260185393,0.124803826478736,-0.0127344148032417,-0.0532286984992,-0.0198668118063424,0.0821794482479007,-0.0203212456622644,0.0546561074248486,-0.0530680469265085,0.071534345409458,-0.0596464377465841,-0.0046838992585852,-0.00963505416971592,-0.0452673088758783,0.0290997740812504,-0.0123755764766007,0.0140850974836305,-0.0211582046344907,-0.196462704927508,-0.0644491833056836,0.0540688078042019,-0.0847216198146132,0.0702239089618702,-0.0264093216330864,-0.0809460028023774,-0.0111478372361704,-0.0727047680941675,-0.0195777764198984,0.00822842028844403,0.0588413738860565,0.00894199797485408
"SRR12330767",-0.050198198400593,0.0356899008457028,0.0807448792704249,-0.0253365295237303,-0.0296762901231782,-0.0115601032537611,-0.08999588466595,0.106530010398011,-0.0709865288755442,0.0130981772582286,0.0368029456634087,0.100793914037312,0.148681670853283,0.00647423058063994,0.021595249101446,0.14797049079022,-0.0169063066689436,-0.0572055237763024,-0.0198625389699838,0.0894965899373237,-0.0144873532735148,0.0602446133038028,-0.0476499030434502,0.0759813797678218,-0.0613807368374326,-0.0127290465395702,-0.0152351791791695,-0.0434329857532714,0.024486015509937,-0.010585121824834,0.0116995888551545,-0.0231869234223748,-0.21250498462608,-0.0677507161237168,0.060473910317652,-0.0933610868095073,0.0544988609886521,-0.0233888858743323,-0.0736795694141119,-0.0127096913753409,-0.0770561369079701,-0.0234213319295993,0.00895279866982099,0.0699650288999644,0.0171853046323662
"SRR12330768",-0.0554052329706335,0.0406749208826247,0.0827974642630209,-0.0293175826547463,-0.0346154574966304,-0.00910802348027438,-0.0882281283621839,0.100295148737374,-0.0670747218679132,0.0105498155635836,0.0443692129396268,0.0925075111566063,0.143614554415459,0.0150251607819278,0.0119333145631827,0.131416720137323,-0.0157473067930323,-0.0582767243690302,-0.0289235863758608,0.0917181343744772,-0.0179521005181333,0.0540331254294889,-0.0481908909266203,0.0749939945660209,-0.0612183782399975,-0.0158705955232645,-0.0147456818877735,-0.0416845211740733,0.0340497327499371,-0.0116842838328723,0.012762381095681,-0.0235312228690666,-0.200259664975771,-0.0705908173157221,0.0628803983450046,-0.092629882436371,0.065409380605085,-0.0245968864823692,-0.0746640098301721,-0.0121971198613314,-0.0779900716461953,-0.0247680168958781,0.0155988982868988,0.0676710607247662,0.0310958481740775
"SRR7811358",-0.0652250094024492,0.0539317723456191,0.134552640742099,0.0132427782239946,-0.00901057001357846,-0.00467741287176102,-0.069225827902561,-0.0410736320096075,0.0196137171059946,0.0370841348422197,0.0047436393111649,-0.0343395724174218,0.0806939987628285,0.0494067843002626,0.00041966433424641,0.00772949919428557,-0.00192047705207381,0.176630557953907,-0.0542245914917856,0.040411221659464,-0.00333173044541679,0.00541392637452293,-0.0701210315001508,0.0235745196348796,0.124398809173505,-0.0377462239963497,-0.0123336901148997,-0.0779932442192999,0.0872605902415601,0.190058559675365,-0.0293353963629233,-0.00307241075102172,0.0183053921538771,-0.0183392964046534,-0.0639203940520544,-0.0384004685480768,0.115134145417199,-0.0127307506559338,0.0764611540345562,-0.0499819873368866,-0.114697599801324,-0.00531309930399863,-0.0663891498326356,0.0126255359927906,0.0449084839562308
"SRR7811359",-0.0663084761160393,0.0646276865952028,0.132022753323173,0.0012752425882553,-0.0160071518440874,-0.00853396674804263,-0.0785707868625549,-0.0252408583367365,0.00533957526707995,0.0299093286166033,0.011007326029246,-0.001002451668753,0.0996822092306228,0.0429446720895527,-0.0101530888656041,0.00867864692725948,-0.00592609547006181,0.143610332649728,-0.0352559211693142,0.0534372995656959,-0.0135896657047681,0.00559402688905395,-0.0626257458658305,0.0337531986322274,0.0992768803575071,-0.0380683567838004,-0.0138410499973518,-0.0754152276016022,0.0606820758941795,0.20447305896473,-0.0222623114205513,-0.00761407544682751,0.0260259572154872,-0.0278979639173411,-0.0424428489725254,-0.0505725233443977,0.120961290489632,-0.0137506433346552,0.0524137780793136,-0.0494003308555452,-0.117085024233035,-0.0123347702779041,-0.0563797390641262,0.021120500061453,0.0131902484366316
"SRR7811360",-0.0798454473589879,0.0727553556637462,0.122436004152405,0.00120407084081518,-0.0197548581790063,-0.00958936883497622,-0.0779760181990268,0.0140561781854586,0.0248944640543149,0.04848610704682,0.00859887944919394,-0.0126087368603277,0.078898037471891,0.0478464008366196,-0.00967163744500728,0.0480850805740758,-0.01185986602495,0.12455592346802,0.0142761497933398,0.0672946845530895,-0.0128268977200779,0.0559514129564243,-0.0486844861170932,0.0393012098287081,0.102392395574182,-0.0232610839139916,-0.00565251510349347,-0.0982176779936643,0.0672697200988442,0.0927086397002728,0.0161689290369148,-0.0133632559523106,-0.00744419505633182,-0.0319282500358481,-0.0486455221618053,-0.0415144684578338,0.120865993272856,-0.0155199739409425,0.0686322668284114,0.000525452637768051,-0.125869206000178,-0.0161980042115221,-0.0440098765131529,0.0287286868288288,0.0516019691023598
"SRR7811361",-0.064262959413714,0.0407567218073368,0.134479128263725,0.0179006261494026,-0.0136358917532689,-0.0059292757677567,-0.0744181508328647,-0.0476223177449762,0.0263871079071476,0.0568801290570462,0.00553078828923435,-0.0498006234864695,0.0756710452540653,0.0421494403894179,-0.0128539753049199,-0.0122186600451598,-0.00300773242115024,0.186406814671465,-0.0513175060350296,0.0371048358490214,-0.00732341641312192,-0.0189023281906091,-0.063273138277229,0.0177705879852546,0.11826601730245,-0.0439622733367693,-0.0115293102384409,-0.0871961119158896,0.0588453563605216,0.184221259656152,-0.0437778395411906,-0.00299906841068567,0.0506006344910832,-0.0235305591451779,-0.0630388602882843,-0.0362283583048209,0.112187401934615,-0.0150617279221049,0.0740809262252241,-0.0376869343661249,-0.123818429519304,-0.00377719262318193,-0.0657941565759547,0.0121983644004267,0.00960208225419579
"SRR7811362",-0.0714036315918151,0.0557593173784385,0.139688210986558,0.0317000011861671,-0.00375703204329999,0.00197855005782312,-0.0728539106262089,-0.0285551731168382,0.0271588862339401,0.0585569819055673,0.00327505899117737,-0.0284433162356661,0.0811695540855892,0.0526059465225101,0.0131851439392396,0.00801433680564948,0.0038581371057795,0.194129046341807,-0.0369167161317979,0.0482404930871574,-0.003061362888586,0.00522019687696852,-0.0579752298359786,0.0280836809349024,0.130458914166777,-0.0402404220167399,-0.00258224076481133,-0.0942649670307294,0.0617843020627869,0.197709132817966,-0.0259136571057356,0.00512982690336946,0.0313827738744274,-0.0132114154848839,-0.0634934293194182,-0.0270792451410416,0.103665560855399,-0.0218469923233964,0.0864319596288794,-0.0288544363858621,-0.127105168312947,0.00031813886153163,-0.0580332675767395,0.0180198479794339,0.0318529333672617
"SRR7811363",-0.0646041742441929,0.101470676697393,0.136333988382529,-0.0146763589150371,-0.0164671555013856,-0.00347442505458104,-0.0554213060211325,-0.0330135119902646,-0.0339679674881429,-0.0205697923799756,0.0191718865968991,0.033463864395966,0.105471036256188,0.0467805947408304,0.00576109570936648,-0.0620931793275789,-0.00391775214057964,0.106519005981497,-0.0436831365384764,0.0481620604820954,-0.00892908366477361,-0.00571066316981132,-0.0837405974711513,0.0376749738950593,0.0783255019837084,-0.0285610017819052,-0.00966273532694556,-0.0598104545776384,0.106569072325434,0.199690571272038,0.0152503825908436,-0.00567440330080013,-0.00407903344840281,-0.035350858462686,-0.0379028611393469,-0.0468897158266307,0.1386954957961,-0.00438404262051727,0.0151614324480942,-0.0815396297236792,-0.104319864260555,-0.00638325305995197,-0.0593567593577301,0.0185297272936871,0.0629236406559212
"SRR7811364",0.0237724163989959,-0.0327052381743154,-0.0373293578308907,-0.0178609627223068,-0.0243758229465358,-0.0139929705513119,-0.00847251915026517,-0.0741187044057792,-0.0122332363636484,-0.0486372841897903,0.0464374974470949,0.0527749862739623,-0.0431563869355078,-0.0455367883693003,0.00499734740770909,0.000161354519536096,-0.0196551782174035,-0.0220662900363109,-0.012277810551423,-0.0534612713881479,-0.0203212456622644,-0.00613689746149062,-0.00351408505276105,-0.047937578444371,-0.0342615300531444,-0.00800975520156302,-0.012811659719958,0.0746176188763844,-0.00937547981850762,-0.0241441752602161,-0.0311322576158934,-0.0252741041273404,-0.026584411890917,-0.0163321367291534,0.00259283625538718,-0.0273980038072966,0.00206890028815034,-0.0276820299884305,-0.0132459069462547,-0.0483883692301185,0.068538239699671,-0.0232541427673709,-0.0228064317219724,-0.0203141710688102,0.044119143693469
"SRR7811365",-0.0699650514760908,0.103637771232209,0.137476383211282,-0.0149978960031068,-0.0293801357604094,-0.0088978458725182,-0.0666778722572268,-0.0235971789083037,-0.0332794015342917,-0.0113085021636441,0.0213644152740621,0.0719090731860295,0.10373570765261,0.0554880463518946,-0.0256884453266449,-0.0594915321731811,-0.0116430297360008,0.094387622601475,-0.038110414661329,0.0595456657484721,-0.0190368779659432,0.000217793079495047,-0.0818991797767658,0.0410609596455579,0.0697001627896494,-0.0273505721362059,-0.0107912135654308,-0.0651090299613385,0.0924713842952975,0.167370569729506,0.0126222976461597,-0.014427190709303,0.00585617805366292,-0.0310167353455204,-0.036800400765116,-0.0389669173036616,0.13696581990149,-0.00853757995502026,0.0171863177387912,-0.0714010990823855,-0.107976926693622,-0.00996726127392636,-0.0540893536525647,0.0203692101466786,0.0624631606226416
"SRR7811366",-0.0669567571263739,0.0635320621369799,0.138954275897271,0.00621878904013161,-0.017340340936854,-0.00213461287243703,-0.0803457823828493,-0.0355274561262189,0.009524838764895,0.0305925988724176,0.00918646110842009,0.000537350460852822,0.095465278806653,0.0416407324652032,-0.0183569635169308,0.0151883565875061,0.000948638379767999,0.161326310348378,-0.0398087148075442,0.048571698961655,-0.0108116686694406,0.0103938735932212,-0.0656158567728321,0.0319767731184803,0.111764561630507,-0.0371772422665183,-0.00553902176230951,-0.0784217973531281,0.0744418556809742,0.223151587742919,-0.0277896106293239,-0.00433669204400882,0.0200696030387399,-0.0239538053788419,-0.0499009666185583,-0.048304538993221,0.124783680694589,-0.0210010644819974,0.0638944184631829,-0.0560906903341025,-0.11895104140673,-0.00730904336148927,-0.0577185716316663,0.0174985268172012,0.0301742461247719
"SRR3124722",0.0379734530775621,-0.0196433186947267,-0.0308431584780827,-0.0260133542638881,-0.0256484358464689,-0.0143499736567288,0.01000443783448,-0.089926968783946,-0.0385701107293857,-0.0718301647392381,0.0521550666798273,0.0688235170595106,-0.0393376735844222,-0.0308023834965861,0.0132891621335934,-0.121452044544484,-0.0199908757483583,-0.0351702071240513,-0.0524556228785699,-0.070962817653564,-0.0203212456622644,-0.0818565080338348,-0.0258071680128634,-0.0670695138364459,-0.0646697014696081,-0.00932670682200097,-0.0147935477483398,0.0802380769693452,-0.0110306678060041,-0.0145391529723135,-0.0188273539676506,-0.025192196675212,-0.0393672998923886,-0.0365442165452201,-0.0141177692581265,-0.0339997142378313,0.00827211635581432,-0.0129648480952436,-0.0592598590431621,-0.0718230079165571,0.0638929000317462,-0.0264346853625716,-0.0492499071484706,-0.0280258745723293,0.0171452005078098
"SRR3124724",0.0145982143671167,-0.054535634441229,-0.0402885213179011,-0.00443802513008133,-0.0195426454098905,-0.0144138948078781,-0.0833197663068851,-0.0459673514732717,0.0594770866066332,0.0558828503511949,0.0360653229152499,0.00904429022264119,-0.0448666390106892,0.00256232998842355,0.0173866546487468,-0.0286435358432617,-0.0154166199041936,-0.00469404544463662,-0.0150590600760585,-0.0537428538000349,-0.018967371894556,-0.0527707173984251,0.0541717757950506,-0.0853615812174577,-0.00499531338623432,-0.0327679523463532,-0.013725832950967,0.0285953566798798,-0.0984698468773993,-0.0131497041820127,-0.0479730358592369,-0.0234083663411314,0.019697131894682,-0.0241356032690255,-0.0135378670720321,-0.0393181176431479,-0.0780336268418964,-0.0290820421415556,0.0428075026383645,0.0241200259838618,0.0106029542795671,-0.0223820170355359,-0.0565653708711235,0.0092519103605154,-0.136694552103533
"SRR3124726",0.0365201262009162,-0.0237276823197605,-0.029034471594844,-0.0155918780069496,-0.0198550589985389,-0.0160115738802078,0.00166492659807459,-0.0933723823200349,-0.0403906711449876,-0.0735037835670175,0.0447423026953208,0.0799201621165298,-0.0393017216130206,-0.0171166435780265,0.0155950866138323,-0.0429687494283163,-0.0213109159924226,-0.0303281842241101,-0.0418336134755367,-0.0682007229275709,-0.014679269556758,-0.0369178804520109,-0.0281499017433133,-0.0590073111759414,-0.0652501031406162,0.00198554244975601,-0.0138187062794745,0.0675408405969241,-0.000796691468585408,-0.014876789041189,-0.0285739244885456,-0.0262296284135224,-0.0225246874659462,-0.0129885881527686,-0.0261806362077454,-0.0254872876453966,0.0168919549700156,-0.0239298225308696,-0.0654986697268221,-0.0777517388207379,0.0649941662389046,-0.0243017116608519,-0.0481385100825422,-0.0345612197601653,0.0583676686111992
"SRR3124729",0.0380787979935029,-0.0415204819049637,-0.0358960728675769,-0.00294006117632238,-0.0197808581220779,-0.0157899471209441,-0.0636873147890678,-0.0675543570723298,0.00374418431731664,-0.016481220486623,0.0179504634920437,0.0374316343002214,-0.0454382854314317,0.0526500891839691,0.0288815389786693,-0.0102379682982487,-0.0169886292928999,-0.0277981530969259,0.0142308644129276,-0.0695298668585241,-0.0177793918566693,-0.0113235465955558,0.0197615523412686,-0.0876393549902461,-0.0509509956067128,0.00558066733173483,-0.0138137038249791,0.0199416657611742,-0.0778654829092499,-0.0177603001052262,-0.0376412220899313,-0.0232471116356353,0.00667859798370454,-0.0245411185481895,-0.0394504746998011,-0.0344475935285706,-0.0530194945792054,-0.024134666797417,-0.020571866555396,-0.0263122633296387,0.0299171115500671,-0.023277850231766,-0.0718314187945968,-0.025007625932762,-0.0885520470234953
"SRR3124731",0.0277211341778427,-0.0554295053767787,-0.0391275082359049,-0.000702384520169737,-0.0171409254295863,-0.0142542509821897,-0.0826616455380276,-0.0463148300547587,0.047024371371976,0.0494134552959094,0.0233434661431988,0.000787554163948352,-0.0443841392517711,0.0015712460686824,0.0458529982477397,-0.0401713401296582,-0.0142940743462904,-0.0060940277253628,-0.0296553374632137,-0.0606491848690056,-0.0175509918097181,-0.0707843670738464,0.0435743603498172,-0.0909408483181017,-0.00987949966170887,-0.0244107782327848,-0.0104873403529251,0.0193202675581388,-0.108185628078968,-0.0117769652052314,-0.0465971950237301,-0.0173796662655724,0.0233820048666497,-0.0200252545269483,-0.0233034423726026,-0.039229111029856,-0.0884671592141216,-0.0291901841805302,0.0224504915382993,0.0191670738652661,0.0127550058909895,-0.0208755187288529,-0.0693967969359259,-0.00232848578054099,-0.17165903846098
"SRR3124735",-0.0646041742441929,0.101470676697393,0.136333988382529,-0.0146763589150371,-0.0164671555013856,-0.00347442505458104,-0.0554213060211325,-0.0330135119902646,-0.0339679674881429,-0.0205697923799756,0.0191718865968991,0.033463864395966,0.105471036256188,0.0467805947408304,0.00576109570936649,-0.0620931793275789,-0.00391775214057964,0.106519005981497,-0.0436831365384764,0.0481620604820954,-0.00892908366477361,-0.00571066316981132,-0.0837405974711513,0.0376749738950593,0.0783255019837084,-0.0285610017819052,-0.00966273532694556,-0.0598104545776384,0.106569072325434,0.199690571272038,0.0152503825908436,-0.00567440330080013,-0.00407903344840281,-0.035350858462686,-0.0379028611393469,-0.0468897158266307,0.1386954957961,-0.00438404262051727,0.0151614324480942,-0.0815396297236792,-0.104319864260555,-0.00638325305995197,-0.0593567593577301,0.0185297272936871,0.0629236406559212
"SRR3124737",-0.0669567571263739,0.0635320621369799,0.138954275897271,0.00621878904013161,-0.017340340936854,-0.00213461287243703,-0.0803457823828493,-0.0355274561262189,0.009524838764895,0.0305925988724176,0.00918646110842009,0.000537350460852822,0.095465278806653,0.0416407324652032,-0.0183569635169308,0.0151883565875061,0.000948638379767999,0.161326310348378,-0.0398087148075442,0.048571698961655,-0.0108116686694406,0.0103938735932212,-0.0656158567728321,0.0319767731184803,0.111764561630507,-0.0371772422665183,-0.00553902176230951,-0.0784217973531281,0.0744418556809742,0.223151587742919,-0.0277896106293239,-0.00433669204400882,0.0200696030387399,-0.0239538053788419,-0.0499009666185583,-0.048304538993221,0.124783680694589,-0.0210010644819974,0.0638944184631829,-0.0560906903341025,-0.11895104140673,-0.00730904336148927,-0.0577185716316663,0.0174985268172012,0.0301742461247719
"SRR3124740",-0.064262959413714,0.0407567218073368,0.134479128263725,0.0179006261494026,-0.0136358917532689,-0.0059292757677567,-0.0744181508328647,-0.0476223177449762,0.0263871079071476,0.0568801290570462,0.00553078828923435,-0.0498006234864695,0.0756710452540653,0.0421494403894179,-0.0128539753049199,-0.0122186600451598,-0.00300773242115024,0.186406814671465,-0.0513175060350296,0.0371048358490214,-0.00732341641312192,-0.0189023281906091,-0.063273138277229,0.0177705879852546,0.11826601730245,-0.0439622733367693,-0.0115293102384409,-0.0871961119158896,0.0588453563605216,0.184221259656152,-0.0437778395411906,-0.00299906841068567,0.0506006344910832,-0.0235305591451779,-0.0630388602882843,-0.0362283583048209,0.112187401934615,-0.0150617279221049,0.0740809262252241,-0.0376869343661249,-0.123818429519304,-0.00377719262318193,-0.0657941565759547,0.0121983644004267,0.00960208225419579
"SRR3124742",0.0237724163989959,-0.0327052381743154,-0.0373293578308907,-0.0178609627223068,-0.0243758229465358,-0.0139929705513119,-0.00847251915026517,-0.0741187044057792,-0.0122332363636484,-0.0486372841897903,0.0464374974470949,0.0527749862739623,-0.0431563869355078,-0.0455367883693003,0.00499734740770908,0.000161354519536096,-0.0196551782174035,-0.0220662900363109,-0.012277810551423,-0.0534612713881479,-0.0203212456622644,-0.00613689746149062,-0.00351408505276105,-0.047937578444371,-0.0342615300531444,-0.00800975520156302,-0.012811659719958,0.0746176188763844,-0.00937547981850762,-0.0241441752602161,-0.0311322576158934,-0.0252741041273404,-0.026584411890917,-0.0163321367291534,0.00259283625538718,-0.0273980038072966,0.00206890028815034,-0.0276820299884305,-0.0132459069462547,-0.0483883692301185,0.068538239699671,-0.0232541427673709,-0.0228064317219724,-0.0203141710688102,0.044119143693469
"SRR3124743",-0.0663084761160393,0.0646276865952028,0.132022753323173,0.0012752425882553,-0.0160071518440874,-0.00853396674804263,-0.0785707868625549,-0.0252408583367365,0.00533957526707995,0.0299093286166033,0.011007326029246,-0.001002451668753,0.0996822092306228,0.0429446720895527,-0.0101530888656041,0.00867864692725948,-0.00592609547006181,0.143610332649728,-0.0352559211693142,0.0534372995656959,-0.0135896657047681,0.00559402688905395,-0.0626257458658305,0.0337531986322274,0.0992768803575071,-0.0380683567838004,-0.0138410499973518,-0.0754152276016022,0.0606820758941795,0.20447305896473,-0.0222623114205513,-0.00761407544682751,0.0260259572154872,-0.0278979639173411,-0.0424428489725254,-0.0505725233443977,0.120961290489632,-0.0137506433346552,0.0524137780793136,-0.0494003308555452,-0.117085024233035,-0.0123347702779041,-0.0563797390641262,0.021120500061453,0.0131902484366316
"SRR3124745",-0.0714036315918151,0.0557593173784385,0.139688210986558,0.0317000011861671,-0.00375703204329999,0.00197855005782312,-0.0728539106262089,-0.0285551731168382,0.0271588862339401,0.0585569819055673,0.00327505899117737,-0.0284433162356661,0.0811695540855892,0.0526059465225101,0.0131851439392396,0.00801433680564948,0.0038581371057795,0.194129046341807,-0.0369167161317979,0.0482404930871574,-0.003061362888586,0.00522019687696852,-0.0579752298359786,0.0280836809349024,0.130458914166777,-0.0402404220167399,-0.00258224076481133,-0.0942649670307294,0.0617843020627869,0.197709132817966,-0.0259136571057356,0.00512982690336946,0.0313827738744274,-0.0132114154848839,-0.0634934293194182,-0.0270792451410416,0.103665560855399,-0.0218469923233964,0.0864319596288794,-0.0288544363858621,-0.127105168312947,0.00031813886153163,-0.0580332675767395,0.0180198479794339,0.0318529333672617
"SRR3124747",0.0261127588281912,-0.0491336543124558,-0.0403559923985682,0.00166387932086156,-0.0205736011512775,-0.0152341985579656,-0.0731819498967509,-0.0418309206002934,0.0348366942946506,0.0214959766934441,0.0163054526340402,0.0162467013858464,-0.0500320003612503,0.050105184229444,0.0246796931855596,-0.0189412593104121,-0.018722302296387,-0.0299426113677508,0.0554816589340159,-0.0565742726020046,-0.0203212456622644,-0.0269830552823603,0.055559663061444,-0.0851317093027302,-0.0377856854451411,-0.0103569449702788,-0.0148482138850001,0.0140368802600157,-0.0961823579950072,-0.0177021462020257,-0.0420021176216174,-0.0209233064935822,0.0335124056815621,-0.0211647452171426,-0.024499856010641,-0.0363326534445639,-0.0726554483250294,-0.0294872709324963,0.0139753606636882,0.0182128351889661,0.0156373597176304,-0.0241720119722932,-0.0619249936775167,-0.00722073448075463,-0.124484083943874
"SRR3124748",-0.0699650514760908,0.103637771232209,0.137476383211282,-0.0149978960031068,-0.0293801357604094,-0.0088978458725182,-0.0666778722572268,-0.0235971789083037,-0.0332794015342917,-0.0113085021636441,0.0213644152740621,0.0719090731860295,0.10373570765261,0.0554880463518946,-0.0256884453266449,-0.0594915321731811,-0.0116430297360008,0.094387622601475,-0.038110414661329,0.0595456657484721,-0.0190368779659432,0.000217793079495047,-0.0818991797767658,0.0410609596455579,0.0697001627896494,-0.0273505721362059,-0.0107912135654308,-0.0651090299613385,0.0924713842952975,0.167370569729506,0.0126222976461597,-0.014427190709303,0.00585617805366292,-0.0310167353455204,-0.036800400765116,-0.0389669173036616,0.13696581990149,-0.00853757995502026,0.0171863177387912,-0.0714010990823855,-0.107976926693622,-0.00996726127392636,-0.0540893536525647,0.0203692101466786,0.0624631606226416
"SRR3124750",-0.0798454473589879,0.0727553556637462,0.122436004152405,0.00120407084081518,-0.0197548581790063,-0.00958936883497622,-0.0779760181990268,0.0140561781854586,0.0248944640543149,0.04848610704682,0.00859887944919394,-0.0126087368603277,0.078898037471891,0.0478464008366196,-0.00967163744500727,0.0480850805740758,-0.01185986602495,0.12455592346802,0.0142761497933398,0.0672946845530895,-0.0128268977200779,0.0559514129564243,-0.0486844861170932,0.0393012098287081,0.102392395574182,-0.0232610839139916,-0.00565251510349347,-0.0982176779936643,0.0672697200988442,0.0927086397002728,0.0161689290369148,-0.0133632559523106,-0.00744419505633182,-0.0319282500358481,-0.0486455221618053,-0.0415144684578338,0.120865993272856,-0.0155199739409425,0.0686322668284114,0.000525452637768051,-0.125869206000178,-0.0161980042115221,-0.0440098765131529,0.0287286868288288,0.0516019691023598
"SRR3124752",-0.0652250094024492,0.0539317723456191,0.134552640742099,0.0132427782239946,-0.00901057001357846,-0.00467741287176102,-0.069225827902561,-0.0410736320096075,0.0196137171059946,0.0370841348422197,0.0047436393111649,-0.0343395724174218,0.0806939987628285,0.0494067843002626,0.000419664334246411,0.00772949919428557,-0.00192047705207381,0.176630557953907,-0.0542245914917856,0.040411221659464,-0.00333173044541679,0.00541392637452293,-0.0701210315001508,0.0235745196348796,0.124398809173505,-0.0377462239963497,-0.0123336901148997,-0.0779932442192999,0.0872605902415601,0.190058559675365,-0.0293353963629233,-0.00307241075102172,0.0183053921538771,-0.0183392964046534,-0.0639203940520544,-0.0384004685480768,0.115134145417199,-0.0127307506559338,0.0764611540345562,-0.0499819873368866,-0.114697599801324,-0.00531309930399863,-0.0663891498326356,0.0126255359927906,0.0449084839562308
"SRR3124754",0.029400985151852,-0.0230836943475064,-0.0316295738280072,-0.0199212737981003,-0.0206421042729433,-0.0145290139427233,0.00974283379004529,-0.0858680853936381,-0.042090603462246,-0.0748669690475527,0.0571632134446917,0.0686169395617459,-0.0390216391272059,-0.0197760773662729,0.00291384999550151,-0.0186565210421108,-0.0170308952056774,-0.0352033938690991,-0.0240211850006406,-0.0564426681530851,-0.0185542292159506,-0.0191641745991729,-0.0222189002756564,-0.0524351697307093,-0.0613750703962283,-0.000310269163485284,-0.0143966759739403,0.0770586393083121,0.00625598059772097,-0.0164422273712522,-0.0274307917077788,-0.0244518353049051,-0.00998014525883829,-0.0122611318052974,-0.0130312435757556,-0.0237238974108035,0.0172771901400948,-0.0232222947805789,-0.0585892418501472,-0.0706462996757502,0.069857863342864,-0.0215529419120376,-0.0306332295256152,-0.030659684265499,0.0464531678256985
"SRR3124756",-0.00168585959886095,-0.0288040901172589,-0.034861751453754,-0.0259977610953873,-0.0243129419604359,-0.0115048783552212,-0.0107168165288309,-0.0502448192501986,0.0131703611473125,-0.002111330761814,0.064452585467691,0.0144494813832435,-0.0412330997947133,-0.0680307560717634,0.0077949795935653,-0.128446166147802,-0.021801534792041,-0.0308665911179402,0.0567843853811892,-0.0352204768228037,-0.0108109034077825,-0.110531732421661,0.0357563627271949,-0.0507904780457805,-0.0346183334741773,-0.0425837523469428,-0.0131621680373532,0.0741257214789051,-0.0303801230608656,-0.0108514889572274,-0.0212487487274978,-0.025093722189339,-0.0105377627480722,-0.0238538674667094,0.0304483694659548,-0.0405378275665201,0.0061683215247324,-0.0143831121261971,0.00691094192663961,-0.00483786364558232,0.0351585303554833,-0.022612301843779,-0.0200301889560315,0.0198717948881484,0.0268780674005499
"SRR3124759",0.0163089526107598,-0.0247724046694138,-0.0376127285114212,-0.025394218969257,-0.0257632531296459,-0.0125782572732688,-0.00793160813643546,-0.0769866197208694,-0.00616463780509617,-0.0247650688298866,0.0709504109560528,0.0466686211013983,-0.0413125191693446,-0.0477268259394721,0.0107429683663251,-0.11919440377762,-0.0169732155002845,-0.0154274365780504,-0.0277380600522676,-0.0504203408313835,-0.0189261555200382,-0.0886467611998336,0.00151223741678859,-0.0557092783117911,-0.00948457639405798,-0.0363877989327345,-0.0141928975467362,0.105340281278016,-0.0187911809560439,-0.0138062834995037,-0.0200016517137976,-0.0285305091010411,-0.0207127786068139,-0.0273931085544657,0.0182263145081402,-0.0334935140907812,-0.0133904148029304,-0.0122385519020228,-0.00564681762584807,-0.0427333328559486,0.0572011769300286,-0.027764258123237,-0.0301570930429151,-0.000707297434943251,-0.00241870977171563
"SRR3124761",0.0242049476976881,-0.0225515134229679,-0.0316323443357829,-0.0255603976125923,-0.0229297226644414,-0.0165176190301636,0.0150342327680939,-0.0955057225926493,-0.0401860944280593,-0.0758300125690398,0.0613078004165057,0.0545422588198996,-0.0391409974779121,-0.0229050230242041,-0.0069970931626639,-0.00910656750789258,-0.0201997987070246,-0.03788249293779,-0.0216734370133164,-0.051374719421132,-0.0189875956661927,-0.0105646291737331,-0.0242821693180761,-0.051720199810611,-0.06646206774955,-0.0071703624937213,-0.0110209935980788,0.0812935021921652,0.0109953030105605,-0.020137439059072,-0.0278701629622029,-0.0275273510601576,-0.0204380552066651,-0.01521909468111,-0.00725117496887276,-0.0302671235976585,0.0221330329570114,-0.0185780856304626,-0.0567549709865824,-0.0738223809485392,0.070453454831106,-0.0261850592088941,-0.0267044474480761,-0.0271419681371698,0.0606723255837821
"SRR3124764",0.0170042128051655,-0.0346176100177289,-0.0426071581685101,-0.0227371347972487,-0.0242954769004197,-0.0158080628413482,-0.0218001475928844,-0.0503408066959284,-0.00346196636489127,-0.0198238209587237,0.0632153616875906,0.0335984728348257,-0.0399164826187275,-0.0949140162810271,0.00969565642702598,-0.150592662339142,-0.0172524378045517,-0.0298571753600756,-0.023022207766989,-0.0528450635802538,-0.0203212456622644,-0.13756861677072,0.0132733327153847,-0.0571162259162439,-0.0442855360045921,-0.0390464965453422,-0.0149591230102654,0.0904396953813266,-0.04289705590745,-0.0166482038810506,-0.0237370550503303,-0.0245596416726279,-0.0273013149751695,-0.0349867670286812,0.0418250852821724,-0.0418419380570098,-0.0217956983693191,-0.0120542991687266,-0.0261064121122286,-0.02292947123449,0.0477312173838143,-0.0175741472084258,-0.0154422252180884,0.00875020073839268,-0.0179964427556938
"SRR3124766",0.028981886365215,-0.0326563972825931,-0.0435834142470484,-0.0251806258378854,-0.0187176169369878,-0.0123746297663625,-0.0264501047460481,-0.058790588885367,-0.00872012639961996,-0.0172803350871388,0.0719773602587492,0.0790757049595655,-0.0406163618724793,-0.0609607799965057,0.018938410212035,-0.165389639850812,-0.0162608852799844,-0.0230655619683662,-0.0583176631438579,-0.0643349771260517,-0.0189099310894836,-0.140973869145716,-0.000542373830350398,-0.0729527703871675,-0.0235045224934911,-0.0366892927990202,-0.0131720351092052,0.104841203488914,-0.0547490703594275,-0.0164487905718971,-0.0228187410742079,-0.0218329439515986,-0.00461692035713756,-0.0311546889641418,0.0271125711386741,-0.0328859459565054,-0.0274937067532583,-0.0141185399659809,-0.0236448866296949,-0.0350666264074349,0.0547034333795383,-0.0218640660051833,-0.0329736401606851,0.000949284687348154,-0.0934709370053212
"SRR3124767",0.0242995085791381,-0.0243541446478038,-0.0335041946042532,-0.0289819632672382,-0.0265499526498265,-0.0167731821916101,0.0156061387780738,-0.0947940276575756,-0.0402969336720242,-0.0771130887760579,0.0590219802655501,0.0600376297022063,-0.0403903960825019,-0.0272343696699782,-0.00913483834969382,-0.0145521534864044,-0.0211676714987653,-0.0368981042564686,-0.0295393394766805,-0.0539965667687805,-0.0184078642929384,-0.0149493259985131,-0.0280187579329701,-0.0504368098247412,-0.0627136487837451,-0.0116987851808591,-0.0169325720025783,0.0795525270956769,0.0105358356768109,-0.0215493895087671,-0.0285194876741689,-0.0293124842259477,-0.0182042888862316,-0.017301352920944,-0.00554792300034578,-0.0300126605154067,0.0198202235992864,-0.0163359189125638,-0.0625834508132605,-0.0748660618246393,0.0712466882201561,-0.024727020089149,-0.0280280888700812,-0.0257544186323545,0.0567016764188496
"SRR3124769",0.00663524000809626,-0.0423772601346684,-0.0276546428699266,-0.00378127483658899,-0.0197145776813637,-0.0145153317215151,-0.0785390558335061,-0.0458896061981114,0.0798633650658661,0.0837274049921535,0.031163160940704,-0.00520793078597597,-0.0458145387730945,-0.0032606428794324,0.0397405822463711,-0.112143097118906,-0.0150425852547216,0.0423293963086468,0.010643617293267,-0.0466467869400856,-0.0184548571344558,-0.0895945016782771,0.0595244205622014,-0.0924061959601824,0.0482184258250211,-0.0353316709542887,-0.0124852491215733,0.0198227062558454,-0.0965531525932675,-0.00334992054017449,-0.0341985265364482,-0.0208317217620877,0.00407075664356621,-0.0361252023988796,-0.0261163022720355,-0.0366331998868315,-0.0633007255384501,-0.0181528449538628,0.091295249735823,0.0383808058214345,-0.000941526807850453,-0.0225400326110955,-0.0739455648779692,0.0179380087410691,-0.118923707835198
"SRR3124770",0.0106473725331162,-0.0291420613227829,-0.0340456456466595,-0.0261980818882216,-0.0239250904527409,-0.0150996812973726,-0.0100047291882056,-0.0621759598625644,-0.00436073666426852,-0.0227033428810373,0.064857550928589,0.0365222976107316,-0.0405139229994036,-0.0612918691752321,0.00581620151601807,-0.140460489606812,-0.0196863841115992,-0.0261578945198584,0.0175605877174774,-0.0468655873932363,-0.0203212456622644,-0.121585697854446,0.0140891409493331,-0.0640553710694871,-0.0405124742738079,-0.0361641943458269,-0.0135582625812273,0.0797983262055159,-0.0281848095208215,-0.00975741413966031,-0.0216497792247926,-0.0254336324674505,-0.0213643527907076,-0.0370131393196815,0.0226049471952894,-0.0380933670245018,0.00379728133006237,-0.0221925888960672,-0.0165292390418722,-0.0279206663027147,0.0426778947199157,-0.0211610646071189,-0.0318592051895939,0.00607334083824865,0.0122728411397543
"SRR3124772",0.0174776344971717,-0.0231306038315438,-0.0382087235233148,-0.0247127957223195,-0.0279508439157689,-0.0159799224260318,-0.00495281276419769,-0.0743375520395898,-0.0143874272043096,-0.0308007221672851,0.0723277486921015,0.0499089199240958,-0.0404117817781802,-0.0367103083261544,0.0118011962813914,-0.126576803484666,-0.0158150617536725,-0.0289390380549478,-0.0340433858771357,-0.0505573043728135,-0.0156247681154936,-0.0888930921046251,-0.0027777764466453,-0.0575066685198314,-0.0263240578715735,-0.0359093381224472,-0.0131395516009841,0.104890837537289,-0.0175035907736609,-0.0192673966921491,-0.0190669704116334,-0.0269418578962916,-0.0145144705370601,-0.0284621519299282,0.0189470598905188,-0.0329570415277615,-0.0136864688859702,-0.00755970361595503,-0.0200569450602498,-0.0445377636237365,0.0587028261474402,-0.0275432472593232,-0.0278366674969506,-0.000710168717566264,0.0126293689570581
"SRR3124775",-0.0653174356146862,0.0829627683030572,0.132954533027006,-0.0182690543179268,-0.0226180183830892,-0.00658223113719141,-0.0677140784759541,-0.0130428716163022,-0.0237260002917906,-0.00531627791784857,0.0285353369629858,0.0162456868393179,0.105543210163453,0.0453786453705333,-0.0238675836622155,-0.0700820209245763,-0.0117217009390461,0.0973041382194987,-0.0394968106421949,0.0614047016962065,-0.0170667943750349,-0.0226416983414818,-0.072686239992948,0.0376074958777486,0.0758521159629095,-0.0394329950151479,-0.0100978232502302,-0.0552446298909956,0.0818376326935062,0.196557163010073,-0.00645527057683599,-0.00820949582878561,0.024488466386795,-0.0278958137757563,-0.0202187423053511,-0.0438999552415159,0.141749875019531,0.00607687976267255,0.0215185172971364,-0.0658871023691869,-0.103254378912851,-0.0140145059047425,-0.0302192562899022,0.0241297863971376,0.0326870625978587
"SRR3124986",-0.0743445424812488,0.0559053665461419,0.122402786612661,0.00312927140593065,-0.0174541152513351,-0.00413012735613537,-0.0833935797044678,0.0012042026274972,0.0369607002913279,0.0585671423202426,0.0152979424391831,0.0066544762645719,0.0766206856351388,0.0356323448793171,0.000263317762261835,0.0509632402885284,-0.0141579403271005,0.156817156160456,-0.0191331531620103,0.0599431217512436,-0.0126874858866616,0.0511100649760757,-0.0584777743291528,0.0318765251397415,0.129365268559885,-0.0403506150227119,-0.0120241044082993,-0.0795754321711261,0.0715339362268403,0.113583295868803,-0.01911890887801,-0.01145986889622,-0.0274447499880246,-0.0259573572505983,-0.0401558100957947,-0.0511495075465383,0.131900161818609,-0.0206119930341519,0.0919071916294357,-0.00347390524203374,-0.120620147309936,-0.00827689894619787,-0.0357362569846971,0.0265162558477526,0.0428678664604721
"SRR3124987",-0.0734140199776981,0.0784930609133624,0.127856755949953,-0.0112659137853148,-0.0221734102516763,-0.00329553376766123,-0.069987336221369,-0.0128930018076674,-0.0188565447758792,-0.001178360241098,0.0227564099126344,0.0307368008385056,0.106334911774928,0.035185447616623,-0.0193367388329821,0.0223710924969648,-0.0100787506478838,0.0794846886836452,-0.0487979132959661,0.0731848720612608,-0.0141498343472214,0.0280538180796186,-0.0668468218775655,0.0532074241597309,0.061054588344242,-0.0402813836990676,-0.00989333861106921,-0.0605049293100905,0.0862777439070811,0.209729078896211,-0.00944567802675934,-0.00926313425477285,-0.00341848711838018,-0.0225199498137031,-0.00633975358268087,-0.0501942541244701,0.131789300921142,-0.00945483367003974,0.0127511588914371,-0.0562007112858271,-0.102619337076513,-0.0168605287855537,-0.0171148836570749,0.0307168926053512,0.0513801170768773
"SRR3124990",-0.0695273453326164,0.0823378427123552,0.139595023649243,0.0039790761971667,-0.0194866058983561,-0.0019187762671934,-0.0590426198198009,-0.0280263360571521,-0.0256987246681621,-0.00739653215089468,0.0245165105925698,0.0346876857021513,0.0986494290893982,0.0563903962049955,0.00013908289738577,-0.0251047241280033,-0.00878193085555307,0.133838167353426,-0.0478819218966993,0.0601024839333627,-0.0119325078015075,0.0231809324738183,-0.0872710312760433,0.0395045992145874,0.0958740065666964,-0.0393017857371107,-0.0126952716256165,-0.0599518429741152,0.0979238282293771,0.22131923989026,-0.0120208588731647,-0.00709654388586996,-0.0385478522629304,-0.0382316483524951,-0.030719919146046,-0.0569237286312714,0.130815864105419,0.00345870789982468,0.0333215161796966,-0.0757523898719693,-0.10604113865639,-0.00340962415594405,-0.037273200246704,0.0216265751532583,0.056309920813504
"SRR3124992",-0.0746729610909773,0.0633600475809038,0.126844315488576,-0.0104426266900667,-0.0239261173659992,-0.00798345203835251,-0.0851602021256781,0.0157498983539864,0.0359152704741397,0.0709295909330248,0.0195482314957415,-0.00891609278046219,0.0829565170344603,0.0317886678463969,-0.0199440595100536,-0.0535347350583088,-0.0150683476506102,0.158413874711914,-0.00339441991629452,0.0700499995919914,-0.0137905407878911,-0.0046619700741132,-0.0564123605832769,0.0330822949691279,0.130544513675509,-0.0448373325283207,-0.00413956072466559,-0.0745139276088696,0.0558487232781766,0.133533842967282,-0.00389494389863285,-0.00803824809377861,0.0102203349265264,-0.0381412265543292,-0.0298383921286314,-0.045391211230611,0.124786923296206,-0.0058595009718552,0.0958255946213627,0.00666465323049121,-0.125160648569213,-0.0129993456620398,-0.0307160133024149,0.0337814479742693,0.0252393275157152
"SRR3124994",-0.0692894497181899,0.0553671951795553,0.133896231896438,-0.000956910326920429,-0.0184005095458844,-0.00634347875887431,-0.0732952809839338,-0.0347097227290224,0.00516700180270927,0.0198265325470128,0.0167803380596392,0.0263145577011175,0.0921030530975764,0.0302808860104204,-0.0280585946161072,0.0311274689943139,-0.00647124355632051,0.146777478071014,-0.0523130752071741,0.0614851670774447,-0.00890322814895861,0.0258232467501569,-0.0701890640500647,0.0441186473733846,0.103168189866726,-0.0511639988702767,-0.00958026596574714,-0.0628292388760237,0.0861379014844813,0.227545116115561,-0.0402382103533542,-0.00563564194396511,0.000548441938387613,-0.0180288770722823,-0.0232803351535207,-0.0520849761247842,0.135939111028539,-0.0156185718589071,0.0506123861714353,-0.054902615165756,-0.107480077639584,-0.00875035520297554,-0.0258066944651557,0.0225192749689125,0.0319613114415103
"SRR3124997",-0.0740926285519696,0.0722242807912293,0.141432128845269,0.00148862692715688,-0.0176141468849707,-0.00128159434638502,-0.0649972931094262,-0.0433776747630655,-0.00624437023709608,0.0103947372671804,0.0168670734946946,0.0258446822148528,0.0825537022772812,0.0692131693687589,-0.0208760636189058,0.0539059053531024,-0.00693001346196065,0.160954187786711,-0.0379838144148063,0.0579764596105013,-0.00654290390940467,0.0718023242984721,-0.0844600950646111,0.0435582442502257,0.108601871791292,-0.0314780449723919,-0.0127108187152755,-0.0803107105779014,0.093226926167702,0.191380542872743,-0.0281208634800777,-0.00667635251555509,-0.021473311012154,-0.0174088705897813,-0.0535304489572342,-0.0434962524338682,0.138199712360601,-0.00581573481121848,0.053017127385823,-0.0623964098836569,-0.116949814977712,-0.00677976532690178,-0.0415478179817144,0.0131131793659491,0.0792539635763206
"SRR3124998",-0.0729478654211425,0.0564598210072012,0.133484923510988,-0.000423330474986113,-0.0217679161207886,-0.00800968894996986,-0.0820406932819472,0.00374965255160609,0.0356972766175408,0.0748535367239242,0.0159456316744387,0.0147024836619422,0.0778864566642496,0.0293919651985622,-0.020176163075842,-0.048042728655272,-0.0112990163356606,0.179352637079306,-0.0110712656899096,0.0643395956657095,-0.010300329346179,0.00390550162975671,-0.0659536623959199,0.0314147834981845,0.143359995066608,-0.0471252417057258,-0.0039675661653627,-0.0789852030316651,0.0615990280326021,0.144141857128778,-0.0125207082273229,-0.00923495428277233,-0.0137151039188679,-0.0281328630666981,-0.0394553981820347,-0.0418745518866923,0.138840644920617,-0.00928017251463903,0.102015289835547,-0.000613936089092968,-0.127372926279037,-0.00668218849255188,-0.0416411807969026,0.0288673582395008,0.0266199918314863
"SRR3125002",0.0378495853524186,-0.0308311677300505,-0.0336389127126568,-0.0156480580808254,-0.0220329727139105,-0.0150385894472708,-0.00878332197448944,-0.0944074933591828,-0.0340993452214415,-0.067741137354635,0.0424641303924182,0.0771830772397409,-0.0427485484908823,-0.0232474411252775,0.0120767821232783,-0.0212858395646963,-0.0180842073620992,-0.033583044504229,-0.0485012931567295,-0.072744572153384,-0.00937976118916246,-0.0307412077026166,-0.0186561815230286,-0.0689855785240222,-0.0700686392719863,-4.62775304357057e-05,-0.0151674107997107,0.0665864653199164,-0.0127281130486431,-0.0195621729503389,-0.0331108293806998,-0.0258004248764041,-0.0131029205995861,-0.0164657398853816,-0.0228402861287353,-0.0281296440085504,-0.0025474582841313,-0.0290063787512083,-0.0584528828222924,-0.0693574293175765,0.0652167038831654,-0.0290848290824126,-0.0477331151206271,-0.0341498022483391,0.0457883751777529
"SRR3125004",-0.0753591277142169,0.073294616771376,0.134527114104653,0.00730770579515854,-0.0232535594842959,-0.00345976230368981,-0.0755263165844797,-0.0243316398215796,-0.00958093055406172,0.0156540133825326,0.0175748202494752,0.0272041587661626,0.0947650666883848,0.0512289837634099,-0.021129559236787,0.0330675939313629,-0.00732434884467113,0.121494407483724,-0.0407536370032555,0.0696990947956632,-0.0119531129011725,0.0438120079663628,-0.0694093912220071,0.0536006007109881,0.0852817559517587,-0.0409616885357195,-0.00713777068737425,-0.0686961371370673,0.0734322391540011,0.233159472295999,-0.0201054985092401,-0.011119030301546,-0.0151031837141348,-0.0191149415564438,-0.0252146597590196,-0.0538604550215137,0.114630135049259,-0.0218686553032559,0.043791360145423,-0.0504159221832174,-0.111912282968837,-0.00965094795291835,-0.0235964043203045,0.0256139350926741,0.0444055241728456
"SRR3125005",0.0308242785062108,-0.0367669850552842,-0.037656351239553,-0.00686340477613681,-0.0207869753589142,-0.0132015189533554,-0.071239934152606,-0.0397409127088114,0.0278447606511282,0.0165814229688267,0.0194608926412532,0.0214406754700922,-0.0470440904526648,0.0423762294612659,0.0290616461355271,-0.116333804876466,-0.0172629320282632,-0.0253791145584792,0.0522474372178514,-0.0617530343690966,-0.0148601903613642,-0.0763116326250321,0.0499518004467968,-0.0903137299652672,-0.0329583886814339,-0.0100621998137257,-0.014787210857277,0.0238433306052669,-0.0987286283562278,-0.0108299683744986,-0.0255678357241815,-0.0213670818767143,0.0348667024043594,-0.0363137255874509,-0.0234064375279494,-0.0316310421571925,-0.0669973894012395,-0.0182471497805677,0.00936876143768452,0.0137710261371208,0.0171701954784832,-0.0241114466834579,-0.070150370671471,-0.00612686713669809,-0.127497742361417
"SRR30310344",0.0250188579465823,-0.0322088079030684,-0.0131907162740037,0.000664501302200564,0.102588338633629,-0.00857094800678986,0.0162867292248097,0.000566801422383727,0.0503278627876006,0.0186385101822053,-0.0722495819335956,0.0485904432774311,-0.0331068982940098,0.000638112970578636,0.0592394853868644,0.0449300194159751,-0.0112234194097313,0.00891077798219286,0.0522625971792491,-0.0467111805295283,-0.00582208682063923,0.0212396574727002,0.0608589798359179,-0.0428032455063403,0.0332328403307926,-0.00379756522046384,-0.0103159354037259,-0.0312102012468358,-0.0117727615834123,-0.0194913749724379,-0.0252950056881262,0.0161569120238352,-0.026634445231133,-0.00615081516381957,-0.00296215519729153,-0.0319886823109207,-0.00989868159469151,-0.0193720263079489,0.0349434436005326,0.024461185233248,-0.00386300160393968,-0.00598250226975706,-0.0250201180327276,0.0104820966918884,-0.0170113663551623
"SRR30310345",0.0264654606895471,-0.0181035518413639,0.0146308002527104,0.0375697409311713,0.108471600616396,0.10232250494599,0.0133774268552406,-0.0367378599965902,0.0420215440666059,0.0211599552998793,-0.0528148679332478,0.070700447484955,-0.0179355453504207,-0.0291665214777143,0.0615045963835808,0.0205926261408676,0.198456683777926,0.107284392045619,-0.0587721181342847,-0.0538441907865025,0.00871079316804922,-0.0174490447084508,-0.010371798978826,-0.037637836537149,0.112702051511568,-0.0214700186372612,0.391438856182493,-0.0160862897414609,0.00353019283406185,0.00156421997923391,-0.0375140268854053,0.161185540138731,-0.00434569107473487,0.101795845490095,-0.0112055456112143,0.0237655776840556,0.127998990486804,-0.00249757097589025,0.0488620905344482,-0.0219829102905378,-0.00291308164263213,0.115514650384189,-0.0249695501183879,-0.011670688467308,-0.0689184879683077
"SRR30310346",0.0331746365901309,-0.000510348402335618,0.0126293808185924,0.00909727895241051,0.217182884368814,0.629512137674501,0.0826387596111951,-0.0285928636639513,0.0159463440630626,-0.00860961542250633,-0.0499185273414355,0.0282344605377661,-0.0108902104868919,-0.0260264107827268,0.102240707515118,0.0359664088794696,0.416900849613139,0.0853313116342965,-0.048758132853336,-0.0622004976878689,0.110480325020753,0.00594974031780917,-0.0138396420619872,-0.0201863372460165,0.0833245299964503,0.00253880958173313,0.602511055763229,-0.00757555748462242,0.0327665076584945,-0.00201890490989708,-0.00852528116392919,0.345886382474732,-0.0928839561870965,-0.00521592802129134,-0.00720575922667951,-0.0226855662581773,0.0933035631940454,0.00375383180611409,0.0113786304998516,-0.0255637702380987,0.0102661621133585,0.131904578997127,-0.0247770082821284,-0.0156473603457333,-0.00367153809540318
"SRR30310347",0.039035774274348,-0.0061536347677098,0.00929099450783013,0.014324286131823,0.199391064075853,0.633477665130797,0.0650830456672873,-0.0310058414942671,0.0141084894257604,-0.009400110404952,-0.0534994321581815,0.040849086767338,-0.00858892827552225,-0.0335670689459681,0.100202247080124,0.0497453055680053,0.479378657846911,0.0884786104770305,-0.058910662880974,-0.0621312215258858,0.094572454942138,0.0102642422502682,-0.017782577197593,-0.0141014849550462,0.0900868457413763,-0.0011285232965188,0.53531133113191,-0.00497560337624854,0.0174495160554646,-0.00282701742800513,-0.0116173324208403,0.283930789218106,-0.124083243708128,0.00722803113764199,-0.000345949401621044,-0.0193037363621996,0.0964451096851173,0.0108584630960138,0.0135356546534471,-0.0324358776172621,0.016074029597893,0.215848306570397,-0.0157402952541075,-0.0182038230238387,-0.032532107332205
"SRR30310348",0.0336009572381965,-0.0105574105012962,0.00950143818736073,0.0228422531631085,0.149319267114136,0.0876104162256524,0.0573578081823512,-0.0547312857899014,0.0201923524311407,-0.0127431495742123,-0.0634640998254625,0.0570688006296324,-0.0202058543788574,-0.0433299049181633,0.0421708480083244,0.036522164452618,0.193588975951401,0.0883800519990366,-0.0579516394054716,-0.0551208169936969,0.0128755066370844,0.00646166514402857,-0.0236012896441813,-0.0281357378732303,0.0994377974602976,-0.00540427665384927,0.0829367236896315,-0.00616459339465445,0.0343507954246945,-0.00592528204860439,-0.0276691773180804,0.15111536937657,-0.0376505688034643,0.107209419839103,-0.0106450024797783,0.025446195565703,0.141270051235114,-0.0102830999826006,0.0300307281147029,-0.045682306769183,0.0212800187674036,0.0545576889972724,-0.0183947422560134,-0.0218657030103223,-0.0144582895900567
"SRR30310349",0.0405096978425903,-0.0201499256265351,-0.00899353460742194,-0.00655311783314643,0.0792120125510053,-0.00886489302221804,0.0663132916896382,-0.0505314967724759,0.00909256015332738,-0.026575627933672,-0.0610970148909184,0.0362700546788704,-0.0266432780503343,-0.0459144799178893,0.0406507940730096,0.0437373619009427,-0.00624456770030177,0.0481388075813681,-0.0474658497696579,-0.0549590536402568,-0.00962520067771952,0.0110217605994617,-0.0122914646253222,-0.0210352633596668,0.0761086140666049,-0.00826726176381605,-0.00989044008997609,0.00765639416873259,0.0139725917045776,-0.014329339863446,-0.0248085637836206,0.0535013815460382,-0.0984777453849991,-0.00810406488238172,0.0085960650982321,-0.0274961611565885,0.0997553823532232,-0.0137172132427345,0.00623533230011188,-0.044380567455375,0.0338650801552025,-0.00866546667311814,-0.0028396245488487,-0.0156262859945424,-0.0317300464644134
"SRR30310350",0.0311628220736608,-0.00534781234046022,0.0122917834166489,0.0249190756570002,0.218968301062328,0.12223579628258,0.0841290385800638,-0.0594811159460071,0.0107462566630044,-0.0308718125375186,-0.0632227693244509,0.0623945467155385,-0.0193047179103128,-0.0190802248944928,0.041235226464606,0.0464318147473729,0.160996732529952,0.0856172154971522,-0.0537547894493865,-0.0519388203882285,0.0297818476582065,0.0294580836463446,-0.0243039191098992,-0.0174495488982499,0.0889948542990711,9.96843261831492e-05,0.227637052175283,-0.00655600628905228,0.0505170308031789,-0.00655286800932956,-0.0248881557496106,0.163162465014427,-0.0367759426838993,0.105417120203694,-0.0143680255497568,0.0297670536283078,0.116353643114368,0.00505016127480845,0.0178476342637615,-0.0497380735069122,0.0235771807430053,0.0309473052180518,-0.003822820700099,-0.0268710025559625,0.0185639341993947
"SRR30310351",0.0174556018059044,-0.0281961862939598,0.00358700659688462,0.0270840850501737,0.110293776066441,0.0445145101374972,-0.0141570561357289,0.0407315156241696,0.0628550254704062,0.0545611607147216,-0.0519906523450675,0.0144939599496875,-0.0169173249459715,-0.0219896544545926,0.0996589220008814,0.0440601037416014,0.182488235678515,0.0587180504267032,0.0198247419520213,-0.0458019481565632,-0.00271930787639233,-0.0109486917233467,0.0461075296525432,-0.0330225207931706,0.0795942322161655,-0.00448093420931729,0.0128761530112073,-0.0376844491036354,-0.0481955964066879,-0.00362839788196047,-0.0169814608087926,0.151735285713887,-0.00446294161283222,0.048304103152097,0.00881208620680243,0.0142838222135273,0.0197442295007509,-0.0076220838763388,0.0453330869722391,0.0452930004589865,-0.0335010569289639,0.157807248689448,-0.0225264373328299,0.0193511534138234,-0.0965003270995377
"SRR30310352",0.0143814693893314,-0.0289713077560748,-0.00625012047146365,0.0336511719933211,0.159893094075467,0.0433696761931087,0.0239502402984954,0.00352164555918319,0.0752841766567251,0.0465367771909836,-0.0521844484986806,0.00849744039515802,-0.028435810226796,-0.0370124353359081,0.0880866659178736,0.054882344058323,0.223238527775614,0.0724925783416095,0.0230212658545417,-0.0425151453312781,0.0272854744857566,0.00520107220875003,0.051408812655094,-0.0280274877381494,0.104450046581812,-0.0164997355555477,0.0175736439552726,-0.0156661448981392,-0.0140233142164411,-0.0143226462695566,-0.02077323025765,0.208561145238765,-0.0244380897627389,0.0932596739837455,0.0114239793344977,0.0250280719730934,0.0230429242339872,-0.00921052824693728,0.0754033537613502,0.0291719556285587,-0.0099315511554369,0.1145070872515,-0.0165799389365934,0.019176978785271,-0.0696129650055757
"SRR30310353",0.0248481732047217,-0.0267978248176284,-0.00856734617718359,0.069886932704842,0.182719518167707,0.0814040506032432,0.0192000047203846,0.0261285671051921,0.0611621729343616,0.0424617669559644,-0.0522932655744313,-0.0127810198500802,-0.0230808789728151,-0.0401663567848814,0.0928385410508679,0.0303981003502413,0.251734748102687,0.0649749842507562,0.00832156818452147,-0.054009055700694,0.0213800159357609,-0.0268973262105047,0.047470811510213,-0.0283905646330724,0.0789187391743496,-0.00477972788523182,0.0163485428785238,-0.0215752952431743,-0.0366101671108985,2.61575018017339e-06,-0.0119417807361514,0.312442742181096,0.0296354362274556,0.127636198110527,0.0188012802534902,0.0414444153684762,0.0235782481070971,-0.00598509218988814,0.0416534359833425,0.03141745408964,-0.0169078845511776,0.176261542867357,-0.0118336413707586,0.0114837716715771,-0.10332674673876
"SRR30310354",0.0155157469545681,-0.0243518053828399,0.000676991889161137,-0.00520092790949207,0.141711319054622,0.00605433525434528,0.0299251037090575,-0.0212790785128418,0.0456644414637615,0.00341714499920375,-0.058145018322839,0.0324831652020827,-0.0247369321939299,-0.010211286765777,0.0697416545939365,0.0501939259170062,0.0582651273686956,0.0239381629187125,0.0180226620502232,-0.0426691245799995,0.007078927318703,0.0241575724451161,0.0365343524096436,-0.026445494311293,0.0463909166836525,-0.0100020046405212,0.00904145826146257,-0.0254952385857212,0.0131388880376099,-0.0178941678929497,-0.0226848996264806,0.113137486022636,-0.04213936580812,0.00169517681844491,-0.00114897604251645,-0.025242766530395,0.0209744001154218,-0.0159814787580466,0.0296830647798122,0.00337317655701972,-0.00525274714075118,0.0171729351053567,-0.0224469693435487,0.00859109126043947,-0.0269727082059086
"SRR30310355",0.0107675620919769,-0.0275915196993698,0.000744103986316628,-0.00784068650331835,0.112788133534433,-0.00963363360811476,0.0223989452466889,-0.00803210564904475,0.0495226109821814,0.0114299280052625,-0.0539662790906829,0.0258183391227823,-0.0249329174284172,-0.0146461696945393,0.0698478113129552,0.0418560861560818,-0.0101523001602393,0.0139391423670091,0.0211147344017545,-0.0377352377126183,-0.00690060983325456,0.00855574214422549,0.0450123973160587,-0.0317422001423327,0.0319936847886607,-0.0168766856114376,-0.010866244125245,-0.0252138504565566,0.01101684753274,-0.0151695538700157,-0.0290965159142974,0.027627060394634,-0.0227961852843278,-0.0140931668472996,0.00316082417608268,-0.0344825317632898,0.0143538357810396,-0.0180980561005653,0.0272239797440766,0.0100774920609384,-0.0134433636869894,-0.00457293599224591,-0.02259174148083,0.0150939993169216,-0.0365129626873984
"SRR30310356",0.0119300676001281,-0.0282002227455889,-0.000458745856981224,0.00324428859269881,0.148111390404539,0.014706675221214,0.0190970709339657,-0.0055178059119263,0.066155875769277,0.0324996623453148,-0.0577663380690747,0.0198008103963631,-0.0278209508043121,-0.0160446856034193,0.0775473330608611,0.0355504556787214,0.0420445335802211,0.0496954438295229,0.0254964755419582,-0.0402264134376665,0.0111714893016011,0.00395441842838084,0.0503868002696056,-0.0322246673765756,0.0801723471819499,-0.0134715470651808,0.00141488904674554,-0.025232306258455,-0.00248812099502551,-0.0118942630058939,-0.0252748221335535,0.151639857054997,-0.0100572714228289,0.0109343262869997,0.0042095433950712,-0.0162640147370188,0.0145587222918224,-0.0157007808090958,0.059473148254539,0.0224471888064678,-0.0151471847226809,0.00470786918969416,-0.0204266230334867,0.0155192242820345,-0.0479605931229973
"SRR30310357",0.0266265663644746,-0.0155332426058826,0.00206532913936374,-0.00653317213390798,0.15060903557186,-0.00453183198486681,0.0718456379533492,-0.0509917820479804,0.0198299533192392,-0.0280872579809063,-0.0595695747163901,0.0527146334925656,-0.0253905208748661,-0.0211679478008756,0.0553040830616725,0.0438600962434786,-0.00596825286739712,0.0239332357647992,-0.01336432131079,-0.0518316506889791,0.012693431365258,0.0263068403848801,0.00769611181127508,-0.021746266010876,0.0396978564907041,-0.000999130591090417,-0.00868656805286326,-0.0089145564415926,0.0459387049797839,-0.0163402423937734,-0.0258582336787776,0.0742441568520634,-0.0551316375088388,-0.0122651888028941,-0.00798057698583596,-0.0323246599941412,0.0383645455714503,-0.00836071881446144,0.00863517723723247,-0.0275203196107595,0.0169928475460909,-0.00380544166565941,-0.0134810697872384,-0.0103021621553958,0.014402192140235
"SRR30310358",0.0412161289280488,-0.0101266091953606,0.00334978089922926,-0.00514974864152717,0.154484154653859,-0.00474672674678848,0.0989069824586962,-0.0701736539444145,-0.0062075457792404,-0.0583368006045156,-0.070862906928617,0.0700543397224512,-0.0235883882733871,-0.0187641851674385,0.0504597580682065,0.0696538404363437,-0.00239747289320115,0.0478427723788593,-0.0464246741986034,-0.0570792673171193,-0.00213907442365375,0.0498730668122366,-0.0258314759268104,-0.0179961579529651,0.0525227368339747,0.00871185259387895,-0.0100897404337317,-0.00507089852393401,0.0630836125334501,-0.0101017767214724,-0.0239751953642567,0.0426751042425203,-0.116099306243413,-0.0111287159163031,-0.0207394846410519,-0.0330127295982402,0.0510794648739078,-0.000582697081004482,-0.0117697066462233,-0.0555500910830908,0.0374798706369837,0.00145868140375938,-0.0116876978049663,-0.0324410332684572,0.046032858645373
"SRR30310359",0.0364328135472591,-0.0257785367292768,-0.00484939514095758,-0.000225916659519025,0.169126885285181,-0.00615356936538594,0.0354490943585782,-0.030052554590709,0.0355542898597968,-0.00904715937578578,-0.069976402896699,0.0592013034101473,-0.0316705929585972,-0.0274699354561324,0.0717185758548367,0.0430092024007578,-0.00580681393436941,0.0292970012706318,0.0102155675979603,-0.0615392645784892,0.00710555986013714,0.0141588636286479,0.0286114689142813,-0.0411196999255516,0.0487417969410647,0.00512167382724461,-0.000593713788723849,-0.023874734413181,0.00765078487436466,-0.0178024629858765,-0.0241499026893164,0.0759873946811719,-0.0781788157671026,-0.00395104377895371,-0.0135637524456979,-0.0297184616298552,0.0157474954465835,-0.0121665028500457,0.0231723670348677,-0.0113334996644318,0.0136821499231284,-0.00212060279487783,-0.0357432565105119,-0.0081511276801586,-0.0238255300062339
"SRR30310360",0.0334965955575055,-0.0200242138821651,-0.00234028500734732,-0.00482040149262823,0.168546357206324,-0.00164035912184612,0.0612938465344718,-0.0477214803003311,0.0278239381995769,-0.0249011973292834,-0.0673383697163932,0.0522315647911256,-0.029706501155349,-0.0250389146248692,0.0611456496361362,0.0478689728410552,-0.00481623074943333,0.0410585387495415,-0.00966143163389166,-0.0577035169189675,0.0209542028573019,0.0246237351984201,0.0110730752564373,-0.0325369685266553,0.0594772346024855,0.000836810729847164,-0.00330362897921188,-0.0137738778392349,0.0283972487319291,-0.0165770169258349,-0.0239613554453583,0.0818038472127532,-0.0557042971699991,-0.00851567097481032,-0.0130301701280314,-0.0260541977854464,0.0438860059430045,-0.0131026992824128,0.0192118977784507,-0.0260819731011084,0.0203117581992716,-0.00167959881932232,-0.0255803694714567,-0.0147032668838395,-0.00175755156802279
"SRR30310361",0.0223471660690387,-0.0161200179649735,0.00152689527863448,0.0634678915734701,0.223336402524165,0.207803827059056,0.0541661237989632,-0.00617169724806919,0.0520614729500502,0.012237685910297,-0.0576195606441626,0.015450095202997,-0.0213817345402784,-0.0203263985184481,0.0828441405970582,0.0303180802891041,0.341382855791884,0.0601805038425806,0.0133049943005529,-0.052315184687249,0.064366639993265,-0.00247542797393952,0.0369202453000116,-0.0230104621212851,0.068441764849264,-0.00366270182144594,0.248417425681541,-0.0165288838209785,0.00499028763856243,-0.00211591365403735,-0.0120173517401871,0.301777039579946,0.0255315263209815,0.127712829922986,0.00102535150215772,0.038628724155934,0.0464734540816348,0.0119739761282947,0.0400540880425971,0.00900905494978979,-0.00508556742367076,0.195460281920059,-0.0179277770496841,0.00154367110637506,-0.0379246262043275
"SRR30310362",0.0223603500651141,-0.0204706629920319,0.00415836982543997,0.0496470219975237,0.198779793723073,0.14331558556468,0.040171077409945,0.00959962301445011,0.0596355822570346,0.0356543341623107,-0.0564949312464543,0.0286492227363297,-0.0188683800276227,-0.0241807291350104,0.0896210065842885,0.0308173047597475,0.301354582118186,0.0726118814367073,0.00359117775206576,-0.0522835772354071,0.0351592032674749,-0.00740622430575231,0.0398825367971747,-0.0302593457822693,0.085171871847467,-0.00934418452724729,0.11321856734092,-0.0196462610531569,-0.0124125649470019,1.9552113413451e-05,-0.0190009967355219,0.234640887623404,0.0139975696066579,0.116813866164531,0.00830618408788936,0.0366186240078925,0.0407417302932129,0.0042393184646812,0.0469928444289819,0.0203586373104581,-0.0156960584467668,0.228947391399867,-0.016247238462316,0.00718907088949184,-0.0640748670209874
"SRR30310363",0.0192147075555129,-0.0194788278122401,0.00897828573446279,0.0377289531998465,0.215656940830443,0.204053047813337,0.0280252994058209,0.0258421831108774,0.0641255534253292,0.0441378308711535,-0.0549648131159667,0.0224847620916675,-0.0166621873531716,-0.0146330180892093,0.0844551450597524,0.0365124115458235,0.243064250006611,0.080554238631504,0.0132776122621698,-0.0497900207994186,0.0415649905247516,-0.00507688582324126,0.0449177877676888,-0.0277777215511634,0.0908653479963911,-0.00211191097093888,0.0846413413602215,-0.0316588040276825,-0.0172044010298341,0.0002466232673386,-0.0119698693513054,0.266085277486297,0.0130818816804361,0.0837587474888887,0.000442567693032869,0.0233332966093281,0.0317834796526405,-0.00488555595214728,0.0550567303978316,0.0326809675583211,-0.0288814537758463,0.175340865962263,-0.0259015062612629,0.0115639088826959,-0.06464641213307
"SRR30310364",0.0264079812430915,-0.0288548483502799,-0.00799165727269204,0.00554192598880939,0.189205866261875,0.0195709716303912,0.0364761513600964,-0.00120379772202807,0.049855848776639,0.0163692680419585,-0.0650531202147449,0.0363272776276254,-0.0281853816453379,-0.0117457633737141,0.0791253215089209,0.0597619629950303,0.0320716711506449,0.0289008114776804,0.0324589960553673,-0.0493204664825075,0.0145604418146278,0.0241791479052512,0.0478114586179008,-0.0354476516795214,0.0554691799434913,-0.00831861751502184,0.0674655327175854,-0.0183992650092502,-0.0065913658201937,-0.0114577243925881,-0.0227455051598798,0.167437881978688,-0.0554116740206787,0.0143991543032913,0.00426257531390839,-0.0256278879337419,0.0277440648962473,-0.0137074924251799,0.0376839146028851,0.0179820117781729,0.00138975511865742,0.00841168362589782,-0.0185541923689227,0.00761931392361108,-0.0351728094051283
"SRR30310365",0.028302820959581,-0.0277716732284455,-0.013330902593549,0.00508829875912887,0.191080408550501,0.015819776973205,0.03435798725282,0.000901907089095666,0.0443845810118971,0.0109975854329088,-0.0658794761415232,0.0265944688264921,-0.0306917338150951,-0.0139370909035164,0.0750151352825551,0.0514921121770605,0.0282341468041753,0.0142195274323045,0.0351912437150804,-0.0507154216671373,0.0550044649999231,0.0204628159155116,0.0504146537322499,-0.0329609275273,0.0384587867110699,-0.00656570191286456,0.0278330962583432,-0.0131264295243322,-0.00740868052828689,-0.0180396130373224,-0.0211892665214544,0.219263813534663,-0.0365738485376132,0.0105862010112622,0.0107739983171952,-0.0224584591736441,0.0215867525680202,-0.0150923218937471,0.0324311573033159,0.0194083992545042,0.0089649553119094,0.0114300412823092,-0.0145402416056244,0.00574395139119437,-0.0249235135439082
"SRR30310366",0.0229938968861279,-0.0262407339778482,-0.00531432853993716,0.00633737203515886,0.175452206412534,0.0253913639016405,0.0321476856472465,-0.008753287750681,0.0546436271328968,0.0179302092578694,-0.0633584766258253,0.0396148776254656,-0.0288744995259056,-0.00903139273455026,0.0699141305041753,0.0531175299778561,0.0425547078540843,0.0474572591296467,0.0347405380540315,-0.0473340528892347,0.0233537512092093,0.0255117757539577,0.044648968630694,-0.0316590736249896,0.0759942160639363,-0.00900724493856421,0.0329787204349325,-0.0186934248849904,-0.00267814505493412,-0.0131693943061265,-0.0219786804560759,0.176733549720734,-0.0396352576918853,0.0207674931005848,0.00285481812245866,-0.0186461635829129,0.0129092592719868,-0.014322889089669,0.0494488131903006,0.0127915332233536,-0.000705032333598188,0.013327232283405,-0.0152693151381989,0.00767338831880306,-0.0212400532456873
"SRR30310367",0.0159001765288915,-0.0271351252195069,-0.00407475149446183,-0.00369999462270746,0.129856985696076,-0.00804480263165013,0.0369539501527203,-0.00668618827713527,0.0488806759548096,0.011160520483509,-0.0637878968205666,0.0372422816178586,-0.0269831009557843,-0.00650955014998339,0.0640031168057033,0.0438523452689247,0.000750622065228613,0.0106818783965824,0.0406286998803736,-0.04008651532744,0.0203132377915686,0.0201137015265217,0.0509421829933246,-0.031651967607251,0.0281719484397212,-0.0110844521044117,0.00234354106366695,-0.0225645425241776,0.00919286992626355,-0.0135931789879733,-0.0262744133030351,0.0656823709947602,-0.0178357718796487,-0.00233985101270942,0.00580813340393135,-0.0320915892648079,0.00974293214117549,-0.0171902075856389,0.029854500531036,0.0195594460124883,-0.00540554458566486,-0.00606968896880281,-0.0114383230587724,0.0134842670264127,-0.0124331537725722
"SRR30310368",0.0244671226928288,-0.0308178795832071,-0.0103187472414242,-0.00343910706247477,0.125352376376024,-0.00558135758377399,0.0191923305885922,0.00112740772652456,0.0473482898802384,0.0123793987940627,-0.0701380584454409,0.0489051788968713,-0.031730204724788,-0.000893561447669796,0.0649736373926411,0.0345627442601552,-0.00588751762624543,0.000756355605225784,0.045726291148829,-0.0466090635480422,-0.0101488969793634,0.0131959074220742,0.0567383837887768,-0.0427784590386865,0.0141485761410576,-0.00256281671939649,-0.00487106136510872,-0.0315920273539194,-0.00508175339112356,-0.0148757894819484,-0.0253784818067458,0.0369325604182727,-0.00677758665644974,-0.00584789951575922,-0.00223707606150752,-0.0275342169793869,-0.0035151329754142,-0.0224789866600715,0.0255536129883517,0.0214560746401618,-0.00436917590319249,-0.00417742548092114,-0.0250369595015251,0.00877683726828693,-0.0163760190812686
"SRR30310369",0.0645911514250617,-0.0307925313497324,-0.022824291167621,-0.00556367033615971,0.112221483154264,-0.00901465253910726,0.0478192058139066,-0.0668977438834559,-0.00103524582017515,-0.0465133167240739,-0.0832055420946983,0.0891279818962736,-0.0382305981570072,-0.0445316982854514,0.0395700892687291,0.0354372916523502,-0.00992643246302749,0.0271967862563718,-0.0302700303094927,-0.0761870361596049,-0.0203212456622644,0.0111919340083702,-0.0059658022100941,-0.0459545926793605,0.0479078582522917,0.00953417835665797,-0.0136311219573481,0.00502061817642614,0.00816123829318581,-0.0209998929386602,-0.0330003349002302,-0.000730269044955586,-0.0541755791361126,-0.000745042434844179,-0.0139354706337442,-0.024082048502869,0.0182543355638518,-0.0143926513629073,-0.00319292838452978,-0.0501221065319486,0.0557952556493998,-0.0143674914205767,-0.0182136152942503,-0.0406003145301647,-0.00964681022212381
"SRR30310370",0.0527624948343075,-0.0227488497920081,-0.0198830510515875,-0.00484868703458928,0.0710580262901068,-0.00713367822380287,0.071326697113383,-0.0652889433914983,0.0103203113844644,-0.0328006958133876,-0.0781065132057998,0.0409241276757655,-0.0387344328108483,-0.0355372162656137,0.036985882693186,0.0329606109019719,-0.0113545496262346,0.0572715811251476,-0.0216458191724894,-0.0625665823148234,-0.0048236907289056,0.0160683040605972,-0.00805784305151558,-0.0345089702206256,0.0783045903685401,0.011040727461784,-0.00936126291725072,-0.00102281783250679,0.023287882956513,-0.0152564455235727,-0.0271432030248586,0.0097101946386585,-0.039802436403728,-0.00115838491855576,-0.0198224458784898,-0.0252061397871979,0.0140271939850131,-0.0087830685883177,0.0182749721868598,-0.0448973784113123,0.0479769299927073,-0.0105746102811395,-0.0161652844800545,-0.0354962477833161,0.0153251638015823
"SRR24657655",-0.0128792148079071,-0.00592244137814224,0.01554701799906,0.343083473121463,0.203377597853458,0.121580405094855,0.0367621196412958,0.0188483286066331,0.102037598391673,0.0814692842482826,-0.0213639649296173,-0.00880534964528487,-0.0153858543774348,-0.0134964870718111,0.363063825208457,0.00175444792225902,0.073828436366849,0.10612294899213,0.0411253044093711,-0.0261740930882941,0.328042798017816,-0.0226359052087552,0.0865384889486553,-0.0179152066606346,0.0946793550899309,-0.0242065646452974,0.11130580999195,-0.0111240676889084,0.00254029900400877,0.0303649461457567,0.00718763461217319,0.126564189100561,0.127651135869075,0.277062744098702,0.0150497699762298,0.105532932426648,0.00143008680841002,0.0327432811519193,0.0982821278298834,0.0623253625710738,-0.0424726227719069,0.0686462386428913,0.00417307972739897,0.0345103973869613,-0.0189439690526792
"SRR24657656",-0.0165689020493395,-0.0278112889933324,-0.000423050582872562,0.319649553200738,0.189760959276124,0.0176666727501,0.0153446921674137,0.0470095049638602,0.118203949315593,0.106014967129516,-0.0236584551767405,-0.0173939323560897,-0.027831061940497,-0.0290589598532554,0.132198690674577,0.0129543280039114,0.00539063495112097,0.0915083285042763,0.0450730982656226,-0.0175839845414948,0.00757657938922627,-0.015237749672133,0.0931399074169005,-0.0232911638845903,0.10209477955418,-0.0235926070383302,0.0186245851831531,-0.0258285849897152,-0.0188816035632962,-0.0109813944593789,-0.0116488211414535,0.114699983354139,0.134161055975903,0.274155536949323,0.0224196755800331,0.121550750489594,-0.00581745125654527,-0.0088282017642895,0.109591416578463,0.082548903141629,-0.0497336342558167,0.0215101811623479,0.0038470308380823,0.0452382133604845,-0.0390483553749943
"SRR24657657",-0.0161903040509854,-0.0277970060819397,0.00377203126192881,0.311966796350499,0.152704384249738,0.0215550971976201,0.00413350942697301,0.0613665270063253,0.113008659540889,0.108899691704477,-0.027927904060515,-0.0288508751867886,-0.0236863083096183,-0.0312377453874577,0.139704128684579,0.00939297677688466,0.0074585311659005,0.102040839971944,0.0336064412595344,-0.0158990570792299,0.00358870348510526,-0.0225351118974823,0.0900463486633785,-0.0202866950705918,0.106683179612796,-0.0212497941673807,0.0200818105418924,-0.0268547457459184,-0.0311942195173167,-0.0123693312825961,-0.00800131605522661,0.116328020383878,0.141779410474785,0.269566876513887,0.0268678384125444,0.116471672648975,-0.00915228661153561,-0.00548402953228864,0.103820497997629,0.0838208688791757,-0.0539038688791875,0.0299946109541252,0.00953556928637408,0.0462503963054089,-0.0604512885655855
"SRR24657658",0.0093893110577359,-0.0354840846394853,-0.0105396226906611,0.313026255793666,0.0686244098507538,0.0126611196492481,-0.00856442596483562,0.00745337698960704,0.100902009188987,0.0673203140411211,-0.0647317118072455,0.0232222686752725,-0.0370829928139291,-0.0108663868003775,0.140378943647927,0.0128580699267069,-0.00509070449205735,0.0995630438180381,0.0436489900989896,-0.0434815843439939,0.00461109900566921,-0.00684320754954978,0.0833924543781837,-0.039894466976269,0.0909763671299845,-0.0112018511558193,0.00152490163189523,-0.0344560579448792,-0.0365901272136412,-0.0112328708102171,-0.0225982185060764,0.0239141429356336,0.116129341998083,0.28041214889763,-0.00383982799987405,0.117340741082148,-0.0299977059917102,-0.0204516640790797,0.0890223534724805,0.0446458051832956,-0.0266955850773622,-0.00179637246346951,-0.0220882664777549,0.0180606020989762,-0.0563639854672668
"SRR24657659",-0.0182216119316366,-0.0258374159885831,0.0101499865430793,0.295428786775015,0.181489451790707,0.00676328568184001,0.0155985902492126,0.0445291508400724,0.116075520689854,0.110097138268496,-0.0260757957119229,-0.0166799540855619,-0.0234311595059446,-0.0280800679078645,0.128368431641769,0.0194376226575371,0.0187222069470042,0.1158444731059,0.025021516402735,-0.020770529060221,0.0335231811032175,-0.0208274796949899,0.0819659962490002,-0.027249010599827,0.11372554365081,-0.0185261238162688,0.0127024395241124,-0.037791362526669,-0.0280340839045776,-0.00671605575543016,-0.00918410772033126,0.133038055345675,0.137886693587822,0.257650395287978,0.00991466664569535,0.117782466064624,0.00476754644135664,-0.0143287650500689,0.10744836836558,0.0777457427303644,-0.0599274822312376,0.0376455402926036,-0.00995672941662917,0.0442700122381092,-0.0717174385010844
"SRR24657669",-0.0621455714153269,-0.0311630097957523,-0.00232279756339508,0.271604598509448,0.0289659007576973,-0.00281927928149172,-0.000649264801171395,0.0418148149667024,0.109792754281404,0.127506251028137,0.0416075381829074,-0.0400932359178249,-0.0318478785958115,0.00944719180510688,0.0839663980665989,0.016039606081961,-0.0111753992979953,0.0490594570251668,0.0600167191087397,0.0264498960044032,-0.0100782929933691,-0.0110119837421523,0.102466133760635,-0.0284581204038499,0.0446581561287588,-0.044663146620946,-0.0129367803348478,-0.0196116212071146,-0.04557017666687,-0.0216385225516978,-0.00619557732851417,0.00244911053048872,0.174792109093974,0.26380841756168,0.0193136029754204,0.140372250718951,-0.0213535425027795,-0.0195911864582847,0.0893180487629206,0.102640254986721,-0.0651412630953919,-0.0119573919885627,0.00149699595385504,0.0697333363799731,-0.0468811062990884
"SRR24657680",-0.0600749627673108,-0.0234081224207623,0.00569511181149984,0.272371244097224,0.0381489241235369,0.00164679150634947,0.0144303308369962,0.0192105025855418,0.106585229490187,0.109093110418489,0.0428946430671413,-0.0282874175233964,-0.0288140300937674,0.00340222984978141,0.0849033173891811,0.0326656394496767,-0.00676186256205001,0.0766126421111048,0.0387379565154979,0.0165845881468523,-0.000610598481580175,0.00665315992260675,0.0865371463529447,-0.018432377964223,0.0628771192494644,-0.0443010553500987,-0.0091139068258878,-0.0151757245888274,-0.0157921324872973,-0.012510971302138,-0.00872294643514147,0.00683348698670343,0.14910078187308,0.264087368156836,0.0129862145284175,0.138733462475241,-0.00483509217188086,-0.0172889083555918,0.096795699504738,0.0796593578526562,-0.0580536230714583,-0.00438873629232872,-0.00196286520881802,0.0609159865680256,-0.0263722438248139
"SRR24657691",-0.0606576200745355,-0.031811902846779,-0.00284220308328838,0.26499461073739,0.0299376623285116,-0.00533818927762243,-0.00237918876295993,0.0408770046613501,0.108710589973604,0.127026455189513,0.0415179274932106,-0.0307627373287938,-0.0300758777189405,0.00820835386073367,0.0822905128527717,0.0358306797629507,-0.00620618459961237,0.0530721536243199,0.0577450599143651,0.0262956145921962,0.00382522893244116,-0.00274358453270528,0.103062894888535,-0.0259035011512725,0.047055072433709,-0.0448214581740578,-0.00783725592850174,-0.021863011728165,-0.0471632993236084,-0.0224328127581414,-0.00905828511707661,0.00328512559789007,0.160241196529356,0.258803279790243,0.0214518833563362,0.132631383179784,-0.0221708526824396,-0.0231986854161858,0.0886554788636644,0.102181042413845,-0.065412496656553,-0.00906227547439017,0.00081914400711309,0.0717997360305716,-0.0540856823389349
"SRR24657702",-0.060161124026658,-0.026270360111472,-0.000182810955738363,0.268897328945034,0.0274960009513947,0.00221731206137764,0.00577138068226608,0.0357616350472548,0.105143474503717,0.114767977886724,0.0431343813884192,-0.0324061661858588,-0.0287785008968006,0.00897232369158518,0.0816305108057588,0.0337419380052755,-0.000451618366315037,0.0532768683491684,0.0442657787430634,0.0227630361475239,0.0059908564896676,0.00450660638117578,0.0935785870890171,-0.0165480902044023,0.0483084252195792,-0.0419120926529456,-0.00154963590888964,-0.0181881092929138,-0.0348895903413246,-0.0197123224099192,-0.00743823793424358,0.0036110263469036,0.15712868462976,0.260646699063141,0.0198947671111124,0.133997233641098,-0.0196824288456196,-0.0168809881017388,0.0846624703918881,0.0925868975195212,-0.0609487303875594,-0.00536107834572751,0.00394217587417049,0.0655670487562582,-0.0326909549609012
"SRR24657703",-0.0535300213173565,-0.0271037463357134,0.00115543524639103,0.259747870450621,0.0768883107918286,0.00372337026788094,0.0149854171122895,0.0143039799373098,0.105415114651684,0.108426237780918,0.0456132161640212,-0.0247517940450835,-0.030960837350645,0.00560307767635413,0.0884706641337389,0.0346172251484324,0.00227499850343022,0.0634524739719203,0.0388165611849795,0.0130768049261757,0.0387721986686008,0.00331102681124253,0.0880518838773794,-0.0244503643387606,0.0619427898428057,-0.0425329657092532,0.00331682118302086,-0.0101677704163474,-0.0256746279293402,-0.0200194613594029,-0.0105668479184256,0.0192577655460793,0.142179677966129,0.262309723633063,0.0151279629501387,0.135133958930465,-0.0114631502020143,-0.0142137283090616,0.0944845805590394,0.0779266813156869,-0.0507088982550309,-0.0036337663721334,-0.0048182399514347,0.0560168628812953,-0.0284785788336609
"ERR7738942",-0.00214519385560857,-0.0247646176596553,-0.020491516221071,0.00750687941979431,0.00180988580555835,-0.00899196975572425,0.0479012582976989,-0.0427144295952636,0.0421970487216682,0.0295550550903281,0.0524644039865241,0.00671406027044461,-0.0330787515427573,-0.0105090479538211,0.0366652651079369,0.0319391428829598,-0.0102003039190838,0.0480790920974277,-0.0242775693325549,-0.0283376236297712,-0.0167648097913343,0.0184688238851904,0.0136910426739144,-0.0109068446305414,0.0957458116804715,-0.0367948234200737,-0.0108685183054939,0.0670669048210322,0.0084323801515335,-0.0157895187633778,-0.0236910453352857,-0.0138514934243396,-0.0930298805755911,0.0079722833440521,0.0139895351616297,-0.0162047058818795,-0.0213771552456257,-0.0115248433919312,0.0603490936116099,0.00188589629988803,0.027715317758422,-0.0155762096622007,-0.00080434281895485,0.0128554505452076,0.0025534003427241
"ERR7738943",-0.0150803126579707,-0.0257781487937133,-0.0183124115550122,0.0104718621851456,-0.0011104664871488,-0.00987177991012949,0.0315479750099833,-0.0501789204379888,0.0555977947577367,0.0391579880166966,0.0719537052605093,-0.00254057988882048,-0.0370200124866701,0.00615282100723154,0.02549601885093,0.0111996715451635,-0.0133133710699694,0.0532417663603273,0.000667678145448341,-0.0215106468634913,-0.00896181192274055,0.00863213773227968,0.0253475157691036,-0.012879189713448,0.0988780987527267,-0.0371069161762969,-0.0106773781036069,0.0648745464219989,0.0104359053240894,-0.0135893875797637,-0.0276321673508948,-0.0136322305615325,-0.0327528675931922,0.0129229761638858,0.00100605135238097,-0.0102502741412013,-0.0185152358121848,-0.0137902804078065,0.0828841805094857,0.00654347750209712,0.0233817594807339,-0.0180153457660758,-0.00553302992356827,0.0141358938304171,0.00914331640898945
"ERR7738944",-0.00226089638208645,-0.0224181570408631,-0.0180055309436238,0.00545439552739789,0.00351601492406331,-0.0089541549584584,0.0473242846975268,-0.0409517723390217,0.0434591731089643,0.0286390204923811,0.0606743605295721,0.0151434602491687,-0.0340526992703012,-0.0324659235646846,0.0251886667143839,-0.0275244770245953,-0.0170893475662247,0.0572733029680143,-0.0223629258418825,-0.0320068037220427,-0.0141333620713351,-0.0283819981524778,0.010936339076718,-0.0111196638701233,0.100100857377194,-0.0365876182756757,-0.00723182038963191,0.0761009866295536,0.0209930604960958,-0.0115882138843905,-0.0247677903244593,-0.0134357515252817,-0.0329661165398582,0.0107978833029558,0.016946051218039,-0.00847498208795022,-0.00694920862006388,-0.00964457128565848,0.065818361664412,-0.0028538865015665,0.0284048824957194,-0.0175345870916663,0.000583873590805417,0.0126799658278147,0.000745286971548924
"SRR30606508",-0.0235462614695618,-0.0480269709105754,-0.046628589694777,-0.00302202346735096,-0.0318680857896713,-0.0116656713838338,-0.0350882715084142,-0.000186159213932783,0.0388577885693148,0.0833311468752961,0.0443623422643593,-0.0217249316107332,-0.0462994650428617,0.00463974024791217,0.0461467581731309,0.0680305366398903,-0.0183084562940126,-0.0403608940957645,-0.00864804854283653,0.00446519210110441,-0.0203212456622644,0.01910777541391,0.0479987538802911,-0.0526145436547413,-0.00535270831133177,-0.0601598060184109,-0.00812483090049201,0.0333954708743294,-0.071061803046482,-0.0261529741621926,-0.0332958153028481,-0.0253239938440897,-0.0249757694831629,-0.0320137123644599,0.0254073709991232,-0.046603843464053,-0.0832850760431907,-0.023044630743268,0.0289705931933914,0.0838907327056284,0.00833531612501431,-0.029111986507313,-0.00417028092656337,0.0401789999643353,0.0136831743279591
"SRR30606509",0.00148303566639424,-0.0453061120324597,-0.0513034267456775,-0.0154765428299832,-0.023770922921154,-0.0121967028325623,-0.00621182312686608,-0.0352230904784795,0.0179981350301338,0.0267330448540821,0.0734972627439266,-0.014487753152907,-0.0468778972505782,-0.0307690256480934,0.0514614720455521,-0.0189723775337944,-0.0174202987495283,-0.0360616058842962,-0.0170774791792212,-0.0325677371307429,-0.0104596501101657,-0.0692189619128496,0.0300415877507075,-0.0523992142603494,-0.0221500940788441,-0.0587581076809427,-0.0117982459724796,0.0895534492008136,-0.0675546423097246,-0.0177086197919615,-0.0338427296430643,-0.0245237914440504,0.00738237825607005,-0.0260977345890831,0.0311331971445772,-0.0419508951341436,-0.0760692730300978,-0.0166296940372588,-0.00210215186151005,0.0162661896301408,0.0272745887629504,-0.0291476436908773,-0.0120283796780028,0.0240716413130144,-0.130880671257289
"SRR30606510",0.00593383338792135,-0.022988709205447,-0.0370992623250352,-0.0159800636800165,-0.0207741858141684,-0.0133836189498721,0.0474139867178279,-0.0691765757837306,-0.0321122880392508,-0.0356074897596158,0.0648045282869441,-0.0138911893836667,-0.0381800058353635,0.000119280701785759,0.0527349545503243,0.0473605501968406,-0.0177594219079138,-0.0390918460419296,-0.0510576175558454,-0.0330002061008441,-0.0171355511390365,0.0189735773275739,-0.0244640716515437,-0.0354546625027582,-0.0449059633105419,-0.0443675613803528,-0.012990878503974,0.0897493377729983,-0.00891139919020435,-0.0162486764627027,-0.0252120944709436,-0.0227418681251452,-0.0574111240851571,-0.0240446682879577,0.00784125788453165,-0.0396402575860971,-0.0414364086462866,-0.0133843873537158,-0.0492964248171939,-0.0356385352607898,0.0547275399247004,-0.025893652969592,-0.0124922267734191,-0.00127254231486921,-0.00374695053092788
"SRR30606511",0.00538529510642046,-0.0336877964493488,-0.0426319754003206,-0.0103446536137577,-0.0188917602228757,-0.0116308325301003,0.0317086622943994,-0.0583299230191238,-0.00858157526746056,-0.00429250696615186,0.0619585867454189,-0.0177517512930636,-0.0413292326470363,-0.00866756616151895,0.065993835941253,0.0361961756434235,-0.0177442475211372,-0.0354559222866484,-0.0447715340460494,-0.0365790863383709,-0.0142946267921995,-0.010029923995894,-0.000306019422144864,-0.0458086878297667,-0.0344675351398136,-0.0548004730810304,-0.0117623502716083,0.0863813571196659,-0.0346643898472974,-0.0117622984140092,-0.036109058426248,-0.0219539009166364,-0.0445124999554368,-0.0271561098645628,0.0157831770721984,-0.0507779348530866,-0.0648970480057107,-0.01282446640408,-0.0258716162083092,-0.0109888382198743,0.0388330900343415,-0.0273452941946118,-0.0212274114918673,0.0112891730772109,-0.0443988917645064
"SRR30606517",0.0505367273300805,-0.0518736941610485,-0.0515616638405749,0.00591676741173466,-0.0194129055179369,-0.0132326707487889,-0.0610099837456871,0.0316485806503095,0.0249914963307968,0.0262449690994697,-0.0919112892410647,-0.00265648437010316,-0.0481237742641914,-0.0113079428791011,0.0658217213309613,0.0661024874443183,-0.021055387319304,-0.0463018327868825,0.0194642734167343,-0.0399537555102079,-0.0168871437933081,0.00693463800430975,0.0508587571611631,-0.0726971808861104,-0.0368933129471705,0.0021703116335849,-0.0125113345472428,-0.040204520256952,-0.109708296241732,-0.0227298160680073,-0.0271352073689028,-0.0188763177645774,-0.0265260085092889,-0.0278795559459126,-0.015841040128011,-0.0469577960801271,-0.116568566902808,-0.02967799539507,-0.00449069644359101,0.0571179465958847,0.0179953264962195,-0.0271639913934186,-0.0434180541057254,-0.00309568983626314,-0.0462942917880182
"SRR30606518",0.0649692074024258,-0.0453358604972705,-0.0536392087076535,-0.00594311764517878,-0.023285274311312,-0.0124759523963406,-0.0465210052884216,0.00274009641528407,-0.00848523894645481,-0.014515676729389,-0.0992108095770375,-0.00727254402691151,-0.0494872658949831,0.0137736170248671,0.0462308138928181,0.0700025249915973,-0.0219851679007059,-0.0526861379604749,-0.0212788682812192,-0.0417872557805246,-0.0179690696763365,0.0380994721967192,0.0157567199501108,-0.0701930808275929,-0.0550566628265145,0.0186428784721195,-0.0123804748984536,-0.0328958565062659,-0.0954936814572744,-0.0248963766654074,-0.0251072734041805,-0.0254730369063245,-0.0306418299712571,-0.0235931602371871,-0.0305456468472501,-0.0309830902897326,-0.109487484641063,-0.0256407112708282,-0.0366232590072595,0.0210549993315664,0.0418247065774846,-0.0260594040346047,-0.0415292760520126,-0.0313138586500611,-0.021781301255492
"SRR30606519",0.0614070954953733,-0.0444355824219329,-0.0484701873376271,-0.0014955701171633,-0.0199045244559812,-0.0125596306248885,-0.0412522770415791,-0.00478579632188925,-0.000793859667385529,-0.0150523561003858,-0.0956527552507875,0.0140050107444971,-0.0476302871214965,0.0113369133137183,0.052294621259059,0.0772507601352291,-0.0201930357613122,-0.0487972210212985,-0.0108893371693237,-0.0487736199809267,-0.0185846625772897,0.0385510727102179,0.022179016473222,-0.073345542853206,-0.0525021358517912,0.017058864073752,-0.0158066833033873,-0.0318245251128058,-0.0843127189725522,-0.0185620029444149,-0.0272602845576746,-0.0227614027002996,-0.0370284772750345,-0.0214097972839822,-0.0325200104534671,-0.0401149855905615,-0.0968637653988362,-0.0239622225560245,-0.0290954871712207,0.015507597058566,0.0380251376692743,-0.0291759562065652,-0.0440060234602837,-0.0273707546516857,-0.0213313523940459
"SRR30606520",0.0534792981084821,-0.0490997469257742,-0.0528853466741683,-0.00490452328920842,-0.022967397452888,-0.0137951819580149,-0.0624951057974701,0.021213595002948,0.0171331228145893,0.0118954538036701,-0.0995369873442013,-0.00492748758202355,-0.0493266868213281,0.00728666880464924,0.0556089053875166,0.0690390493011121,-0.0219757239488972,-0.0497604523790235,0.0242582254400452,-0.0372351998306,-0.0156909813996848,0.0298063116389669,0.0459015668150942,-0.0717543953795648,-0.0413600342109744,0.0124125559263431,-0.0106336113397935,-0.0459612023794731,-0.109323830417424,-0.0187406171920987,-0.0264174086134095,-0.0220230057488238,-0.0256645492882418,-0.0273440177040625,-0.0265317690258878,-0.0440819435652554,-0.113880348396665,-0.0253662610956765,-0.00794463467713474,0.048789206204048,0.0227460893384236,-0.0282922331694048,-0.0448872461819405,-0.0130075623541492,-0.0508406877161777
"SRR30606521",0.0342891204233233,-0.000408619278775976,0.0033412879591086,-0.0147164094744302,0.0175345845332215,-0.00659453051128138,0.136776693982308,-0.0825997914495373,-0.0509845466045131,-0.0987322655206808,-0.069055906735352,0.0317814896534145,-0.0137117352544749,0.0193061480011408,0.0462862746944301,0.108913115332646,-0.00943330526375803,-0.0197696851787831,-0.0741411827901684,-0.0465760039870442,-0.0105496028935884,0.0790667109593038,-0.0496535615172766,-0.00130432676453572,-0.0604493262308453,0.0182008677509054,-0.00986780991919964,-0.016822379452794,0.0854225379057532,-0.00339425234629269,-0.024843421442001,-0.00934872482662555,-0.0718662919790982,-0.027917418236384,-0.0468330224789064,-0.0524187224694392,0.0032341068003696,0.00193473664167856,-0.0771613241854797,-0.0768486806480237,0.0390751072638388,-0.01617863767897,-0.0214519967431105,-0.0433612446934559,0.109929699828821
"SRR30606522",0.0193995272543879,-0.00703812420773598,-0.00836799257759418,-0.00627699286222414,0.00931210626882124,-0.00890997537497474,0.105160876226131,-0.0221372118806597,-0.0273224602651272,-0.0485295720955015,-0.0702922214655258,-0.0030541329131556,-0.0198917555963212,0.0513524733278339,0.0598589042417163,0.13951659057293,-0.0142675392214319,-0.0368958375306462,-0.026728905294334,-0.0167037329393902,-0.0151202527368253,0.111318500294668,-0.0162820197385538,-0.0117867257750407,-0.0534326541059347,0.0146212880561312,-0.00859769298225427,-0.035805558736366,0.0361793473801,-0.00756176555062194,-0.0110872097743914,-0.0140049695162409,-0.087498312489411,-0.0290711119689071,-0.0402336945947299,-0.0487034299383502,-0.0397156616546237,-0.0014800001025729,-0.0509403679458518,-0.00754023832057904,0.0183185582272122,-0.0204064792906183,-0.0209247992415229,-0.0180782970947877,0.0915815702139431
"SRR30606523",0.0518577153509237,-0.0508691729739565,-0.0507720457137378,0.00271257476997439,-0.0189758301889527,-0.00952307722066656,-0.052838606241264,0.0402904291399349,0.0198146163117247,0.0276366052887638,-0.0967789524993925,-0.00580209837169078,-0.0484828099126522,-0.0157655484758541,0.0697042180755778,0.0760923532987049,-0.0222012888272124,-0.0452483613643754,0.0247207450001955,-0.039027893482299,-0.0203212456622644,0.018293345472289,0.0494958529876547,-0.0763698495493717,-0.0364219792539552,0.00613372173985768,-0.011520709361847,-0.0523820796051456,-0.107411532594711,-0.0169268932440478,-0.0260179764547469,-0.0176827371173975,-0.0337928094580542,-0.0325793146406501,-0.0214511919578031,-0.0539921872480301,-0.112457466480441,-0.0236365701684028,-0.00533429233542736,0.061796076264608,0.0165676993635313,-0.0257046588074898,-0.0435804863891229,-0.00564570715801349,-0.0381433263806152
"SRR30606524",0.0262748315520544,-0.0125984779500351,-0.0195354049816248,0.000997093172494725,0.000819545826546564,-0.0121689519004064,0.0636428337046166,0.0154971760144596,-0.0249142836189249,-0.0169111051146276,-0.0760149411276406,-0.0169320983358118,-0.0285033890380565,0.0599372841916763,0.0768586701466062,0.128140264236661,-0.0171176497571076,-0.0373805926561817,0.0110461964333624,-0.0265228515430921,-0.0133606196177871,0.110247407777377,-0.00438619197039438,-0.0354293957867751,-0.0382548696291982,0.0226086606879244,-0.00852120498465231,-0.0439430902802047,0.000154313052077513,-0.00634594545774803,-0.00249191150377807,-0.0121315939328286,-0.0716229167109333,-0.027032014055422,-0.0400245326229573,-0.0411989363274283,-0.0516183178727991,-0.0111064035547048,-0.0441528357169482,0.0237400669142303,0.0161914464346859,-0.0211957771112568,-0.0331835576485202,-0.0152470585643672,0.0651112780723102
"SRR30606525",0.0402095096218516,-0.0482692430570374,-0.0464814544173684,0.0111502266329551,-0.0217221515922714,-0.0132921966288668,-0.0814705450923788,0.0675316226390065,0.0284755477235099,0.0568523782959512,-0.0947045827417772,-0.000106674099210574,-0.0476775106003751,0.0268778671823935,0.0805933770845904,0.095543030463354,-0.0186268578234747,-0.0441438129393889,0.0661100203969383,-0.0286222902870813,-0.0196710087534964,0.0468074948921233,0.0590355727838191,-0.0801684133768456,-0.0250311913993966,0.0073086289511862,-0.00744574862411317,-0.0705055603446396,-0.127004874253114,-0.0169833426460857,-0.012639660163107,-0.019420243153641,-0.029472940065986,-0.0307642592250214,-0.0256218107328805,-0.0474537612113216,-0.121006893113895,-0.0295627561820547,0.00154633674851535,0.0948364824966283,-0.00214986571301814,-0.0267177522579115,-0.0494478750324685,0.00829207161181039,-0.0287826022465373
"SRR30606526",0.0387376335540528,-0.0381034461214401,-0.0396058978967733,0.0140545926036887,-0.0157131708691698,-0.0108619726988485,-0.0281463596689195,0.0465876816806136,0.00767559780870813,0.0342690857660447,-0.0903209831610614,-0.0107975588060286,-0.0430149588278162,0.039764375265387,0.0891459154217297,0.127643793087349,-0.0191753210474848,-0.0417193074894821,0.0357060645603692,-0.0329438224066611,-0.00919806257606617,0.0780459069934779,0.033528310555087,-0.0725183064997331,-0.0242526626805328,0.00704686395964012,-0.00488440987080409,-0.0573046314916326,-0.0906682423138607,-0.00935328723459147,-0.014882615954982,-0.0154475921988597,-0.0685231218837635,-0.0303344443078333,-0.0316458812316387,-0.0567689188842863,-0.0971730437041684,-0.0207880341158578,-0.0148452214058497,0.0714394120236809,0.00851115178727984,-0.0248174329301173,-0.046726213036978,-0.000923950946116209,0.00620098020574092
"SRR30606527",0.0240461556035855,-0.0399516007231996,-0.0444092268047696,0.00538002083878245,-0.025098216873073,-0.0117731837281602,-0.0595946264144494,0.087610180307791,0.0272320171099139,0.0878964395413082,-0.093252859864995,-0.043873716948118,-0.0475220578476062,0.0631211890955124,0.0640691164746785,0.0991034518549622,-0.0174843338408555,-0.0453947428291447,0.126676525618754,-0.00616860955694312,-0.0188501859264235,0.0714204972425842,0.0659758488747281,-0.0760352384688924,-0.013761526616112,0.0174981664034272,-0.0103649907772936,-0.0908320837830755,-0.128483685422206,-0.0298103509535177,0.00309095252522265,-0.0206408378944467,0.00197199757124108,-0.0322621991573236,-0.0291379117351315,-0.0226751285423479,-0.107552564005188,-0.02091001381427,0.0184496273268379,0.126068755393389,-0.0227042055349443,-0.0251244779906868,-0.0434822202897044,0.0188548816266028,0.0184582944320748
"SRR30606528",0.0138856413956347,-0.044494910907313,-0.0385875885332764,0.0107735986629582,-0.018229765030865,-0.00810421905187715,-0.0728457794061879,0.0864502156931988,0.0382773379272889,0.109275778292209,-0.0844287111791172,-0.0461828746725818,-0.0443028808985102,0.0546926098412212,0.0948474152419124,0.120638320300357,-0.0177647331085613,-0.0418408130485736,0.111457603109332,-0.00925779117001767,-0.0146545469998683,0.0681095963939583,0.0706884491047913,-0.080662434137355,-0.0045424296584787,-0.0063623657167297,-0.0134805289529974,-0.0902936808203794,-0.130196235187555,-0.0284687234204648,-0.0093088704711037,-0.0190867627614733,-0.0141781229882959,-0.0387485961481772,-0.0180262734545979,-0.0482449146106454,-0.109471858701849,-0.0280803755360031,0.0257223146857296,0.136019789554551,-0.0394603279874061,-0.022579024939373,-0.0445146938976792,0.0325805479411317,0.00815573336135644
"SRR30606529",0.0151572970868778,-0.0243760094338579,-0.0236888244151418,-0.00157661519981595,-0.0121463727537771,-0.00941815539884059,0.0225484294783648,0.0490907060846162,0.00746535931808564,0.0520598390427707,-0.0767447637032,-0.0419385021667547,-0.0335194856541802,0.0758992059246599,0.0695902616188955,0.133674041798321,-0.0176795874586078,-0.0375896691657735,0.0717263166324839,-0.00931485034164237,-0.0137006262436647,0.104435491109355,0.0322047306607842,-0.054100295433907,-0.0177552713380788,0.0104436170534281,-0.011579081263008,-0.068227975340392,-0.0528332795966941,-0.0193927134029766,-0.00512179810147945,-0.0178266102295105,-0.0290805587808882,-0.0372306852448478,-0.0369848077291022,-0.0449494842192738,-0.0734890092437726,-0.0129757398283287,-0.00213625791533952,0.0861770742540645,-0.011626482989959,-0.0241977376962077,-0.0412590113208833,0.00875968448728046,0.050573288836271
"SRR30606530",-0.0328632217931451,-0.0246502340641666,-0.0283934609441113,-0.0159059006617615,-0.0267749594078666,-0.00824356668998149,0.0308662693178083,-0.0187920726810045,0.0153059677547754,0.039099719040541,0.0468192982879961,-0.0407991449546889,-0.0354380765278634,0.0247753246192999,0.0386795053612542,0.100780841907014,-0.0190815135648341,-0.036648367698379,-0.00450961735178831,0.0129172493508106,-0.018385671181479,0.0721530016752981,0.0210389780845931,-0.0276871214267721,-0.011534549221914,-0.0425597057663104,-0.0107207188586003,0.0263058354864671,-0.00742972506789099,-0.021515863963665,-0.0225649882537861,-0.0241913759231054,-0.0568375900387972,-0.0303128647682904,0.00181149712993823,-0.0442680665254296,-0.0393885205452004,-0.0153436396595973,0.01298255872932,0.0501864928034426,0.0194775757379398,-0.0264748323850128,-0.00898752149752687,0.0269388863139032,0.0639849777091215
"SRR30606531",-0.0376209050500887,-0.0443822170190568,-0.0441925020515133,0.00940000941933626,-0.0351862589745593,-0.0110656166768412,-0.0498838629688132,0.0427365989474867,0.0485134164808325,0.128209543567161,0.0361432528077836,-0.0340648274132021,-0.04496388112771,0.0401153888518108,0.0648315862810803,0.102202520103159,-0.0157723178724926,-0.036425607866858,0.0355636595596436,0.0192062514728463,-0.0156377443896562,0.0560066725199792,0.0666629946137376,-0.0624772409516386,0.0109734997408483,-0.0572941229994899,-0.00875100790924692,-0.000356577883703911,-0.0930107665402535,-0.0298216950954991,-0.0219013246336431,-0.0237049860284548,-0.0124188220339176,-0.0351477256413133,0.016798853791308,-0.0389204358779464,-0.09368500080634,-0.0275805123301717,0.0473557429733027,0.130674719289871,-0.0188143972114992,-0.0278803688158883,-0.0102905447538403,0.0581290351910241,0.0224239759522488
"SRR30606532",0.0934101709891664,-0.0313970626341916,-0.0417308593219038,-0.020477899268874,-0.0049020362139798,-0.0122804210395641,0.0395796175281479,-0.0812622440086508,-0.0530092065163209,-0.102319909925639,-0.109166910885183,0.0758294145927494,-0.046246756966041,-0.0751221983703279,0.0328632737082788,0.0543423564133515,-0.02060798336204,-0.0354685906166451,-0.0791012664094952,-0.0914415831725096,-0.0100460900039348,0.0107073374238214,-0.0410235079976976,-0.065291452807062,-0.0630793222962847,0.0430314740853129,-0.0151415268468147,-0.00497780834219509,-0.0168250418884759,-0.0215267854986483,-0.0290379273764927,-0.0204748058545059,-0.0556984845303033,-0.0106045411775927,-0.0400919611614535,-0.0238459845945044,-0.0104630178582471,-0.0157571723700612,-0.0745134482313958,-0.0848568065406322,0.0851632100159284,-0.0238092399285844,-0.0402455415808044,-0.0733406244805321,-0.012414997667904
"SRR30606533",0.0885328112716016,-0.0285956722602043,-0.0355358710890404,-0.0175167432478297,-0.000776359887172776,-0.01501851630408,0.0429264192930388,-0.0791004331901867,-0.0497723046530849,-0.0985427002975225,-0.101065806940569,0.0765772000088636,-0.0425130878803756,-0.0375206823373379,0.032273260543167,0.0580456307299033,-0.0199371123027219,-0.0308946654459331,-0.0788687222182215,-0.0844187259989564,-0.0173883560155235,0.0234998987304899,-0.043516080119219,-0.0613924808887736,-0.0624278304130256,0.0447981469874333,-0.0151292955206345,-0.00784741536148297,-0.0167513186378364,-0.0166957578606138,-0.0275109372800263,-0.0203017173167691,-0.0546857708095237,-0.00859713354852856,-0.0470015015318235,-0.026503830832461,-0.0102887058500325,-0.0225094416722122,-0.0742544720601306,-0.0804508965358477,0.0724517615035106,-0.0221112381116047,-0.0363915900537464,-0.0706326353078073,0.0024642697896299
"SRR18568313",-0.019417025165644,0.0294793469807629,-0.00206846066431712,0.00527352629402086,-0.0260174862760677,0.000423123407380359,0.049850233988693,0.0991698764542846,-0.0368600717323877,0.0114410415167873,0.0394677668675929,-0.121050389715233,0.0615135969823488,0.00240267116810911,-0.000511234785713948,-0.065588400539154,0.00112095375870259,-0.0386276408429319,-0.0107018009149091,0.0730778276520085,0.117074050077485,-0.0316775720719767,-0.0279561200863001,0.0954146563175608,-0.0308833576720619,-0.0139128123054478,0.00182709036784001,0.0450865064786866,-0.030340267982837,0.0146231465234121,0.0788726468165137,-0.00758846056069407,0.0364461060088932,0.00196362027616422,0.0540290158814159,0.0625811731587415,-0.05212020835671,0.111252276695425,-0.0489288407912265,0.0304192312574323,0.0107342019023773,0.063063599227001,0.0711092601263827,0.029296303355474,-0.117233488967873
"SRR18568314",-0.01043210511639,0.0334363112595592,-0.00471341110346498,0.00732950084348367,-0.025885639828841,-0.00346533070929032,0.0508017842664993,0.0929921405969549,-0.0418231036945832,0.00242193439360093,0.0337177316659016,-0.133352676229055,0.0571864999021584,0.00502786967156739,-0.00242932769355519,-0.0879402457971422,-0.00213648705184763,-0.0412688954047701,-0.0191504277213357,0.0681439119354964,0.0539384102810848,-0.0337244939193938,-0.0299034757797362,0.0945339271643873,-0.0379816258973641,-0.00778429438922893,-0.00503798296419235,0.0456231751616296,-0.0306261865137103,0.017512792476445,0.0888385488411251,-0.0127192810577127,0.0474773572565603,0.0062319463494365,0.0498372974379667,0.0793413018277921,-0.0535457593058909,0.117320295008897,-0.054207303152769,0.0226177357927053,0.0191770907857346,0.049954275397631,0.0616331262627874,0.0206985727377275,-0.11122415393357
"SRR18568315",-0.011172949465696,0.0452825812501279,-0.000207360367437989,-0.00283919688437759,-0.0223480579264071,-0.00669322941774034,0.0589996023216517,0.0590663405486081,-0.0621628197568609,-0.021154844750477,0.0421734485321571,-0.115159188435177,0.0608317282682076,-0.0058925890675054,-0.0107652491523529,-0.0764498684299869,-0.00416863815316278,-0.0454096268301456,-0.0510490910052586,0.0628139416239119,0.122893904448396,-0.0312227073945852,-0.0444109441891658,0.0966767820494942,-0.0517509352335701,-0.0131870099594694,-0.00791172579778194,0.0584293694127322,-0.0100595589461259,0.0083248269239291,0.0883563535476757,-0.0132927401568697,0.0320352693930421,0.00737169350898344,0.0535002908472988,0.0691553481191308,-0.0333874146731582,0.11034215309415,-0.0749008554394336,-0.0105822467896117,0.0250951261552068,0.0441245481544249,0.0726546823714703,0.0150836101295083,-0.0914718639514692
"SRR18568316",-0.0399940219825402,0.0854188952267045,0.0162643798821924,0.00106023564779956,-0.00974062110571187,0.00324960031319946,0.118359944872796,0.0815926669672344,-0.0903189630809042,-0.0474880300490859,0.0636763791506281,-0.0890496629552146,0.074878779132565,-0.00659847612561541,0.00926955762601692,-0.0210361172135527,-0.00234782273605595,-0.0464254964561172,-0.0350970188101008,0.0762022994385512,0.261918051623575,0.0329589533929171,-0.0670018281642778,0.118600374230243,-0.0568733724171227,0.010147460122684,-0.00571459443386771,0.0542535512967108,0.0511262406208892,-0.00701968921121598,0.149125284463636,-0.00406603640276212,-0.0696099518008561,0.00715500516016918,0.0527731499488913,0.0754863620349932,0.0131722081629388,0.180247045139322,-0.100298314682476,-0.0222133230344957,0.0240080883851102,0.13786372285185,0.0592578167847181,0.0258927831996859,0.00544527868988613
"SRR18568317",-0.0374425285582143,0.0845733972086152,0.0133506971083337,-0.00178201461897054,-0.0149373321822143,-0.00227569012223934,0.12463964264616,0.0744569601483997,-0.0943330235976583,-0.0570904974832543,0.0618674229118975,-0.0978472616576054,0.0701122610666261,0.00173010432614497,0.0106549798478766,-0.00661023320496566,0.00556032738410906,-0.0434018662526058,-0.0433611407192617,0.0719544053941972,0.184114916420466,0.0509941344959358,-0.0738100837514243,0.116985858353806,-0.0584589656370977,0.0121960095501493,-0.00715109559428345,0.0532992598929556,0.0516561742991893,-0.00491939459565653,0.143572406840863,-0.00764329858651317,-0.0841988773060462,0.00524211186757657,0.0481773860913877,0.0807886857244019,0.00687063581735906,0.22436912161547,-0.104320189762555,-0.0285471550226856,0.0276842180591502,0.244768920692605,0.0543475306093282,0.0207616503449775,0.0102856782055912
"SRR18568318",-0.0332883315514353,0.0803807849043845,0.00726347740858748,-0.00682547667775575,-0.0206259426025168,-0.00610511451299523,0.135265953080531,0.0400221550346229,-0.109953180648588,-0.0810802055046451,0.0559712652867055,-0.117466364659481,0.0528114279511486,0.0193244609333035,-0.00473019063728219,0.0269725292754853,-0.0060211756076678,-0.0401652458345175,-0.0684257892956483,0.0637291221396656,-0.0105064890698992,0.091464626274809,-0.0904306119464599,0.107959888284643,-0.0603179708993805,0.0156164055029411,-0.0131415336465976,0.0533922167656024,0.0556585782600172,0.00243500286505446,0.135015812278417,-0.016377262293456,-0.119530553420487,0.00741106345008467,0.0375418175535086,0.0903098452925592,-0.0100920242873035,0.283450569701769,-0.119741575672741,-0.0471454114898641,0.0385030493520894,0.348238256548329,0.0396603458452033,0.0129648621257244,0.0260699931567296
"SRR18568319",-0.0426267230001274,0.132264873312901,0.0300464506590671,-0.000713074992101468,-0.00927057889705604,0.000486818912131933,0.148550142281398,0.0702236997290629,-0.114452277650146,-0.0900811813125877,0.0376771573561799,-0.111416498188268,0.073181931108392,0.0419464237209147,0.00360617064427504,0.0172781792441633,0.00828471497915558,-0.0381595382897766,-0.0199486669601704,0.0749299057660608,0.0368812918323593,0.109869954580599,-0.0980608310855051,0.125635283973371,-0.0679205936137284,0.0553684408733526,-0.00280013555483873,0.0210286130935911,0.090230783654482,-0.0141192814941259,0.209785355332057,-0.00909610693037793,-0.0539440283263314,0.00781126861354331,-0.00158493103546338,0.0905260442630749,0.0221633733295698,0.282505553727079,-0.120533946995935,-0.0510912790031394,0.0232039953548144,0.176704770126705,-0.00589877946862844,0.00378126235691033,0.0978666031016163
"SRR18568320",-0.044596213384397,0.12390495867248,0.0276128593569541,-0.00220843630323907,-0.0143541183656792,-0.00134034210160279,0.14473679392836,0.0837659963111712,-0.111551816886812,-0.0742459629284773,0.0443306439287684,-0.105658714301477,0.0787496375759103,0.00126965704214914,0.0112246004504317,0.00298610141414671,0.00594177131887527,-0.0388913774378379,-0.0125313025483598,0.0759817382220676,0.0351690167047575,0.0739083922277361,-0.0885079619710387,0.126188331297449,-0.0630891931057958,0.0385575838211292,-0.0104874104288765,0.031096766573185,0.0811865788686213,-0.0160123016096069,0.20798079932553,-0.00911896129599157,-0.0747361952994978,0.00822513953954655,0.0172287823818676,0.0857407227934053,0.0283712106265055,0.23634505740143,-0.114483449536843,-0.0424495931702909,0.0218096796091468,0.128646498860186,0.0084861747081401,0.0178999633188242,0.0704323452221381
"SRR18568321",-0.0415542864470525,0.129398866895437,0.0283388611444134,0.00036240483101183,-0.00995009952856872,0.00407089538244172,0.154767618731574,0.0416096126960855,-0.119544195600685,-0.103607067418393,0.0396832631779553,-0.12758029556573,0.0620484848263408,0.034593089249598,0.00886605482019839,-0.0110462593424716,0.0158440492733502,-0.0382229878921895,-0.0285792550680392,0.0639800481203667,0.0136120110738915,0.0886789840506782,-0.103232736718438,0.121032940131843,-0.0734517242279747,0.0519632815524897,-0.00995379037077704,0.0254057982466397,0.100588153746755,-0.00743254308537276,0.189541235912663,-0.00173626170188598,0.00539839754387947,0.00954298626635327,-0.00297452604077763,0.0957777458144361,0.0417755082025955,0.300356611776426,-0.133270549613662,-0.0612769489588997,0.0266658533696814,0.324910938363569,-0.00808801327739201,-0.000381458529104759,0.103703779687482
"SRR18568322",-0.0485756590855605,0.0313272390962542,0.00271342425249812,0.0224923730963443,-0.014402376218823,0.00153221212070338,0.0430969095237905,0.177933064829757,0.0109363385095732,0.0883400722546884,0.0245637583497997,-0.0754041089395765,0.0537109804291493,-0.0464379753168521,0.020745164403061,-0.083957399083341,-0.00622242117785029,-0.010268563737922,0.115290642760831,0.0924793662030365,0.0714546933220835,-0.054849964528848,0.0157248290042251,0.0927223967808392,0.0223729543290004,-0.0100337007620582,0.00278976443106627,-0.00281225397262481,-0.0274164820606725,-0.00995975687379004,0.101026170592338,-0.00159843504077928,0.0841960242478155,-0.00930900489028819,0.0662181952678181,0.0636920664243659,-0.0473465197413399,0.115623155890201,0.0120667572862844,0.121461255074501,-0.0354704779231071,0.019126239559722,0.0670474705460513,0.0654408601397769,-0.0654079198362833
"SRR18568323",-0.0365010623004655,0.0325859790325081,0.000441965515590675,0.0171603250533866,-0.0145590420771298,-0.00311892756755873,0.0511593143325146,0.151704276631732,-0.00248370586607291,0.0550684324149632,0.0203332330220597,-0.0690746409098055,0.0533669726450682,-0.0365333333610101,0.0107795848204765,-0.072127407301694,-0.014631363141818,-0.0213130490788397,0.0866988763070184,0.0815603631305678,0.0453346376876713,-0.0411473042680117,0.00411717413262523,0.0907778690506735,0.0021557296173447,-0.00650248421974772,0.0031733000419567,0.0085223088087537,-0.0127416820742197,-0.00926023750821991,0.0913949814387707,-0.00512863358640313,0.0697485746255467,-0.0017886587313863,0.0573542388968975,0.0637984375529345,-0.0380027290133939,0.0953249633392984,-0.00895290321775561,0.0910511211844073,-0.0155647051355039,0.0133593315558125,0.0614742785627437,0.0510874514664615,-0.053849867348528
"SRR18568324",-0.0408874585900826,0.0457875760025442,0.00952716843613936,0.0186067310802457,-0.0177658228167578,-0.00545419690948828,0.0509875591351163,0.157825105919484,-0.010183041795787,0.0532276158346813,0.0330562062519933,-0.0744878640164643,0.0641574247424961,-0.012790666502589,0.0203681649002494,-0.0548054271954342,-0.0107246501038184,-0.0288558486926751,0.0525946917351382,0.0858675780527141,0.0535886754447515,-0.0124428421417921,0.00421995556733568,0.0950155131874812,-0.00623112851825664,-0.0070139200703799,-0.00391121428301294,0.0103518260710189,-0.00664166505316271,-0.000277778571019207,0.118092864872578,-0.00924937322843601,0.0235418206144979,-0.00989847143450408,0.0576940771913796,0.050402455939815,-0.0519882949048192,0.128110247246468,-0.0139737304930363,0.094495447836394,-0.0209198409860749,0.0125694597161181,0.0594082303938024,0.0509719058532679,-0.0324429672858334
"SRR18568325",-0.0495688184069919,0.0416543556702616,0.00925717458218674,0.0075231973741442,-0.020203588518855,-0.00644394708130128,0.0823363012666313,0.155677235453604,-0.0239793088675601,0.0546484305893623,0.0450519500683157,-0.0878685613048412,0.0544010586008401,-0.0234237039143279,0.0240313092138944,-0.0268652605322392,-0.00731606020212294,-0.0121029881779024,0.0610501796296787,0.0864812495229402,0.0213380750316093,0.00913168651057886,-0.024800141572436,0.103899082581741,0.0173219269040828,-0.00322653171010917,0.00489518415972408,0.0154474971177361,0.00659668325740918,-0.00374024923334647,0.0982110523270223,-0.0125324956059521,-0.0401468194529211,0.0033972028320248,0.0516481277552947,0.077799964667878,-0.0234350939241954,0.18649858577134,-0.0183261615501686,0.0999498574480373,-0.0168635974613966,0.105870466109843,0.0589434105512558,0.0471869171773435,-0.00549054543088366
"SRR18568326",-0.0520171655226615,0.0455924510826472,0.0134857903128943,0.00582372219758604,-0.0213487108293956,-0.00784934536640389,0.0834781157575921,0.151067314409096,-0.0233348599368449,0.0553473320364395,0.0448890043896025,-0.0840813171116809,0.0573156095664382,-0.0181331415697747,0.0197747518109787,-0.0333729960238694,-0.00429717397117238,-0.0118376803159331,0.0629277312350058,0.0888898042217979,0.0387792141068754,0.00865875480396391,-0.0253448223118427,0.101561815490094,0.0150710210534948,-0.00493064674814887,0.00372075962809073,0.0132861271616954,0.0126958881814551,-0.00347726489582163,0.0979125523461893,-0.0146921345835741,-0.0222119778215756,-2.3508246410014e-05,0.0450844179189103,0.0734237033299913,-0.0234254574732975,0.176765527652844,-0.0160153022302225,0.099713971911757,-0.019688768326692,0.0274443634371085,0.0524492249630442,0.046679506362784,-0.00113229799293849
"SRR18568327",-0.0471618921166189,0.0404826578910149,0.00320331501601876,0.00614243832485258,-0.0157799922176485,-0.0100885431608597,0.0859564135275818,0.169582934064128,-0.0354536518658946,0.0517268822732519,0.0481144686969629,-0.0945607015527579,0.0449686221376764,-0.0403974048117865,0.0263466090050375,-0.057790926191328,-0.00258036968938429,-0.00658553484998135,0.0525443566533685,0.0860043226714167,0.0107485272938724,-0.00294002909906266,-0.0315931226922951,0.106879800636712,0.0202511220565807,0.000386830948815266,-0.0010694788230707,0.0228670549145003,-0.00450990299142725,-0.0104322994580569,0.121893041199119,-0.0121922007828548,-0.0712561248670442,-8.54454468243744e-05,0.0651476091054384,0.0957128619555958,-0.0210131123211637,0.229817988300409,-0.0288190831935873,0.103063286957629,-0.00889615788089113,0.188577476146202,0.0603832826985927,0.0503100552058996,-0.0314710688216112
"SRR18568328",-0.0473150971873257,0.119062755134745,0.029433897576218,-0.00268007837271432,-0.00561429010575621,0.00336196340532194,0.149935458432827,0.0629122288905265,-0.102750868239102,-0.076029879472123,0.0399834437635572,-0.106855138430403,0.062493988802138,0.0550683963311848,0.0255980357605458,0.0336911453699421,0.0206131792250447,-0.0384205126775645,-0.0293835941712101,0.0742885009215212,0.244356453130421,0.127935444233907,-0.0981612509234421,0.11565548438892,-0.0615002741763122,0.0410942397332986,0.00355619277939494,0.0265184438936356,0.0887897036398591,-0.00533035320160572,0.183692473137383,0.000439735592784594,-0.0774193788251327,-0.00679010986089053,0.000897946262128299,0.0748549951916931,0.00360724422044786,0.322987786370333,-0.109600154144966,-0.0158168190208321,0.0216846467172922,0.236125999231512,-0.00780817254989529,0.00645881767606888,0.113736379644822
"SRR18568329",-0.0486525483245178,0.102865804284674,0.028988615140189,0.0217422768761036,0.011845220462301,0.0209013160806955,0.156337280738055,0.0821117362674421,-0.0832299120723641,-0.0490326989080765,0.0427880835125127,-0.103409908411493,0.0667796113915793,0.00104724651913734,0.0756510641127827,0.0326774204626626,0.0372664716721546,-0.0313353679054448,-0.025502455381068,0.0715948489391274,0.579681890119071,0.0953442608224081,-0.0801391762799162,0.118203482747616,-0.0397950203954209,0.0162992148632446,0.0201966468650228,0.0306769624697438,0.0762521221810709,0.0143572884041836,0.164260405765389,0.0230116640066707,-0.113819524596686,0.0223248371448803,0.0250720944164334,0.0671083515102843,0.00856589801966864,0.342695464594316,-0.0921852937294735,0.00792071092543479,0.0160953588284888,0.253382668476259,0.0144535424630968,0.0257449535836087,0.0781843589969461
"SRR18568330",-0.0489238322418883,0.113337791511084,0.0295457516293084,0.0111896936246352,0.00616107679003927,0.0150130348747265,0.151850570853978,0.0697944025545524,-0.0942078374001351,-0.066307428272791,0.0413170281416378,-0.10707072951936,0.0642955380243744,0.033637510887756,0.0522115211219588,0.036537506936154,0.0257123191195082,-0.0337147662881519,-0.0261074394062641,0.0740154733187258,0.500041905059244,0.120878335331094,-0.0897292666238661,0.117518281678446,-0.0530927823744213,0.031935554311572,0.0177434129230515,0.0278032085935212,0.0834378944065354,0.00492098398796954,0.178713434740151,0.0178502818745919,-0.0839465290014923,0.00678505045136198,0.0101277450442514,0.0755179355699371,0.00734359761420115,0.329959161308224,-0.102002415738643,-0.0055871368171097,0.0194325238945029,0.250202995156291,0.00287937603513762,0.0132850534994998,0.0996399309961146
"SRR24107301",-0.0497983061179534,0.0955053872688193,0.084035623541874,0.0103906042349564,-0.0230528432361816,-0.00782949409940838,-0.0658402873980593,0.0661780887586379,-0.0707466937678949,-0.00852869997355877,0.0188980213007665,-0.0558673916603534,0.0947184721417675,0.0744032750128375,-0.0307052100532124,0.0521780934885702,-0.00147845739266613,0.0364643669967298,-0.0217338081155673,0.0650394363543259,-0.0129275340846809,0.0674799880856298,-0.0746222434931613,0.0691792559758017,0.0365995162601149,0.0507688259419605,-0.00218018187130986,-0.0674610627785648,0.0238287030975291,-0.00145311800513518,0.0642877881897412,-0.00811820215221768,0.0572256329129118,0.00021392581311801,-0.0126564581654066,0.0151823072715067,0.0566113253754831,-0.000889934033164204,-0.0385497475786496,-0.0255224954360591,-0.0924497208573885,0.0550909744307902,-0.0227612531917869,0.0127823991459478,0.0270158857385758
"SRR24107302",-0.0513100172224889,0.0973145580976729,0.0851158262225319,0.0136860409038834,-0.0229187600547786,-0.00478025398512942,-0.0656270633717987,0.0692677364022994,-0.0699751516069211,-0.00683584233763211,0.020434012096734,-0.0559972062699568,0.0942272965495133,0.073977158625042,-0.0272637803212569,0.0391447099220535,-0.00509189373601132,0.0406599117818304,-0.0186153133270458,0.066193265453051,-0.0158216571536783,0.0618950674162244,-0.0733858301686896,0.0702668586862166,0.0356282396123186,0.0499997851882004,-0.00488541617645076,-0.0690957268522858,0.0249674926218357,-0.00029389215073146,0.0676589163685261,-0.00677407444584403,0.063222250802862,0.00909014648567272,-0.0120971712667211,0.0187344630505819,0.0577382011570306,-0.00230713617420114,-0.0374388123714979,-0.0244047813467281,-0.0925780367372282,0.0512510499927752,-0.0230711703008097,0.0140574443775999,0.0239189105170744
"SRR24107303",-0.0598668800600613,0.101665937137797,0.0893365067371392,0.00192773214921702,-0.0254029199859209,-0.0078029778692657,-0.0617045267704416,0.0624532938120083,-0.0689346930016762,-0.00204410091595588,0.0205400234886702,-0.0436503476329422,0.0965130419939136,0.0975837275363644,-0.0533048813674767,0.0698402551440315,-0.0041866280068027,0.0581592484971489,-0.0110475209170155,0.0740395408924802,-0.0203212456622644,0.0924172267670158,-0.0776561718017016,0.0765596754739285,0.0562239935746015,0.0567177191970459,-0.00971690093998391,-0.0715738405464779,0.030449654529179,-0.00152048242036583,0.0725913429692444,-0.0101069139135049,0.0129073220263019,-0.0036246622350256,-0.0255848091046546,0.0103978627968492,0.0432116846074971,0.00387429676309628,-0.0197802115644692,-0.0215760946407141,-0.0978675337616342,0.0453594731902945,-0.023154716659633,0.0142052810595953,0.0389189212734306
"SRR24107304",-0.0587577565554154,0.102199720657901,0.0908649246980361,0.017243170741494,-0.0226218910146375,-0.00117818244289642,-0.0584763470316751,0.0660340239966766,-0.0607181984821706,0.00472065101922255,0.0203610391562692,-0.0389596923003993,0.0971764232369534,0.0906002105189656,-0.0335313786723039,0.0692914370604872,-0.0082918980385225,0.0609792957521968,-0.0154367571131753,0.0721646449138818,-0.0157093762444585,0.0849659599520814,-0.073257628805113,0.0705863856049774,0.0592394521790322,0.054362032237923,0.00378820380859741,-0.0769573232543458,0.0278268282892153,0.000579753727380086,0.0756012806333949,-0.00725859182656997,0.0419847455739233,0.0107659423550088,-0.0259731579500484,0.0141048431348094,0.0468456999989175,-0.00602131276298718,-0.0131651297244901,-0.0187061499963503,-0.0989620769701625,0.0501970075569981,-0.028091216481615,0.0148331225360366,0.0347645003844499
"SRR24107305",-0.0597750035429115,0.116570964558856,0.092890180318076,0.027039048369495,-0.0204856635654998,-0.00250401600112881,-0.0529300778274623,0.0544620390235064,-0.0651108267697023,-0.0134717126803099,0.0206016455585963,-0.0248129812345747,0.108552302689296,0.0806856093657252,-0.00897025788202531,0.0643220423270359,-0.00161887041589836,0.0486839820424051,-0.0110726016842335,0.0779549575921536,-0.0104026634028423,0.0792000740756224,-0.076622401741533,0.0800357424435555,0.0450454198269829,0.0361193192079172,-0.00990725487414498,-0.0529943394566381,0.0662035637108604,0.0117274134543468,0.0943676250543402,-0.00875632772610123,0.0340276882342827,0.0116171777162816,-0.0141045421955274,0.00495479841885538,0.0745235166045876,-0.00487309321772247,-0.0154498263678357,-0.043820622275627,-0.0865248690297838,-0.00122255788002453,-0.0206881110971073,0.0212225321215275,0.069242029560927
"SRR24107306",-0.0601774856376942,0.114694825754296,0.0928813870591823,0.0295627012148356,-0.0197978754125454,-0.00395831988944928,-0.0546239558245016,0.054313940089569,-0.0635702248713954,-0.0124720267483427,0.0222920102568089,-0.0252466740284613,0.107793006869393,0.080092197845902,-0.0190112932393733,0.0677090821242356,-0.0030781965101641,0.0507161503349184,-0.0100396634148212,0.0764934922459438,-0.0140285933770698,0.0787406875808051,-0.074450132112457,0.07873302654473,0.0453656288983838,0.0366204790834879,-0.00949025599805814,-0.0532582486702095,0.066164906845039,0.0120387479295291,0.0898481413682468,-0.00782124844360784,0.0254882368775789,0.00779833254139724,-0.0140462263715906,-0.001332438560841,0.0720465922517915,-0.00377202259798866,-0.0156715353290025,-0.0444430534970075,-0.0867318275892811,-0.00207034409607617,-0.0196201493585788,0.0211587203205621,0.0697909913637405
